[2026-05-18T10:50:33Z] reverse-watchdog started for 5C161JEA304304
[2026-05-18T11:54:19Z] 5C161JEA304304  missing tcp:8080 — re-applying
adb: device '5C161JEA304304' not found
[2026-05-18T11:54:19Z] 5C161JEA304304  re-apply tcp:8080 FAILED
[2026-05-18T11:54:20Z] 5C161JEA304304  missing tcp:8081 — re-applying
adb: device '5C161JEA304304' not found
[2026-05-18T11:54:20Z] 5C161JEA304304  re-apply tcp:8081 FAILED
[2026-05-18T11:54:20Z] 5C161JEA304304  missing tcp:4566 — re-applying
adb: device '5C161JEA304304' not found
[2026-05-18T11:54:20Z] 5C161JEA304304  re-apply tcp:4566 FAILED
[2026-05-18T12:08:24Z] 5C161JEA304304  missing tcp:8080 — re-applying
adb: device '5C161JEA304304' not found
[2026-05-18T12:08:24Z] 5C161JEA304304  re-apply tcp:8080 FAILED
[2026-05-18T12:08:24Z] 5C161JEA304304  missing tcp:8081 — re-applying
adb: device '5C161JEA304304' not found
[2026-05-18T12:08:24Z] 5C161JEA304304  re-apply tcp:8081 FAILED
[2026-05-18T12:08:24Z] 5C161JEA304304  missing tcp:4566 — re-applying
adb: device '5C161JEA304304' not found
[2026-05-18T12:08:24Z] 5C161JEA304304  re-apply tcp:4566 FAILED
[2026-05-18T12:13:26Z] 5C161JEA304304  missing tcp:8080 — re-applying
adb: device '5C161JEA304304' not found
[2026-05-18T12:13:26Z] 5C161JEA304304  re-apply tcp:8080 FAILED
[2026-05-18T12:13:26Z] 5C161JEA304304  missing tcp:8081 — re-applying
adb: device '5C161JEA304304' not found
[2026-05-18T12:13:26Z] 5C161JEA304304  re-apply tcp:8081 FAILED
[2026-05-18T12:13:26Z] 5C161JEA304304  missing tcp:4566 — re-applying
adb: device '5C161JEA304304' not found
[2026-05-18T12:13:26Z] 5C161JEA304304  re-apply tcp:4566 FAILED
[2026-05-18T12:13:41Z] 5C161JEA304304  missing tcp:8080 — re-applying
adb: device '5C161JEA304304' not found
[2026-05-18T12:13:41Z] 5C161JEA304304  re-apply tcp:8080 FAILED
[2026-05-18T12:13:42Z] 5C161JEA304304  missing tcp:8081 — re-applying
adb: device '5C161JEA304304' not found
[2026-05-18T12:13:42Z] 5C161JEA304304  re-apply tcp:8081 FAILED
[2026-05-18T12:13:42Z] 5C161JEA304304  missing tcp:4566 — re-applying
adb: device '5C161JEA304304' not found
[2026-05-18T12:13:42Z] 5C161JEA304304  re-apply tcp:4566 FAILED
[2026-05-18T12:49:05Z] 5C161JEA304304  missing tcp:8080 — re-applying
adb: device '5C161JEA304304' not found
[2026-05-18T12:49:05Z] 5C161JEA304304  re-apply tcp:8080 FAILED
[2026-05-18T12:49:05Z] 5C161JEA304304  missing tcp:8081 — re-applying
adb: device '5C161JEA304304' not found
[2026-05-18T12:49:05Z] 5C161JEA304304  re-apply tcp:8081 FAILED
[2026-05-18T12:49:05Z] 5C161JEA304304  missing tcp:4566 — re-applying
adb: device '5C161JEA304304' not found
[2026-05-18T12:49:05Z] 5C161JEA304304  re-apply tcp:4566 FAILED
[2026-05-18T13:38:04Z] 5C161JEA304304  missing tcp:8080 — re-applying
adb: device '5C161JEA304304' not found
[2026-05-18T13:38:04Z] 5C161JEA304304  re-apply tcp:8080 FAILED
[2026-05-18T13:38:05Z] 5C161JEA304304  missing tcp:8081 — re-applying
adb: device '5C161JEA304304' not found
[2026-05-18T13:38:05Z] 5C161JEA304304  re-apply tcp:8081 FAILED
[2026-05-18T13:38:05Z] 5C161JEA304304  missing tcp:4566 — re-applying
adb: device '5C161JEA304304' not found
[2026-05-18T13:38:05Z] 5C161JEA304304  re-apply tcp:4566 FAILED
[2026-05-18T14:26:42Z] 5C161JEA304304  missing tcp:8080 — re-applying
adb: device '5C161JEA304304' not found
[2026-05-18T14:26:42Z] 5C161JEA304304  re-apply tcp:8080 FAILED
[2026-05-18T14:26:42Z] 5C161JEA304304  missing tcp:8081 — re-applying
adb: device '5C161JEA304304' not found
[2026-05-18T14:26:42Z] 5C161JEA304304  re-apply tcp:8081 FAILED
[2026-05-18T14:26:42Z] 5C161JEA304304  missing tcp:4566 — re-applying
adb: device '5C161JEA304304' not found
[2026-05-18T14:26:42Z] 5C161JEA304304  re-apply tcp:4566 FAILED
[2026-05-18T14:39:37Z] 5C161JEA304304  missing tcp:8080 — re-applying
adb: device '5C161JEA304304' not found
[2026-05-18T14:39:37Z] 5C161JEA304304  re-apply tcp:8080 FAILED
[2026-05-18T14:39:37Z] 5C161JEA304304  missing tcp:8081 — re-applying
adb: device '5C161JEA304304' not found
[2026-05-18T14:39:37Z] 5C161JEA304304  re-apply tcp:8081 FAILED
[2026-05-18T14:39:37Z] 5C161JEA304304  missing tcp:4566 — re-applying
adb: device '5C161JEA304304' not found
[2026-05-18T14:39:37Z] 5C161JEA304304  re-apply tcp:4566 FAILED
[2026-05-18T14:55:12Z] 5C161JEA304304  missing tcp:8080 — re-applying
adb: device '5C161JEA304304' not found
[2026-05-18T14:55:12Z] 5C161JEA304304  re-apply tcp:8080 FAILED
[2026-05-18T14:55:12Z] 5C161JEA304304  missing tcp:8081 — re-applying
adb: device '5C161JEA304304' not found
[2026-05-18T14:55:12Z] 5C161JEA304304  re-apply tcp:8081 FAILED
[2026-05-18T14:55:12Z] 5C161JEA304304  missing tcp:4566 — re-applying
adb: device '5C161JEA304304' not found
[2026-05-18T14:55:12Z] 5C161JEA304304  re-apply tcp:4566 FAILED
[2026-05-18T15:19:50Z] 5C161JEA304304  missing tcp:8080 — re-applying
adb: device '5C161JEA304304' not found
[2026-05-18T15:19:50Z] 5C161JEA304304  re-apply tcp:8080 FAILED
[2026-05-18T15:19:50Z] 5C161JEA304304  missing tcp:8081 — re-applying
adb: device '5C161JEA304304' not found
[2026-05-18T15:19:50Z] 5C161JEA304304  re-apply tcp:8081 FAILED
[2026-05-18T15:19:50Z] 5C161JEA304304  missing tcp:4566 — re-applying
adb: device '5C161JEA304304' not found
[2026-05-18T15:19:50Z] 5C161JEA304304  re-apply tcp:4566 FAILED
[2026-05-18T15:51:19Z] 5C161JEA304304  missing tcp:8080 — re-applying
adb: device '5C161JEA304304' not found
[2026-05-18T15:51:19Z] 5C161JEA304304  re-apply tcp:8080 FAILED
[2026-05-18T15:51:19Z] 5C161JEA304304  missing tcp:8081 — re-applying
adb: device '5C161JEA304304' not found
[2026-05-18T15:51:19Z] 5C161JEA304304  re-apply tcp:8081 FAILED
[2026-05-18T15:51:19Z] 5C161JEA304304  missing tcp:4566 — re-applying
adb: device '5C161JEA304304' not found
[2026-05-18T15:51:19Z] 5C161JEA304304  re-apply tcp:4566 FAILED
[2026-05-18T15:56:30Z] 5C161JEA304304  missing tcp:8080 — re-applying
adb: device '5C161JEA304304' not found
[2026-05-18T15:56:30Z] 5C161JEA304304  re-apply tcp:8080 FAILED
[2026-05-18T15:56:31Z] 5C161JEA304304  missing tcp:8081 — re-applying
adb: device '5C161JEA304304' not found
[2026-05-18T15:56:31Z] 5C161JEA304304  re-apply tcp:8081 FAILED
[2026-05-18T15:56:31Z] 5C161JEA304304  missing tcp:4566 — re-applying
adb: device '5C161JEA304304' not found
[2026-05-18T15:56:31Z] 5C161JEA304304  re-apply tcp:4566 FAILED
[2026-05-18T16:23:43Z] 5C161JEA304304  missing tcp:8080 — re-applying
adb: device '5C161JEA304304' not found
[2026-05-18T16:23:43Z] 5C161JEA304304  re-apply tcp:8080 FAILED
[2026-05-18T16:23:43Z] 5C161JEA304304  missing tcp:8081 — re-applying
adb: device '5C161JEA304304' not found
[2026-05-18T16:23:43Z] 5C161JEA304304  re-apply tcp:8081 FAILED
[2026-05-18T16:23:43Z] 5C161JEA304304  missing tcp:4566 — re-applying
adb: device '5C161JEA304304' not found
[2026-05-18T16:23:43Z] 5C161JEA304304  re-apply tcp:4566 FAILED
[2026-05-18T16:40:22Z] 5C161JEA304304  missing tcp:8080 — re-applying
adb: device '5C161JEA304304' not found
[2026-05-18T16:40:22Z] 5C161JEA304304  re-apply tcp:8080 FAILED
[2026-05-18T16:40:22Z] 5C161JEA304304  missing tcp:8081 — re-applying
adb: device '5C161JEA304304' not found
[2026-05-18T16:40:22Z] 5C161JEA304304  re-apply tcp:8081 FAILED
[2026-05-18T16:40:22Z] 5C161JEA304304  missing tcp:4566 — re-applying
adb: device '5C161JEA304304' not found
[2026-05-18T16:40:22Z] 5C161JEA304304  re-apply tcp:4566 FAILED
[2026-05-18T16:50:23Z] 5C161JEA304304  missing tcp:8080 — re-applying
adb: device '5C161JEA304304' not found
[2026-05-18T16:50:23Z] 5C161JEA304304  re-apply tcp:8080 FAILED
[2026-05-18T16:50:23Z] 5C161JEA304304  missing tcp:8081 — re-applying
adb: device '5C161JEA304304' not found
[2026-05-18T16:50:23Z] 5C161JEA304304  re-apply tcp:8081 FAILED
[2026-05-18T16:50:23Z] 5C161JEA304304  missing tcp:4566 — re-applying
adb: device '5C161JEA304304' not found
[2026-05-18T16:50:23Z] 5C161JEA304304  re-apply tcp:4566 FAILED
[2026-05-18T17:00:22Z] 5C161JEA304304  missing tcp:8080 — re-applying
adb: device '5C161JEA304304' not found
[2026-05-18T17:00:22Z] 5C161JEA304304  re-apply tcp:8080 FAILED
[2026-05-18T17:00:22Z] 5C161JEA304304  missing tcp:8081 — re-applying
adb: device '5C161JEA304304' not found
[2026-05-18T17:00:22Z] 5C161JEA304304  re-apply tcp:8081 FAILED
[2026-05-18T17:00:22Z] 5C161JEA304304  missing tcp:4566 — re-applying
adb: device '5C161JEA304304' not found
[2026-05-18T17:00:22Z] 5C161JEA304304  re-apply tcp:4566 FAILED
[2026-05-18T17:41:23Z] 5C161JEA304304  missing tcp:8080 — re-applying
adb: device '5C161JEA304304' not found
[2026-05-18T17:41:23Z] 5C161JEA304304  re-apply tcp:8080 FAILED
[2026-05-18T17:41:23Z] 5C161JEA304304  missing tcp:8081 — re-applying
adb: device '5C161JEA304304' not found
[2026-05-18T17:41:23Z] 5C161JEA304304  re-apply tcp:8081 FAILED
[2026-05-18T17:41:23Z] 5C161JEA304304  missing tcp:4566 — re-applying
adb: device '5C161JEA304304' not found
[2026-05-18T17:41:23Z] 5C161JEA304304  re-apply tcp:4566 FAILED
[2026-05-18T18:13:30Z] 5C161JEA304304  missing tcp:8080 — re-applying
adb: device '5C161JEA304304' not found
[2026-05-18T18:13:30Z] 5C161JEA304304  re-apply tcp:8080 FAILED
[2026-05-18T18:13:30Z] 5C161JEA304304  missing tcp:8081 — re-applying
adb: device '5C161JEA304304' not found
[2026-05-18T18:13:30Z] 5C161JEA304304  re-apply tcp:8081 FAILED
[2026-05-18T18:13:30Z] 5C161JEA304304  missing tcp:4566 — re-applying
adb: device '5C161JEA304304' not found
[2026-05-18T18:13:30Z] 5C161JEA304304  re-apply tcp:4566 FAILED
[2026-05-18T18:30:47Z] 5C161JEA304304  missing tcp:8080 — re-applying
adb: device '5C161JEA304304' not found
[2026-05-18T18:30:47Z] 5C161JEA304304  re-apply tcp:8080 FAILED
[2026-05-18T18:30:48Z] 5C161JEA304304  missing tcp:8081 — re-applying
adb: device '5C161JEA304304' not found
[2026-05-18T18:30:48Z] 5C161JEA304304  re-apply tcp:8081 FAILED
[2026-05-18T18:30:48Z] 5C161JEA304304  missing tcp:4566 — re-applying
adb: device '5C161JEA304304' not found
[2026-05-18T18:30:48Z] 5C161JEA304304  re-apply tcp:4566 FAILED
[2026-05-18T19:13:47Z] 5C161JEA304304  missing tcp:8080 — re-applying
adb: device '5C161JEA304304' not found
[2026-05-18T19:13:47Z] 5C161JEA304304  re-apply tcp:8080 FAILED
[2026-05-18T19:13:47Z] 5C161JEA304304  missing tcp:8081 — re-applying
adb: device '5C161JEA304304' not found
[2026-05-18T19:13:47Z] 5C161JEA304304  re-apply tcp:8081 FAILED
[2026-05-18T19:13:47Z] 5C161JEA304304  missing tcp:4566 — re-applying
adb: device '5C161JEA304304' not found
[2026-05-18T19:13:47Z] 5C161JEA304304  re-apply tcp:4566 FAILED
[2026-05-18T19:48:15Z] 5C161JEA304304  missing tcp:8080 — re-applying
adb: device '5C161JEA304304' not found
[2026-05-18T19:48:15Z] 5C161JEA304304  re-apply tcp:8080 FAILED
[2026-05-18T19:48:16Z] 5C161JEA304304  missing tcp:8081 — re-applying
adb: device '5C161JEA304304' not found
[2026-05-18T19:48:16Z] 5C161JEA304304  re-apply tcp:8081 FAILED
[2026-05-18T19:59:14Z] 5C161JEA304304  missing tcp:4566 — re-applying
adb: device '5C161JEA304304' not found
[2026-05-18T19:59:14Z] 5C161JEA304304  re-apply tcp:4566 FAILED
[2026-05-18T20:23:06Z] 5C161JEA304304  missing tcp:8080 — re-applying
adb: device '5C161JEA304304' not found
[2026-05-18T20:23:06Z] 5C161JEA304304  re-apply tcp:8080 FAILED
[2026-05-18T20:23:07Z] 5C161JEA304304  missing tcp:8081 — re-applying
adb: device '5C161JEA304304' not found
[2026-05-18T20:23:07Z] 5C161JEA304304  re-apply tcp:8081 FAILED
[2026-05-18T20:23:07Z] 5C161JEA304304  missing tcp:4566 — re-applying
adb: device '5C161JEA304304' not found
[2026-05-18T20:23:07Z] 5C161JEA304304  re-apply tcp:4566 FAILED
[2026-05-18T20:56:00Z] 5C161JEA304304  missing tcp:8080 — re-applying
adb: device '5C161JEA304304' not found
[2026-05-18T20:56:00Z] 5C161JEA304304  re-apply tcp:8080 FAILED
[2026-05-18T20:56:00Z] 5C161JEA304304  missing tcp:8081 — re-applying
adb: device '5C161JEA304304' not found
[2026-05-18T20:56:00Z] 5C161JEA304304  re-apply tcp:8081 FAILED
[2026-05-18T20:56:00Z] 5C161JEA304304  missing tcp:4566 — re-applying
adb: device '5C161JEA304304' not found
[2026-05-18T20:56:00Z] 5C161JEA304304  re-apply tcp:4566 FAILED
[2026-05-18T21:35:43Z] 5C161JEA304304  missing tcp:8080 — re-applying
adb: device '5C161JEA304304' not found
[2026-05-18T21:35:43Z] 5C161JEA304304  re-apply tcp:8080 FAILED
[2026-05-18T21:35:43Z] 5C161JEA304304  missing tcp:8081 — re-applying
adb: device '5C161JEA304304' not found
[2026-05-18T21:35:43Z] 5C161JEA304304  re-apply tcp:8081 FAILED
[2026-05-18T21:35:43Z] 5C161JEA304304  missing tcp:4566 — re-applying
adb: device '5C161JEA304304' not found
[2026-05-18T21:35:43Z] 5C161JEA304304  re-apply tcp:4566 FAILED
[2026-05-18T22:01:22Z] 5C161JEA304304  missing tcp:8080 — re-applying
adb: device '5C161JEA304304' not found
[2026-05-18T22:01:22Z] 5C161JEA304304  re-apply tcp:8080 FAILED
[2026-05-18T22:01:22Z] 5C161JEA304304  missing tcp:8081 — re-applying
adb: device '5C161JEA304304' not found
[2026-05-18T22:01:22Z] 5C161JEA304304  re-apply tcp:8081 FAILED
[2026-05-18T22:01:22Z] 5C161JEA304304  missing tcp:4566 — re-applying
adb: device '5C161JEA304304' not found
[2026-05-18T22:01:22Z] 5C161JEA304304  re-apply tcp:4566 FAILED
[2026-05-18T22:32:43Z] 5C161JEA304304  missing tcp:8080 — re-applying
adb: device '5C161JEA304304' not found
[2026-05-18T22:32:43Z] 5C161JEA304304  re-apply tcp:8080 FAILED
[2026-05-18T22:32:43Z] 5C161JEA304304  missing tcp:8081 — re-applying
adb: device '5C161JEA304304' not found
[2026-05-18T22:32:43Z] 5C161JEA304304  re-apply tcp:8081 FAILED
[2026-05-18T22:32:43Z] 5C161JEA304304  missing tcp:4566 — re-applying
adb: device '5C161JEA304304' not found
[2026-05-18T22:32:43Z] 5C161JEA304304  re-apply tcp:4566 FAILED
[2026-05-18T23:02:24Z] 5C161JEA304304  missing tcp:8080 — re-applying
adb: device '5C161JEA304304' not found
[2026-05-18T23:02:24Z] 5C161JEA304304  re-apply tcp:8080 FAILED
[2026-05-18T23:02:24Z] 5C161JEA304304  missing tcp:8081 — re-applying
adb: device '5C161JEA304304' not found
[2026-05-18T23:02:24Z] 5C161JEA304304  re-apply tcp:8081 FAILED
[2026-05-18T23:02:24Z] 5C161JEA304304  missing tcp:4566 — re-applying
adb: device '5C161JEA304304' not found
[2026-05-18T23:02:24Z] 5C161JEA304304  re-apply tcp:4566 FAILED
[2026-05-18T23:52:01Z] 5C161JEA304304  missing tcp:8080 — re-applying
adb: device '5C161JEA304304' not found
[2026-05-18T23:52:01Z] 5C161JEA304304  re-apply tcp:8080 FAILED
[2026-05-18T23:52:01Z] 5C161JEA304304  missing tcp:8081 — re-applying
adb: device '5C161JEA304304' not found
[2026-05-18T23:52:01Z] 5C161JEA304304  re-apply tcp:8081 FAILED
[2026-05-18T23:52:01Z] 5C161JEA304304  missing tcp:4566 — re-applying
adb: device '5C161JEA304304' not found
[2026-05-18T23:52:01Z] 5C161JEA304304  re-apply tcp:4566 FAILED
[2026-05-19T00:19:15Z] 5C161JEA304304  missing tcp:8080 — re-applying
adb: device '5C161JEA304304' not found
[2026-05-19T00:19:15Z] 5C161JEA304304  re-apply tcp:8080 FAILED
[2026-05-19T00:19:15Z] 5C161JEA304304  missing tcp:8081 — re-applying
adb: device '5C161JEA304304' not found
[2026-05-19T00:19:15Z] 5C161JEA304304  re-apply tcp:8081 FAILED
[2026-05-19T00:19:15Z] 5C161JEA304304  missing tcp:4566 — re-applying
adb: device '5C161JEA304304' not found
[2026-05-19T00:19:15Z] 5C161JEA304304  re-apply tcp:4566 FAILED
[2026-05-19T01:04:23Z] 5C161JEA304304  missing tcp:8080 — re-applying
adb: device '5C161JEA304304' not found
[2026-05-19T01:04:23Z] 5C161JEA304304  re-apply tcp:8080 FAILED
[2026-05-19T01:04:23Z] 5C161JEA304304  missing tcp:8081 — re-applying
adb: device '5C161JEA304304' not found
[2026-05-19T01:04:23Z] 5C161JEA304304  re-apply tcp:8081 FAILED
[2026-05-19T01:04:23Z] 5C161JEA304304  missing tcp:4566 — re-applying
adb: device '5C161JEA304304' not found
[2026-05-19T01:04:23Z] 5C161JEA304304  re-apply tcp:4566 FAILED
[2026-05-19T01:53:16Z] 5C161JEA304304  missing tcp:8080 — re-applying
adb: device '5C161JEA304304' not found
[2026-05-19T01:53:16Z] 5C161JEA304304  re-apply tcp:8080 FAILED
[2026-05-19T01:53:17Z] 5C161JEA304304  missing tcp:8081 — re-applying
adb: device '5C161JEA304304' not found
[2026-05-19T01:53:17Z] 5C161JEA304304  re-apply tcp:8081 FAILED
[2026-05-19T01:53:17Z] 5C161JEA304304  missing tcp:4566 — re-applying
adb: device '5C161JEA304304' not found
[2026-05-19T01:53:17Z] 5C161JEA304304  re-apply tcp:4566 FAILED
[2026-05-19T02:21:33Z] 5C161JEA304304  missing tcp:8080 — re-applying
adb: device '5C161JEA304304' not found
[2026-05-19T02:21:33Z] 5C161JEA304304  re-apply tcp:8080 FAILED
[2026-05-19T02:21:33Z] 5C161JEA304304  missing tcp:8081 — re-applying
adb: device '5C161JEA304304' not found
[2026-05-19T02:21:33Z] 5C161JEA304304  re-apply tcp:8081 FAILED
[2026-05-19T02:21:33Z] 5C161JEA304304  missing tcp:4566 — re-applying
adb: device '5C161JEA304304' not found
[2026-05-19T02:21:33Z] 5C161JEA304304  re-apply tcp:4566 FAILED
[2026-05-19T02:29:41Z] 5C161JEA304304  missing tcp:8080 — re-applying
adb: device '5C161JEA304304' not found
[2026-05-19T02:29:41Z] 5C161JEA304304  re-apply tcp:8080 FAILED
[2026-05-19T02:29:41Z] 5C161JEA304304  missing tcp:8081 — re-applying
adb: device '5C161JEA304304' not found
[2026-05-19T02:29:41Z] 5C161JEA304304  re-apply tcp:8081 FAILED
[2026-05-19T02:30:22Z] 5C161JEA304304  missing tcp:4566 — re-applying
adb: device '5C161JEA304304' not found
[2026-05-19T02:30:22Z] 5C161JEA304304  re-apply tcp:4566 FAILED
[2026-05-19T03:02:02Z] 5C161JEA304304  missing tcp:8080 — re-applying
adb: device '5C161JEA304304' not found
[2026-05-19T03:02:02Z] 5C161JEA304304  re-apply tcp:8080 FAILED
[2026-05-19T03:02:02Z] 5C161JEA304304  missing tcp:8081 — re-applying
adb: device '5C161JEA304304' not found
[2026-05-19T03:02:02Z] 5C161JEA304304  re-apply tcp:8081 FAILED
[2026-05-19T03:02:03Z] 5C161JEA304304  missing tcp:4566 — re-applying
adb: device '5C161JEA304304' not found
[2026-05-19T03:02:03Z] 5C161JEA304304  re-apply tcp:4566 FAILED
[2026-05-19T03:08:18Z] 5C161JEA304304  missing tcp:8080 — re-applying
adb: device '5C161JEA304304' not found
[2026-05-19T03:08:18Z] 5C161JEA304304  re-apply tcp:8080 FAILED
[2026-05-19T03:08:19Z] 5C161JEA304304  missing tcp:8081 — re-applying
adb: device '5C161JEA304304' not found
[2026-05-19T03:08:19Z] 5C161JEA304304  re-apply tcp:8081 FAILED
[2026-05-19T03:08:19Z] 5C161JEA304304  missing tcp:4566 — re-applying
adb: device '5C161JEA304304' not found
[2026-05-19T03:08:19Z] 5C161JEA304304  re-apply tcp:4566 FAILED
[2026-05-19T03:39:52Z] 5C161JEA304304  missing tcp:8080 — re-applying
adb: device '5C161JEA304304' not found
[2026-05-19T03:39:52Z] 5C161JEA304304  re-apply tcp:8080 FAILED
[2026-05-19T03:39:53Z] 5C161JEA304304  missing tcp:8081 — re-applying
adb: device '5C161JEA304304' not found
[2026-05-19T03:39:53Z] 5C161JEA304304  re-apply tcp:8081 FAILED
[2026-05-19T03:39:53Z] 5C161JEA304304  missing tcp:4566 — re-applying
adb: device '5C161JEA304304' not found
[2026-05-19T03:39:53Z] 5C161JEA304304  re-apply tcp:4566 FAILED
[2026-05-19T03:53:55Z] 5C161JEA304304  missing tcp:8080 — re-applying
adb: device '5C161JEA304304' not found
[2026-05-19T03:53:55Z] 5C161JEA304304  re-apply tcp:8080 FAILED
[2026-05-19T03:53:55Z] 5C161JEA304304  missing tcp:8081 — re-applying
adb: device '5C161JEA304304' not found
[2026-05-19T03:53:55Z] 5C161JEA304304  re-apply tcp:8081 FAILED
[2026-05-19T03:53:55Z] 5C161JEA304304  missing tcp:4566 — re-applying
adb: device '5C161JEA304304' not found
[2026-05-19T03:53:55Z] 5C161JEA304304  re-apply tcp:4566 FAILED
[2026-05-19T03:54:10Z] 5C161JEA304304  missing tcp:8080 — re-applying
adb: device '5C161JEA304304' not found
[2026-05-19T03:54:10Z] 5C161JEA304304  re-apply tcp:8080 FAILED
[2026-05-19T03:54:10Z] 5C161JEA304304  missing tcp:8081 — re-applying
adb: device '5C161JEA304304' not found
[2026-05-19T03:54:10Z] 5C161JEA304304  re-apply tcp:8081 FAILED
[2026-05-19T03:54:10Z] 5C161JEA304304  missing tcp:4566 — re-applying
adb: device '5C161JEA304304' not found
[2026-05-19T03:54:10Z] 5C161JEA304304  re-apply tcp:4566 FAILED
[2026-05-19T03:54:25Z] 5C161JEA304304  missing tcp:8080 — re-applying
adb: device '5C161JEA304304' not found
[2026-05-19T03:54:25Z] 5C161JEA304304  re-apply tcp:8080 FAILED
[2026-05-19T03:54:25Z] 5C161JEA304304  missing tcp:8081 — re-applying
adb: device '5C161JEA304304' not found
[2026-05-19T03:54:25Z] 5C161JEA304304  re-apply tcp:8081 FAILED
[2026-05-19T03:54:25Z] 5C161JEA304304  missing tcp:4566 — re-applying
adb: device '5C161JEA304304' not found
[2026-05-19T03:54:25Z] 5C161JEA304304  re-apply tcp:4566 FAILED
[2026-05-19T03:54:40Z] 5C161JEA304304  missing tcp:8080 — re-applying
adb: device '5C161JEA304304' not found
[2026-05-19T03:54:40Z] 5C161JEA304304  re-apply tcp:8080 FAILED
[2026-05-19T03:54:40Z] 5C161JEA304304  missing tcp:8081 — re-applying
adb: device '5C161JEA304304' not found
[2026-05-19T03:54:40Z] 5C161JEA304304  re-apply tcp:8081 FAILED
[2026-05-19T03:54:40Z] 5C161JEA304304  missing tcp:4566 — re-applying
adb: device '5C161JEA304304' not found
[2026-05-19T03:54:40Z] 5C161JEA304304  re-apply tcp:4566 FAILED
[2026-05-19T03:54:55Z] 5C161JEA304304  missing tcp:8080 — re-applying
adb: device '5C161JEA304304' not found
[2026-05-19T03:54:55Z] 5C161JEA304304  re-apply tcp:8080 FAILED
[2026-05-19T03:54:56Z] 5C161JEA304304  missing tcp:8081 — re-applying
adb: device '5C161JEA304304' not found
[2026-05-19T03:54:56Z] 5C161JEA304304  re-apply tcp:8081 FAILED
[2026-05-19T03:54:56Z] 5C161JEA304304  missing tcp:4566 — re-applying
adb: device '5C161JEA304304' not found
[2026-05-19T03:54:56Z] 5C161JEA304304  re-apply tcp:4566 FAILED
[2026-05-19T03:55:11Z] 5C161JEA304304  missing tcp:8080 — re-applying
adb: device '5C161JEA304304' not found
[2026-05-19T03:55:11Z] 5C161JEA304304  re-apply tcp:8080 FAILED
[2026-05-19T03:55:11Z] 5C161JEA304304  missing tcp:8081 — re-applying
adb: device '5C161JEA304304' not found
[2026-05-19T03:55:11Z] 5C161JEA304304  re-apply tcp:8081 FAILED
[2026-05-19T03:55:11Z] 5C161JEA304304  missing tcp:4566 — re-applying
adb: device '5C161JEA304304' not found
[2026-05-19T03:55:11Z] 5C161JEA304304  re-apply tcp:4566 FAILED
[2026-05-19T03:55:26Z] 5C161JEA304304  missing tcp:8080 — re-applying
adb: device '5C161JEA304304' not found
[2026-05-19T03:55:26Z] 5C161JEA304304  re-apply tcp:8080 FAILED
[2026-05-19T03:55:26Z] 5C161JEA304304  missing tcp:8081 — re-applying
adb: device '5C161JEA304304' not found
[2026-05-19T03:55:26Z] 5C161JEA304304  re-apply tcp:8081 FAILED
[2026-05-19T03:55:26Z] 5C161JEA304304  missing tcp:4566 — re-applying
adb: device '5C161JEA304304' not found
[2026-05-19T03:55:26Z] 5C161JEA304304  re-apply tcp:4566 FAILED
[2026-05-19T03:55:41Z] 5C161JEA304304  missing tcp:8080 — re-applying
adb: device '5C161JEA304304' not found
[2026-05-19T03:55:41Z] 5C161JEA304304  re-apply tcp:8080 FAILED
[2026-05-19T03:55:41Z] 5C161JEA304304  missing tcp:8081 — re-applying
adb: device '5C161JEA304304' not found
[2026-05-19T03:55:41Z] 5C161JEA304304  re-apply tcp:8081 FAILED
[2026-05-19T03:55:41Z] 5C161JEA304304  missing tcp:4566 — re-applying
adb: device '5C161JEA304304' not found
[2026-05-19T03:55:41Z] 5C161JEA304304  re-apply tcp:4566 FAILED
[2026-05-19T03:55:56Z] 5C161JEA304304  missing tcp:8080 — re-applying
adb: device '5C161JEA304304' not found
[2026-05-19T03:55:56Z] 5C161JEA304304  re-apply tcp:8080 FAILED
[2026-05-19T03:55:56Z] 5C161JEA304304  missing tcp:8081 — re-applying
adb: device '5C161JEA304304' not found
[2026-05-19T03:55:56Z] 5C161JEA304304  re-apply tcp:8081 FAILED
[2026-05-19T03:55:56Z] 5C161JEA304304  missing tcp:4566 — re-applying
adb: device '5C161JEA304304' not found
[2026-05-19T03:55:56Z] 5C161JEA304304  re-apply tcp:4566 FAILED
[2026-05-19T03:56:11Z] 5C161JEA304304  missing tcp:8080 — re-applying
adb: device '5C161JEA304304' not found
[2026-05-19T03:56:11Z] 5C161JEA304304  re-apply tcp:8080 FAILED
[2026-05-19T03:56:11Z] 5C161JEA304304  missing tcp:8081 — re-applying
adb: device '5C161JEA304304' not found
[2026-05-19T03:56:11Z] 5C161JEA304304  re-apply tcp:8081 FAILED
[2026-05-19T03:56:11Z] 5C161JEA304304  missing tcp:4566 — re-applying
adb: device '5C161JEA304304' not found
[2026-05-19T03:56:11Z] 5C161JEA304304  re-apply tcp:4566 FAILED
[2026-05-19T03:56:26Z] 5C161JEA304304  missing tcp:8080 — re-applying
adb: device '5C161JEA304304' not found
[2026-05-19T03:56:26Z] 5C161JEA304304  re-apply tcp:8080 FAILED
[2026-05-19T03:56:26Z] 5C161JEA304304  missing tcp:8081 — re-applying
adb: device '5C161JEA304304' not found
[2026-05-19T03:56:26Z] 5C161JEA304304  re-apply tcp:8081 FAILED
[2026-05-19T03:56:26Z] 5C161JEA304304  missing tcp:4566 — re-applying
adb: device '5C161JEA304304' not found
[2026-05-19T03:56:26Z] 5C161JEA304304  re-apply tcp:4566 FAILED
[2026-05-19T03:56:41Z] 5C161JEA304304  missing tcp:8080 — re-applying
adb: device '5C161JEA304304' not found
[2026-05-19T03:56:41Z] 5C161JEA304304  re-apply tcp:8080 FAILED
[2026-05-19T03:56:41Z] 5C161JEA304304  missing tcp:8081 — re-applying
adb: device '5C161JEA304304' not found
[2026-05-19T03:56:41Z] 5C161JEA304304  re-apply tcp:8081 FAILED
[2026-05-19T03:56:41Z] 5C161JEA304304  missing tcp:4566 — re-applying
adb: device '5C161JEA304304' not found
[2026-05-19T03:56:41Z] 5C161JEA304304  re-apply tcp:4566 FAILED
[2026-05-19T03:56:57Z] 5C161JEA304304  missing tcp:8080 — re-applying
adb: device '5C161JEA304304' not found
[2026-05-19T03:56:57Z] 5C161JEA304304  re-apply tcp:8080 FAILED
[2026-05-19T03:56:57Z] 5C161JEA304304  missing tcp:8081 — re-applying
adb: device '5C161JEA304304' not found
[2026-05-19T03:56:57Z] 5C161JEA304304  re-apply tcp:8081 FAILED
[2026-05-19T03:56:57Z] 5C161JEA304304  missing tcp:4566 — re-applying
adb: device '5C161JEA304304' not found
[2026-05-19T03:56:57Z] 5C161JEA304304  re-apply tcp:4566 FAILED
[2026-05-19T03:57:12Z] 5C161JEA304304  missing tcp:8080 — re-applying
adb: device '5C161JEA304304' not found
[2026-05-19T03:57:12Z] 5C161JEA304304  re-apply tcp:8080 FAILED
[2026-05-19T03:57:12Z] 5C161JEA304304  missing tcp:8081 — re-applying
adb: device '5C161JEA304304' not found
[2026-05-19T03:57:12Z] 5C161JEA304304  re-apply tcp:8081 FAILED
[2026-05-19T03:57:12Z] 5C161JEA304304  missing tcp:4566 — re-applying
adb: device '5C161JEA304304' not found
[2026-05-19T03:57:12Z] 5C161JEA304304  re-apply tcp:4566 FAILED
[2026-05-19T03:57:27Z] 5C161JEA304304  missing tcp:8080 — re-applying
adb: device '5C161JEA304304' not found
[2026-05-19T03:57:27Z] 5C161JEA304304  re-apply tcp:8080 FAILED
[2026-05-19T03:57:27Z] 5C161JEA304304  missing tcp:8081 — re-applying
adb: device '5C161JEA304304' not found
[2026-05-19T03:57:27Z] 5C161JEA304304  re-apply tcp:8081 FAILED
[2026-05-19T03:57:27Z] 5C161JEA304304  missing tcp:4566 — re-applying
adb: device '5C161JEA304304' not found
[2026-05-19T03:57:27Z] 5C161JEA304304  re-apply tcp:4566 FAILED
[2026-05-19T03:57:42Z] 5C161JEA304304  missing tcp:8080 — re-applying
adb: device '5C161JEA304304' not found
[2026-05-19T03:57:42Z] 5C161JEA304304  re-apply tcp:8080 FAILED
[2026-05-19T03:57:42Z] 5C161JEA304304  missing tcp:8081 — re-applying
adb: device '5C161JEA304304' not found
[2026-05-19T03:57:42Z] 5C161JEA304304  re-apply tcp:8081 FAILED
[2026-05-19T03:57:42Z] 5C161JEA304304  missing tcp:4566 — re-applying
adb: device '5C161JEA304304' not found
[2026-05-19T03:57:42Z] 5C161JEA304304  re-apply tcp:4566 FAILED
[2026-05-19T03:57:57Z] 5C161JEA304304  missing tcp:8080 — re-applying
adb: device '5C161JEA304304' not found
[2026-05-19T03:57:57Z] 5C161JEA304304  re-apply tcp:8080 FAILED
[2026-05-19T03:57:57Z] 5C161JEA304304  missing tcp:8081 — re-applying
adb: device '5C161JEA304304' not found
[2026-05-19T03:57:57Z] 5C161JEA304304  re-apply tcp:8081 FAILED
[2026-05-19T03:57:57Z] 5C161JEA304304  missing tcp:4566 — re-applying
adb: device '5C161JEA304304' not found
[2026-05-19T03:57:57Z] 5C161JEA304304  re-apply tcp:4566 FAILED
[2026-05-19T03:58:12Z] 5C161JEA304304  missing tcp:8080 — re-applying
adb: device '5C161JEA304304' not found
[2026-05-19T03:58:12Z] 5C161JEA304304  re-apply tcp:8080 FAILED
[2026-05-19T03:58:12Z] 5C161JEA304304  missing tcp:8081 — re-applying
adb: device '5C161JEA304304' not found
[2026-05-19T03:58:12Z] 5C161JEA304304  re-apply tcp:8081 FAILED
[2026-05-19T03:58:12Z] 5C161JEA304304  missing tcp:4566 — re-applying
adb: device '5C161JEA304304' not found
[2026-05-19T03:58:12Z] 5C161JEA304304  re-apply tcp:4566 FAILED
[2026-05-19T03:58:27Z] 5C161JEA304304  missing tcp:8080 — re-applying
adb: device '5C161JEA304304' not found
[2026-05-19T03:58:27Z] 5C161JEA304304  re-apply tcp:8080 FAILED
[2026-05-19T03:58:27Z] 5C161JEA304304  missing tcp:8081 — re-applying
adb: device '5C161JEA304304' not found
[2026-05-19T03:58:27Z] 5C161JEA304304  re-apply tcp:8081 FAILED
[2026-05-19T03:58:27Z] 5C161JEA304304  missing tcp:4566 — re-applying
adb: device '5C161JEA304304' not found
[2026-05-19T03:58:27Z] 5C161JEA304304  re-apply tcp:4566 FAILED
[2026-05-19T03:58:42Z] 5C161JEA304304  missing tcp:8080 — re-applying
adb: device '5C161JEA304304' not found
[2026-05-19T03:58:42Z] 5C161JEA304304  re-apply tcp:8080 FAILED
[2026-05-19T03:58:42Z] 5C161JEA304304  missing tcp:8081 — re-applying
adb: device '5C161JEA304304' not found
[2026-05-19T03:58:42Z] 5C161JEA304304  re-apply tcp:8081 FAILED
[2026-05-19T03:58:42Z] 5C161JEA304304  missing tcp:4566 — re-applying
adb: device '5C161JEA304304' not found
[2026-05-19T03:58:42Z] 5C161JEA304304  re-apply tcp:4566 FAILED
[2026-05-19T03:58:58Z] 5C161JEA304304  missing tcp:8080 — re-applying
adb: device '5C161JEA304304' not found
[2026-05-19T03:58:58Z] 5C161JEA304304  re-apply tcp:8080 FAILED
[2026-05-19T03:58:58Z] 5C161JEA304304  missing tcp:8081 — re-applying
adb: device '5C161JEA304304' not found
[2026-05-19T03:58:58Z] 5C161JEA304304  re-apply tcp:8081 FAILED
[2026-05-19T03:58:58Z] 5C161JEA304304  missing tcp:4566 — re-applying
adb: device '5C161JEA304304' not found
[2026-05-19T03:58:58Z] 5C161JEA304304  re-apply tcp:4566 FAILED
[2026-05-19T03:59:13Z] 5C161JEA304304  missing tcp:8080 — re-applying
adb: device '5C161JEA304304' not found
[2026-05-19T03:59:13Z] 5C161JEA304304  re-apply tcp:8080 FAILED
[2026-05-19T03:59:13Z] 5C161JEA304304  missing tcp:8081 — re-applying
adb: device '5C161JEA304304' not found
[2026-05-19T03:59:13Z] 5C161JEA304304  re-apply tcp:8081 FAILED
[2026-05-19T03:59:13Z] 5C161JEA304304  missing tcp:4566 — re-applying
adb: device '5C161JEA304304' not found
[2026-05-19T03:59:13Z] 5C161JEA304304  re-apply tcp:4566 FAILED
[2026-05-19T03:59:28Z] 5C161JEA304304  missing tcp:8080 — re-applying
adb: device '5C161JEA304304' not found
[2026-05-19T03:59:28Z] 5C161JEA304304  re-apply tcp:8080 FAILED
[2026-05-19T03:59:28Z] 5C161JEA304304  missing tcp:8081 — re-applying
adb: device '5C161JEA304304' not found
[2026-05-19T03:59:28Z] 5C161JEA304304  re-apply tcp:8081 FAILED
[2026-05-19T03:59:28Z] 5C161JEA304304  missing tcp:4566 — re-applying
adb: device '5C161JEA304304' not found
[2026-05-19T03:59:28Z] 5C161JEA304304  re-apply tcp:4566 FAILED
[2026-05-19T03:59:43Z] 5C161JEA304304  missing tcp:8080 — re-applying
adb: device '5C161JEA304304' not found
[2026-05-19T03:59:43Z] 5C161JEA304304  re-apply tcp:8080 FAILED
[2026-05-19T03:59:43Z] 5C161JEA304304  missing tcp:8081 — re-applying
adb: device '5C161JEA304304' not found
[2026-05-19T03:59:43Z] 5C161JEA304304  re-apply tcp:8081 FAILED
[2026-05-19T03:59:43Z] 5C161JEA304304  missing tcp:4566 — re-applying
adb: device '5C161JEA304304' not found
[2026-05-19T03:59:43Z] 5C161JEA304304  re-apply tcp:4566 FAILED
[2026-05-19T03:59:58Z] 5C161JEA304304  missing tcp:8080 — re-applying
adb: device '5C161JEA304304' not found
[2026-05-19T03:59:58Z] 5C161JEA304304  re-apply tcp:8080 FAILED
[2026-05-19T03:59:58Z] 5C161JEA304304  missing tcp:8081 — re-applying
adb: device '5C161JEA304304' not found
[2026-05-19T03:59:58Z] 5C161JEA304304  re-apply tcp:8081 FAILED
[2026-05-19T03:59:58Z] 5C161JEA304304  missing tcp:4566 — re-applying
adb: device '5C161JEA304304' not found
[2026-05-19T03:59:58Z] 5C161JEA304304  re-apply tcp:4566 FAILED
[2026-05-19T04:00:13Z] 5C161JEA304304  missing tcp:8080 — re-applying
adb: device '5C161JEA304304' not found
[2026-05-19T04:00:13Z] 5C161JEA304304  re-apply tcp:8080 FAILED
[2026-05-19T04:00:13Z] 5C161JEA304304  missing tcp:8081 — re-applying
adb: device '5C161JEA304304' not found
[2026-05-19T04:00:13Z] 5C161JEA304304  re-apply tcp:8081 FAILED
[2026-05-19T04:00:13Z] 5C161JEA304304  missing tcp:4566 — re-applying
adb: device '5C161JEA304304' not found
[2026-05-19T04:00:13Z] 5C161JEA304304  re-apply tcp:4566 FAILED
[2026-05-19T04:00:28Z] 5C161JEA304304  missing tcp:8080 — re-applying
adb: device '5C161JEA304304' not found
[2026-05-19T04:00:28Z] 5C161JEA304304  re-apply tcp:8080 FAILED
[2026-05-19T04:00:28Z] 5C161JEA304304  missing tcp:8081 — re-applying
adb: device '5C161JEA304304' not found
[2026-05-19T04:00:28Z] 5C161JEA304304  re-apply tcp:8081 FAILED
[2026-05-19T04:00:28Z] 5C161JEA304304  missing tcp:4566 — re-applying
adb: device '5C161JEA304304' not found
[2026-05-19T04:00:28Z] 5C161JEA304304  re-apply tcp:4566 FAILED
[2026-05-19T04:00:43Z] 5C161JEA304304  missing tcp:8080 — re-applying
adb: device '5C161JEA304304' not found
[2026-05-19T04:00:43Z] 5C161JEA304304  re-apply tcp:8080 FAILED
[2026-05-19T04:00:43Z] 5C161JEA304304  missing tcp:8081 — re-applying
adb: device '5C161JEA304304' not found
[2026-05-19T04:00:43Z] 5C161JEA304304  re-apply tcp:8081 FAILED
[2026-05-19T04:00:43Z] 5C161JEA304304  missing tcp:4566 — re-applying
adb: device '5C161JEA304304' not found
[2026-05-19T04:00:43Z] 5C161JEA304304  re-apply tcp:4566 FAILED
[2026-05-19T04:00:59Z] 5C161JEA304304  missing tcp:8080 — re-applying
adb: device '5C161JEA304304' not found
[2026-05-19T04:00:59Z] 5C161JEA304304  re-apply tcp:8080 FAILED
[2026-05-19T04:00:59Z] 5C161JEA304304  missing tcp:8081 — re-applying
adb: device '5C161JEA304304' not found
[2026-05-19T04:00:59Z] 5C161JEA304304  re-apply tcp:8081 FAILED
[2026-05-19T04:00:59Z] 5C161JEA304304  missing tcp:4566 — re-applying
adb: device '5C161JEA304304' not found
[2026-05-19T04:00:59Z] 5C161JEA304304  re-apply tcp:4566 FAILED
[2026-05-19T04:01:14Z] 5C161JEA304304  missing tcp:8080 — re-applying
adb: device '5C161JEA304304' not found
[2026-05-19T04:01:14Z] 5C161JEA304304  re-apply tcp:8080 FAILED
[2026-05-19T04:01:14Z] 5C161JEA304304  missing tcp:8081 — re-applying
adb: device '5C161JEA304304' not found
[2026-05-19T04:01:14Z] 5C161JEA304304  re-apply tcp:8081 FAILED
[2026-05-19T04:01:14Z] 5C161JEA304304  missing tcp:4566 — re-applying
adb: device '5C161JEA304304' not found
[2026-05-19T04:01:14Z] 5C161JEA304304  re-apply tcp:4566 FAILED
[2026-05-19T04:01:29Z] 5C161JEA304304  missing tcp:8080 — re-applying
adb: device '5C161JEA304304' not found
[2026-05-19T04:01:29Z] 5C161JEA304304  re-apply tcp:8080 FAILED
[2026-05-19T04:01:29Z] 5C161JEA304304  missing tcp:8081 — re-applying
adb: device '5C161JEA304304' not found
[2026-05-19T04:01:29Z] 5C161JEA304304  re-apply tcp:8081 FAILED
[2026-05-19T04:01:29Z] 5C161JEA304304  missing tcp:4566 — re-applying
adb: device '5C161JEA304304' not found
[2026-05-19T04:01:29Z] 5C161JEA304304  re-apply tcp:4566 FAILED
[2026-05-19T04:01:44Z] 5C161JEA304304  missing tcp:8080 — re-applying
adb: device '5C161JEA304304' not found
[2026-05-19T04:01:44Z] 5C161JEA304304  re-apply tcp:8080 FAILED
[2026-05-19T04:01:44Z] 5C161JEA304304  missing tcp:8081 — re-applying
adb: device '5C161JEA304304' not found
[2026-05-19T04:01:44Z] 5C161JEA304304  re-apply tcp:8081 FAILED
[2026-05-19T04:01:44Z] 5C161JEA304304  missing tcp:4566 — re-applying
adb: device '5C161JEA304304' not found
[2026-05-19T04:01:44Z] 5C161JEA304304  re-apply tcp:4566 FAILED
[2026-05-19T04:01:59Z] 5C161JEA304304  missing tcp:8080 — re-applying
adb: device '5C161JEA304304' not found
[2026-05-19T04:01:59Z] 5C161JEA304304  re-apply tcp:8080 FAILED
[2026-05-19T04:01:59Z] 5C161JEA304304  missing tcp:8081 — re-applying
adb: device '5C161JEA304304' not found
[2026-05-19T04:01:59Z] 5C161JEA304304  re-apply tcp:8081 FAILED
[2026-05-19T04:01:59Z] 5C161JEA304304  missing tcp:4566 — re-applying
adb: device '5C161JEA304304' not found
[2026-05-19T04:01:59Z] 5C161JEA304304  re-apply tcp:4566 FAILED
[2026-05-19T04:02:14Z] 5C161JEA304304  missing tcp:8080 — re-applying
adb: device '5C161JEA304304' not found
[2026-05-19T04:02:14Z] 5C161JEA304304  re-apply tcp:8080 FAILED
[2026-05-19T04:02:14Z] 5C161JEA304304  missing tcp:8081 — re-applying
adb: device '5C161JEA304304' not found
[2026-05-19T04:02:14Z] 5C161JEA304304  re-apply tcp:8081 FAILED
[2026-05-19T04:02:14Z] 5C161JEA304304  missing tcp:4566 — re-applying
adb: device '5C161JEA304304' not found
[2026-05-19T04:02:14Z] 5C161JEA304304  re-apply tcp:4566 FAILED
[2026-05-19T04:02:29Z] 5C161JEA304304  missing tcp:8080 — re-applying
adb: device '5C161JEA304304' not found
[2026-05-19T04:02:29Z] 5C161JEA304304  re-apply tcp:8080 FAILED
[2026-05-19T04:02:29Z] 5C161JEA304304  missing tcp:8081 — re-applying
adb: device '5C161JEA304304' not found
[2026-05-19T04:02:29Z] 5C161JEA304304  re-apply tcp:8081 FAILED
[2026-05-19T04:02:29Z] 5C161JEA304304  missing tcp:4566 — re-applying
adb: device '5C161JEA304304' not found
[2026-05-19T04:02:29Z] 5C161JEA304304  re-apply tcp:4566 FAILED
[2026-05-19T04:02:45Z] 5C161JEA304304  missing tcp:8080 — re-applying
adb: device '5C161JEA304304' not found
[2026-05-19T04:02:45Z] 5C161JEA304304  re-apply tcp:8080 FAILED
[2026-05-19T04:02:45Z] 5C161JEA304304  missing tcp:8081 — re-applying
adb: device '5C161JEA304304' not found
[2026-05-19T04:02:45Z] 5C161JEA304304  re-apply tcp:8081 FAILED
[2026-05-19T04:02:45Z] 5C161JEA304304  missing tcp:4566 — re-applying
adb: device '5C161JEA304304' not found
[2026-05-19T04:02:45Z] 5C161JEA304304  re-apply tcp:4566 FAILED
[2026-05-19T04:03:00Z] 5C161JEA304304  missing tcp:8080 — re-applying
adb: device '5C161JEA304304' not found
[2026-05-19T04:03:00Z] 5C161JEA304304  re-apply tcp:8080 FAILED
[2026-05-19T04:03:00Z] 5C161JEA304304  missing tcp:8081 — re-applying
adb: device '5C161JEA304304' not found
[2026-05-19T04:03:00Z] 5C161JEA304304  re-apply tcp:8081 FAILED
[2026-05-19T04:03:00Z] 5C161JEA304304  missing tcp:4566 — re-applying
adb: device '5C161JEA304304' not found
[2026-05-19T04:03:00Z] 5C161JEA304304  re-apply tcp:4566 FAILED
[2026-05-19T04:03:15Z] 5C161JEA304304  missing tcp:8080 — re-applying
adb: device '5C161JEA304304' not found
[2026-05-19T04:03:15Z] 5C161JEA304304  re-apply tcp:8080 FAILED
[2026-05-19T04:03:15Z] 5C161JEA304304  missing tcp:8081 — re-applying
adb: device '5C161JEA304304' not found
[2026-05-19T04:03:15Z] 5C161JEA304304  re-apply tcp:8081 FAILED
[2026-05-19T04:03:15Z] 5C161JEA304304  missing tcp:4566 — re-applying
adb: device '5C161JEA304304' not found
[2026-05-19T04:03:15Z] 5C161JEA304304  re-apply tcp:4566 FAILED
[2026-05-19T04:03:30Z] 5C161JEA304304  missing tcp:8080 — re-applying
adb: device '5C161JEA304304' not found
[2026-05-19T04:03:30Z] 5C161JEA304304  re-apply tcp:8080 FAILED
[2026-05-19T04:03:30Z] 5C161JEA304304  missing tcp:8081 — re-applying
adb: device '5C161JEA304304' not found
[2026-05-19T04:03:30Z] 5C161JEA304304  re-apply tcp:8081 FAILED
[2026-05-19T04:03:30Z] 5C161JEA304304  missing tcp:4566 — re-applying
adb: device '5C161JEA304304' not found
[2026-05-19T04:03:30Z] 5C161JEA304304  re-apply tcp:4566 FAILED
[2026-05-19T04:03:45Z] 5C161JEA304304  missing tcp:8080 — re-applying
adb: device '5C161JEA304304' not found
[2026-05-19T04:03:45Z] 5C161JEA304304  re-apply tcp:8080 FAILED
[2026-05-19T04:03:45Z] 5C161JEA304304  missing tcp:8081 — re-applying
adb: device '5C161JEA304304' not found
[2026-05-19T04:03:45Z] 5C161JEA304304  re-apply tcp:8081 FAILED
[2026-05-19T04:03:45Z] 5C161JEA304304  missing tcp:4566 — re-applying
adb: device '5C161JEA304304' not found
[2026-05-19T04:03:45Z] 5C161JEA304304  re-apply tcp:4566 FAILED
[2026-05-19T04:04:00Z] 5C161JEA304304  missing tcp:8080 — re-applying
adb: device '5C161JEA304304' not found
[2026-05-19T04:04:00Z] 5C161JEA304304  re-apply tcp:8080 FAILED
[2026-05-19T04:04:00Z] 5C161JEA304304  missing tcp:8081 — re-applying
adb: device '5C161JEA304304' not found
[2026-05-19T04:04:00Z] 5C161JEA304304  re-apply tcp:8081 FAILED
[2026-05-19T04:04:00Z] 5C161JEA304304  missing tcp:4566 — re-applying
adb: device '5C161JEA304304' not found
[2026-05-19T04:04:00Z] 5C161JEA304304  re-apply tcp:4566 FAILED
[2026-05-19T04:04:15Z] 5C161JEA304304  missing tcp:8080 — re-applying
adb: device '5C161JEA304304' not found
[2026-05-19T04:04:15Z] 5C161JEA304304  re-apply tcp:8080 FAILED
[2026-05-19T04:04:15Z] 5C161JEA304304  missing tcp:8081 — re-applying
adb: device '5C161JEA304304' not found
[2026-05-19T04:04:15Z] 5C161JEA304304  re-apply tcp:8081 FAILED
[2026-05-19T04:04:15Z] 5C161JEA304304  missing tcp:4566 — re-applying
adb: device '5C161JEA304304' not found
[2026-05-19T04:04:15Z] 5C161JEA304304  re-apply tcp:4566 FAILED
[2026-05-19T04:04:30Z] 5C161JEA304304  missing tcp:8080 — re-applying
adb: device '5C161JEA304304' not found
[2026-05-19T04:04:30Z] 5C161JEA304304  re-apply tcp:8080 FAILED
[2026-05-19T04:04:30Z] 5C161JEA304304  missing tcp:8081 — re-applying
adb: device '5C161JEA304304' not found
[2026-05-19T04:04:30Z] 5C161JEA304304  re-apply tcp:8081 FAILED
[2026-05-19T04:04:31Z] 5C161JEA304304  missing tcp:4566 — re-applying
adb: device '5C161JEA304304' not found
[2026-05-19T04:04:31Z] 5C161JEA304304  re-apply tcp:4566 FAILED
[2026-05-19T04:04:46Z] 5C161JEA304304  missing tcp:8080 — re-applying
adb: device '5C161JEA304304' not found
[2026-05-19T04:04:46Z] 5C161JEA304304  re-apply tcp:8080 FAILED
[2026-05-19T04:04:46Z] 5C161JEA304304  missing tcp:8081 — re-applying
adb: device '5C161JEA304304' not found
[2026-05-19T04:04:46Z] 5C161JEA304304  re-apply tcp:8081 FAILED
[2026-05-19T04:04:46Z] 5C161JEA304304  missing tcp:4566 — re-applying
adb: device '5C161JEA304304' not found
[2026-05-19T04:04:46Z] 5C161JEA304304  re-apply tcp:4566 FAILED
[2026-05-19T04:05:01Z] 5C161JEA304304  missing tcp:8080 — re-applying
adb: device '5C161JEA304304' not found
[2026-05-19T04:05:01Z] 5C161JEA304304  re-apply tcp:8080 FAILED
[2026-05-19T04:05:01Z] 5C161JEA304304  missing tcp:8081 — re-applying
adb: device '5C161JEA304304' not found
[2026-05-19T04:05:01Z] 5C161JEA304304  re-apply tcp:8081 FAILED
[2026-05-19T04:05:01Z] 5C161JEA304304  missing tcp:4566 — re-applying
adb: device '5C161JEA304304' not found
[2026-05-19T04:05:01Z] 5C161JEA304304  re-apply tcp:4566 FAILED
[2026-05-19T04:05:16Z] 5C161JEA304304  missing tcp:8080 — re-applying
adb: device '5C161JEA304304' not found
[2026-05-19T04:05:16Z] 5C161JEA304304  re-apply tcp:8080 FAILED
[2026-05-19T04:05:16Z] 5C161JEA304304  missing tcp:8081 — re-applying
adb: device '5C161JEA304304' not found
[2026-05-19T04:05:16Z] 5C161JEA304304  re-apply tcp:8081 FAILED
[2026-05-19T04:05:16Z] 5C161JEA304304  missing tcp:4566 — re-applying
adb: device '5C161JEA304304' not found
[2026-05-19T04:05:16Z] 5C161JEA304304  re-apply tcp:4566 FAILED
[2026-05-19T04:05:31Z] 5C161JEA304304  missing tcp:8080 — re-applying
adb: device '5C161JEA304304' not found
[2026-05-19T04:05:31Z] 5C161JEA304304  re-apply tcp:8080 FAILED
[2026-05-19T04:05:31Z] 5C161JEA304304  missing tcp:8081 — re-applying
adb: device '5C161JEA304304' not found
[2026-05-19T04:05:31Z] 5C161JEA304304  re-apply tcp:8081 FAILED
[2026-05-19T04:05:31Z] 5C161JEA304304  missing tcp:4566 — re-applying
adb: device '5C161JEA304304' not found
[2026-05-19T04:05:31Z] 5C161JEA304304  re-apply tcp:4566 FAILED
[2026-05-19T04:05:46Z] 5C161JEA304304  missing tcp:8080 — re-applying
adb: device '5C161JEA304304' not found
[2026-05-19T04:05:46Z] 5C161JEA304304  re-apply tcp:8080 FAILED
[2026-05-19T04:05:46Z] 5C161JEA304304  missing tcp:8081 — re-applying
adb: device '5C161JEA304304' not found
[2026-05-19T04:05:46Z] 5C161JEA304304  re-apply tcp:8081 FAILED
[2026-05-19T04:05:46Z] 5C161JEA304304  missing tcp:4566 — re-applying
adb: device '5C161JEA304304' not found
[2026-05-19T04:05:46Z] 5C161JEA304304  re-apply tcp:4566 FAILED
[2026-05-19T04:06:01Z] 5C161JEA304304  missing tcp:8080 — re-applying
adb: device '5C161JEA304304' not found
[2026-05-19T04:06:01Z] 5C161JEA304304  re-apply tcp:8080 FAILED
[2026-05-19T04:06:01Z] 5C161JEA304304  missing tcp:8081 — re-applying
adb: device '5C161JEA304304' not found
[2026-05-19T04:06:01Z] 5C161JEA304304  re-apply tcp:8081 FAILED
[2026-05-19T04:06:01Z] 5C161JEA304304  missing tcp:4566 — re-applying
adb: device '5C161JEA304304' not found
[2026-05-19T04:06:01Z] 5C161JEA304304  re-apply tcp:4566 FAILED
[2026-05-19T04:06:16Z] 5C161JEA304304  missing tcp:8080 — re-applying
adb: device '5C161JEA304304' not found
[2026-05-19T04:06:16Z] 5C161JEA304304  re-apply tcp:8080 FAILED
[2026-05-19T04:06:16Z] 5C161JEA304304  missing tcp:8081 — re-applying
adb: device '5C161JEA304304' not found
[2026-05-19T04:06:16Z] 5C161JEA304304  re-apply tcp:8081 FAILED
[2026-05-19T04:06:16Z] 5C161JEA304304  missing tcp:4566 — re-applying
adb: device '5C161JEA304304' not found
[2026-05-19T04:06:16Z] 5C161JEA304304  re-apply tcp:4566 FAILED
[2026-05-19T04:06:32Z] 5C161JEA304304  missing tcp:8080 — re-applying
adb: device '5C161JEA304304' not found
[2026-05-19T04:06:32Z] 5C161JEA304304  re-apply tcp:8080 FAILED
[2026-05-19T04:06:32Z] 5C161JEA304304  missing tcp:8081 — re-applying
adb: device '5C161JEA304304' not found
[2026-05-19T04:06:32Z] 5C161JEA304304  re-apply tcp:8081 FAILED
[2026-05-19T04:06:32Z] 5C161JEA304304  missing tcp:4566 — re-applying
adb: device '5C161JEA304304' not found
[2026-05-19T04:06:32Z] 5C161JEA304304  re-apply tcp:4566 FAILED
[2026-05-19T04:06:47Z] 5C161JEA304304  missing tcp:8080 — re-applying
adb: device '5C161JEA304304' not found
[2026-05-19T04:06:47Z] 5C161JEA304304  re-apply tcp:8080 FAILED
[2026-05-19T04:06:47Z] 5C161JEA304304  missing tcp:8081 — re-applying
adb: device '5C161JEA304304' not found
[2026-05-19T04:06:47Z] 5C161JEA304304  re-apply tcp:8081 FAILED
[2026-05-19T04:06:47Z] 5C161JEA304304  missing tcp:4566 — re-applying
adb: device '5C161JEA304304' not found
[2026-05-19T04:06:47Z] 5C161JEA304304  re-apply tcp:4566 FAILED
[2026-05-19T04:07:02Z] 5C161JEA304304  missing tcp:8080 — re-applying
adb: device '5C161JEA304304' not found
[2026-05-19T04:07:02Z] 5C161JEA304304  re-apply tcp:8080 FAILED
[2026-05-19T04:07:02Z] 5C161JEA304304  missing tcp:8081 — re-applying
adb: device '5C161JEA304304' not found
[2026-05-19T04:07:02Z] 5C161JEA304304  re-apply tcp:8081 FAILED
[2026-05-19T04:07:02Z] 5C161JEA304304  missing tcp:4566 — re-applying
adb: device '5C161JEA304304' not found
[2026-05-19T04:07:02Z] 5C161JEA304304  re-apply tcp:4566 FAILED
[2026-05-19T04:07:17Z] 5C161JEA304304  missing tcp:8080 — re-applying
adb: device '5C161JEA304304' not found
[2026-05-19T04:07:17Z] 5C161JEA304304  re-apply tcp:8080 FAILED
[2026-05-19T04:07:17Z] 5C161JEA304304  missing tcp:8081 — re-applying
adb: device '5C161JEA304304' not found
[2026-05-19T04:07:17Z] 5C161JEA304304  re-apply tcp:8081 FAILED
[2026-05-19T04:07:17Z] 5C161JEA304304  missing tcp:4566 — re-applying
adb: device '5C161JEA304304' not found
[2026-05-19T04:07:17Z] 5C161JEA304304  re-apply tcp:4566 FAILED
[2026-05-19T04:07:32Z] 5C161JEA304304  missing tcp:8080 — re-applying
adb: device '5C161JEA304304' not found
[2026-05-19T04:07:32Z] 5C161JEA304304  re-apply tcp:8080 FAILED
[2026-05-19T04:07:32Z] 5C161JEA304304  missing tcp:8081 — re-applying
adb: device '5C161JEA304304' not found
[2026-05-19T04:07:32Z] 5C161JEA304304  re-apply tcp:8081 FAILED
[2026-05-19T04:07:32Z] 5C161JEA304304  missing tcp:4566 — re-applying
adb: device '5C161JEA304304' not found
[2026-05-19T04:07:32Z] 5C161JEA304304  re-apply tcp:4566 FAILED
[2026-05-19T04:07:47Z] 5C161JEA304304  missing tcp:8080 — re-applying
adb: device '5C161JEA304304' not found
[2026-05-19T04:07:47Z] 5C161JEA304304  re-apply tcp:8080 FAILED
[2026-05-19T04:07:47Z] 5C161JEA304304  missing tcp:8081 — re-applying
adb: device '5C161JEA304304' not found
[2026-05-19T04:07:47Z] 5C161JEA304304  re-apply tcp:8081 FAILED
[2026-05-19T04:07:47Z] 5C161JEA304304  missing tcp:4566 — re-applying
adb: device '5C161JEA304304' not found
[2026-05-19T04:07:47Z] 5C161JEA304304  re-apply tcp:4566 FAILED
[2026-05-19T04:08:02Z] 5C161JEA304304  missing tcp:8080 — re-applying
adb: device '5C161JEA304304' not found
[2026-05-19T04:08:02Z] 5C161JEA304304  re-apply tcp:8080 FAILED
[2026-05-19T04:08:02Z] 5C161JEA304304  missing tcp:8081 — re-applying
adb: device '5C161JEA304304' not found
[2026-05-19T04:08:02Z] 5C161JEA304304  re-apply tcp:8081 FAILED
[2026-05-19T04:08:02Z] 5C161JEA304304  missing tcp:4566 — re-applying
adb: device '5C161JEA304304' not found
[2026-05-19T04:08:02Z] 5C161JEA304304  re-apply tcp:4566 FAILED
[2026-05-19T04:08:17Z] 5C161JEA304304  missing tcp:8080 — re-applying
adb: device '5C161JEA304304' not found
[2026-05-19T04:08:17Z] 5C161JEA304304  re-apply tcp:8080 FAILED
[2026-05-19T04:08:17Z] 5C161JEA304304  missing tcp:8081 — re-applying
adb: device '5C161JEA304304' not found
[2026-05-19T04:08:17Z] 5C161JEA304304  re-apply tcp:8081 FAILED
[2026-05-19T04:08:18Z] 5C161JEA304304  missing tcp:4566 — re-applying
adb: device '5C161JEA304304' not found
[2026-05-19T04:08:18Z] 5C161JEA304304  re-apply tcp:4566 FAILED
[2026-05-19T04:08:33Z] 5C161JEA304304  missing tcp:8080 — re-applying
adb: device '5C161JEA304304' not found
[2026-05-19T04:08:33Z] 5C161JEA304304  re-apply tcp:8080 FAILED
[2026-05-19T04:08:33Z] 5C161JEA304304  missing tcp:8081 — re-applying
adb: device '5C161JEA304304' not found
[2026-05-19T04:08:33Z] 5C161JEA304304  re-apply tcp:8081 FAILED
[2026-05-19T04:08:33Z] 5C161JEA304304  missing tcp:4566 — re-applying
adb: device '5C161JEA304304' not found
[2026-05-19T04:08:33Z] 5C161JEA304304  re-apply tcp:4566 FAILED
[2026-05-19T04:08:48Z] 5C161JEA304304  missing tcp:8080 — re-applying
adb: device '5C161JEA304304' not found
[2026-05-19T04:08:48Z] 5C161JEA304304  re-apply tcp:8080 FAILED
[2026-05-19T04:08:48Z] 5C161JEA304304  missing tcp:8081 — re-applying
adb: device '5C161JEA304304' not found
[2026-05-19T04:08:48Z] 5C161JEA304304  re-apply tcp:8081 FAILED
[2026-05-19T04:08:48Z] 5C161JEA304304  missing tcp:4566 — re-applying
adb: device '5C161JEA304304' not found
[2026-05-19T04:08:48Z] 5C161JEA304304  re-apply tcp:4566 FAILED
[2026-05-19T04:09:03Z] 5C161JEA304304  missing tcp:8080 — re-applying
adb: device '5C161JEA304304' not found
[2026-05-19T04:09:03Z] 5C161JEA304304  re-apply tcp:8080 FAILED
[2026-05-19T04:09:03Z] 5C161JEA304304  missing tcp:8081 — re-applying
adb: device '5C161JEA304304' not found
[2026-05-19T04:09:03Z] 5C161JEA304304  re-apply tcp:8081 FAILED
[2026-05-19T04:09:03Z] 5C161JEA304304  missing tcp:4566 — re-applying
adb: device '5C161JEA304304' not found
[2026-05-19T04:09:03Z] 5C161JEA304304  re-apply tcp:4566 FAILED
[2026-05-19T04:09:18Z] 5C161JEA304304  missing tcp:8080 — re-applying
adb: device '5C161JEA304304' not found
[2026-05-19T04:09:18Z] 5C161JEA304304  re-apply tcp:8080 FAILED
[2026-05-19T04:09:18Z] 5C161JEA304304  missing tcp:8081 — re-applying
adb: device '5C161JEA304304' not found
[2026-05-19T04:09:18Z] 5C161JEA304304  re-apply tcp:8081 FAILED
[2026-05-19T04:09:18Z] 5C161JEA304304  missing tcp:4566 — re-applying
adb: device '5C161JEA304304' not found
[2026-05-19T04:09:18Z] 5C161JEA304304  re-apply tcp:4566 FAILED
[2026-05-19T04:09:33Z] 5C161JEA304304  missing tcp:8080 — re-applying
adb: device '5C161JEA304304' not found
[2026-05-19T04:09:33Z] 5C161JEA304304  re-apply tcp:8080 FAILED
[2026-05-19T04:09:33Z] 5C161JEA304304  missing tcp:8081 — re-applying
adb: device '5C161JEA304304' not found
[2026-05-19T04:09:33Z] 5C161JEA304304  re-apply tcp:8081 FAILED
[2026-05-19T04:09:33Z] 5C161JEA304304  missing tcp:4566 — re-applying
adb: device '5C161JEA304304' not found
[2026-05-19T04:09:33Z] 5C161JEA304304  re-apply tcp:4566 FAILED
[2026-05-19T04:09:48Z] 5C161JEA304304  missing tcp:8080 — re-applying
adb: device '5C161JEA304304' not found
[2026-05-19T04:09:48Z] 5C161JEA304304  re-apply tcp:8080 FAILED
[2026-05-19T04:09:48Z] 5C161JEA304304  missing tcp:8081 — re-applying
adb: device '5C161JEA304304' not found
[2026-05-19T04:09:48Z] 5C161JEA304304  re-apply tcp:8081 FAILED
[2026-05-19T04:09:48Z] 5C161JEA304304  missing tcp:4566 — re-applying
adb: device '5C161JEA304304' not found
[2026-05-19T04:09:48Z] 5C161JEA304304  re-apply tcp:4566 FAILED
[2026-05-19T04:10:03Z] 5C161JEA304304  missing tcp:8080 — re-applying
adb: device '5C161JEA304304' not found
[2026-05-19T04:10:03Z] 5C161JEA304304  re-apply tcp:8080 FAILED
[2026-05-19T04:10:03Z] 5C161JEA304304  missing tcp:8081 — re-applying
adb: device '5C161JEA304304' not found
[2026-05-19T04:10:03Z] 5C161JEA304304  re-apply tcp:8081 FAILED
[2026-05-19T04:10:03Z] 5C161JEA304304  missing tcp:4566 — re-applying
adb: device '5C161JEA304304' not found
[2026-05-19T04:10:03Z] 5C161JEA304304  re-apply tcp:4566 FAILED
[2026-05-19T04:10:18Z] 5C161JEA304304  missing tcp:8080 — re-applying
adb: device '5C161JEA304304' not found
[2026-05-19T04:10:18Z] 5C161JEA304304  re-apply tcp:8080 FAILED
[2026-05-19T04:10:19Z] 5C161JEA304304  missing tcp:8081 — re-applying
adb: device '5C161JEA304304' not found
[2026-05-19T04:10:19Z] 5C161JEA304304  re-apply tcp:8081 FAILED
[2026-05-19T04:10:19Z] 5C161JEA304304  missing tcp:4566 — re-applying
adb: device '5C161JEA304304' not found
[2026-05-19T04:10:19Z] 5C161JEA304304  re-apply tcp:4566 FAILED
[2026-05-19T04:10:34Z] 5C161JEA304304  missing tcp:8080 — re-applying
adb: device '5C161JEA304304' not found
[2026-05-19T04:10:34Z] 5C161JEA304304  re-apply tcp:8080 FAILED
[2026-05-19T04:10:34Z] 5C161JEA304304  missing tcp:8081 — re-applying
adb: device '5C161JEA304304' not found
[2026-05-19T04:10:34Z] 5C161JEA304304  re-apply tcp:8081 FAILED
[2026-05-19T04:10:34Z] 5C161JEA304304  missing tcp:4566 — re-applying
adb: device '5C161JEA304304' not found
[2026-05-19T04:10:34Z] 5C161JEA304304  re-apply tcp:4566 FAILED
[2026-05-19T04:10:49Z] 5C161JEA304304  missing tcp:8080 — re-applying
adb: device '5C161JEA304304' not found
[2026-05-19T04:10:49Z] 5C161JEA304304  re-apply tcp:8080 FAILED
[2026-05-19T04:10:49Z] 5C161JEA304304  missing tcp:8081 — re-applying
adb: device '5C161JEA304304' not found
[2026-05-19T04:10:49Z] 5C161JEA304304  re-apply tcp:8081 FAILED
[2026-05-19T04:10:49Z] 5C161JEA304304  missing tcp:4566 — re-applying
adb: device '5C161JEA304304' not found
[2026-05-19T04:10:49Z] 5C161JEA304304  re-apply tcp:4566 FAILED
[2026-05-19T04:11:04Z] 5C161JEA304304  missing tcp:8080 — re-applying
adb: device '5C161JEA304304' not found
[2026-05-19T04:11:04Z] 5C161JEA304304  re-apply tcp:8080 FAILED
[2026-05-19T04:11:04Z] 5C161JEA304304  missing tcp:8081 — re-applying
adb: device '5C161JEA304304' not found
[2026-05-19T04:11:04Z] 5C161JEA304304  re-apply tcp:8081 FAILED
[2026-05-19T04:11:04Z] 5C161JEA304304  missing tcp:4566 — re-applying
adb: device '5C161JEA304304' not found
[2026-05-19T04:11:04Z] 5C161JEA304304  re-apply tcp:4566 FAILED
[2026-05-19T04:11:19Z] 5C161JEA304304  missing tcp:8080 — re-applying
adb: device '5C161JEA304304' not found
[2026-05-19T04:11:19Z] 5C161JEA304304  re-apply tcp:8080 FAILED
[2026-05-19T04:11:19Z] 5C161JEA304304  missing tcp:8081 — re-applying
adb: device '5C161JEA304304' not found
[2026-05-19T04:11:19Z] 5C161JEA304304  re-apply tcp:8081 FAILED
[2026-05-19T04:11:19Z] 5C161JEA304304  missing tcp:4566 — re-applying
adb: device '5C161JEA304304' not found
[2026-05-19T04:11:19Z] 5C161JEA304304  re-apply tcp:4566 FAILED
[2026-05-19T04:11:34Z] 5C161JEA304304  missing tcp:8080 — re-applying
adb: device '5C161JEA304304' not found
[2026-05-19T04:11:34Z] 5C161JEA304304  re-apply tcp:8080 FAILED
[2026-05-19T04:11:34Z] 5C161JEA304304  missing tcp:8081 — re-applying
adb: device '5C161JEA304304' not found
[2026-05-19T04:11:34Z] 5C161JEA304304  re-apply tcp:8081 FAILED
[2026-05-19T04:11:34Z] 5C161JEA304304  missing tcp:4566 — re-applying
adb: device '5C161JEA304304' not found
[2026-05-19T04:11:34Z] 5C161JEA304304  re-apply tcp:4566 FAILED
[2026-05-19T04:11:49Z] 5C161JEA304304  missing tcp:8080 — re-applying
adb: device '5C161JEA304304' not found
[2026-05-19T04:11:49Z] 5C161JEA304304  re-apply tcp:8080 FAILED
[2026-05-19T04:11:49Z] 5C161JEA304304  missing tcp:8081 — re-applying
adb: device '5C161JEA304304' not found
[2026-05-19T04:11:49Z] 5C161JEA304304  re-apply tcp:8081 FAILED
[2026-05-19T04:11:49Z] 5C161JEA304304  missing tcp:4566 — re-applying
adb: device '5C161JEA304304' not found
[2026-05-19T04:11:49Z] 5C161JEA304304  re-apply tcp:4566 FAILED
[2026-05-19T04:12:04Z] 5C161JEA304304  missing tcp:8080 — re-applying
adb: device '5C161JEA304304' not found
[2026-05-19T04:12:04Z] 5C161JEA304304  re-apply tcp:8080 FAILED
[2026-05-19T04:12:04Z] 5C161JEA304304  missing tcp:8081 — re-applying
adb: device '5C161JEA304304' not found
[2026-05-19T04:12:04Z] 5C161JEA304304  re-apply tcp:8081 FAILED
[2026-05-19T04:12:04Z] 5C161JEA304304  missing tcp:4566 — re-applying
adb: device '5C161JEA304304' not found
[2026-05-19T04:12:04Z] 5C161JEA304304  re-apply tcp:4566 FAILED
[2026-05-19T04:12:20Z] 5C161JEA304304  missing tcp:8080 — re-applying
adb: device '5C161JEA304304' not found
[2026-05-19T04:12:20Z] 5C161JEA304304  re-apply tcp:8080 FAILED
[2026-05-19T04:12:20Z] 5C161JEA304304  missing tcp:8081 — re-applying
adb: device '5C161JEA304304' not found
[2026-05-19T04:12:20Z] 5C161JEA304304  re-apply tcp:8081 FAILED
[2026-05-19T04:12:20Z] 5C161JEA304304  missing tcp:4566 — re-applying
adb: device '5C161JEA304304' not found
[2026-05-19T04:12:20Z] 5C161JEA304304  re-apply tcp:4566 FAILED
[2026-05-19T04:12:35Z] 5C161JEA304304  missing tcp:8080 — re-applying
adb: device '5C161JEA304304' not found
[2026-05-19T04:12:35Z] 5C161JEA304304  re-apply tcp:8080 FAILED
[2026-05-19T04:12:35Z] 5C161JEA304304  missing tcp:8081 — re-applying
adb: device '5C161JEA304304' not found
[2026-05-19T04:12:35Z] 5C161JEA304304  re-apply tcp:8081 FAILED
[2026-05-19T04:12:35Z] 5C161JEA304304  missing tcp:4566 — re-applying
adb: device '5C161JEA304304' not found
[2026-05-19T04:12:35Z] 5C161JEA304304  re-apply tcp:4566 FAILED
[2026-05-19T04:12:50Z] 5C161JEA304304  missing tcp:8080 — re-applying
adb: device '5C161JEA304304' not found
[2026-05-19T04:12:50Z] 5C161JEA304304  re-apply tcp:8080 FAILED
[2026-05-19T04:12:50Z] 5C161JEA304304  missing tcp:8081 — re-applying
adb: device '5C161JEA304304' not found
[2026-05-19T04:12:50Z] 5C161JEA304304  re-apply tcp:8081 FAILED
[2026-05-19T04:12:50Z] 5C161JEA304304  missing tcp:4566 — re-applying
adb: device '5C161JEA304304' not found
[2026-05-19T04:12:50Z] 5C161JEA304304  re-apply tcp:4566 FAILED
[2026-05-19T04:13:05Z] 5C161JEA304304  missing tcp:8080 — re-applying
adb: device '5C161JEA304304' not found
[2026-05-19T04:13:05Z] 5C161JEA304304  re-apply tcp:8080 FAILED
[2026-05-19T04:13:05Z] 5C161JEA304304  missing tcp:8081 — re-applying
adb: device '5C161JEA304304' not found
[2026-05-19T04:13:05Z] 5C161JEA304304  re-apply tcp:8081 FAILED
[2026-05-19T04:13:05Z] 5C161JEA304304  missing tcp:4566 — re-applying
adb: device '5C161JEA304304' not found
[2026-05-19T04:13:05Z] 5C161JEA304304  re-apply tcp:4566 FAILED
[2026-05-19T04:13:20Z] 5C161JEA304304  missing tcp:8080 — re-applying
adb: device '5C161JEA304304' not found
[2026-05-19T04:13:20Z] 5C161JEA304304  re-apply tcp:8080 FAILED
[2026-05-19T04:13:20Z] 5C161JEA304304  missing tcp:8081 — re-applying
adb: device '5C161JEA304304' not found
[2026-05-19T04:13:20Z] 5C161JEA304304  re-apply tcp:8081 FAILED
[2026-05-19T04:13:20Z] 5C161JEA304304  missing tcp:4566 — re-applying
adb: device '5C161JEA304304' not found
[2026-05-19T04:13:20Z] 5C161JEA304304  re-apply tcp:4566 FAILED
[2026-05-19T04:13:35Z] 5C161JEA304304  missing tcp:8080 — re-applying
adb: device '5C161JEA304304' not found
[2026-05-19T04:13:35Z] 5C161JEA304304  re-apply tcp:8080 FAILED
[2026-05-19T04:13:35Z] 5C161JEA304304  missing tcp:8081 — re-applying
adb: device '5C161JEA304304' not found
[2026-05-19T04:13:35Z] 5C161JEA304304  re-apply tcp:8081 FAILED
[2026-05-19T04:13:35Z] 5C161JEA304304  missing tcp:4566 — re-applying
adb: device '5C161JEA304304' not found
[2026-05-19T04:13:35Z] 5C161JEA304304  re-apply tcp:4566 FAILED
[2026-05-19T04:13:51Z] 5C161JEA304304  missing tcp:8080 — re-applying
adb: device '5C161JEA304304' not found
[2026-05-19T04:13:51Z] 5C161JEA304304  re-apply tcp:8080 FAILED
[2026-05-19T04:13:51Z] 5C161JEA304304  missing tcp:8081 — re-applying
adb: device '5C161JEA304304' not found
[2026-05-19T04:13:51Z] 5C161JEA304304  re-apply tcp:8081 FAILED
[2026-05-19T04:13:51Z] 5C161JEA304304  missing tcp:4566 — re-applying
adb: device '5C161JEA304304' not found
[2026-05-19T04:13:51Z] 5C161JEA304304  re-apply tcp:4566 FAILED
[2026-05-19T04:14:06Z] 5C161JEA304304  missing tcp:8080 — re-applying
adb: device '5C161JEA304304' not found
[2026-05-19T04:14:06Z] 5C161JEA304304  re-apply tcp:8080 FAILED
[2026-05-19T04:14:06Z] 5C161JEA304304  missing tcp:8081 — re-applying
adb: device '5C161JEA304304' not found
[2026-05-19T04:14:06Z] 5C161JEA304304  re-apply tcp:8081 FAILED
[2026-05-19T04:14:06Z] 5C161JEA304304  missing tcp:4566 — re-applying
adb: device '5C161JEA304304' not found
[2026-05-19T04:14:06Z] 5C161JEA304304  re-apply tcp:4566 FAILED
[2026-05-19T04:14:21Z] 5C161JEA304304  missing tcp:8080 — re-applying
adb: device '5C161JEA304304' not found
[2026-05-19T04:14:21Z] 5C161JEA304304  re-apply tcp:8080 FAILED
[2026-05-19T04:14:21Z] 5C161JEA304304  missing tcp:8081 — re-applying
adb: device '5C161JEA304304' not found
[2026-05-19T04:14:21Z] 5C161JEA304304  re-apply tcp:8081 FAILED
[2026-05-19T04:14:21Z] 5C161JEA304304  missing tcp:4566 — re-applying
adb: device '5C161JEA304304' not found
[2026-05-19T04:14:21Z] 5C161JEA304304  re-apply tcp:4566 FAILED
[2026-05-19T04:14:36Z] 5C161JEA304304  missing tcp:8080 — re-applying
adb: device '5C161JEA304304' not found
[2026-05-19T04:14:36Z] 5C161JEA304304  re-apply tcp:8080 FAILED
[2026-05-19T04:14:36Z] 5C161JEA304304  missing tcp:8081 — re-applying
adb: device '5C161JEA304304' not found
[2026-05-19T04:14:36Z] 5C161JEA304304  re-apply tcp:8081 FAILED
[2026-05-19T04:14:36Z] 5C161JEA304304  missing tcp:4566 — re-applying
adb: device '5C161JEA304304' not found
[2026-05-19T04:14:36Z] 5C161JEA304304  re-apply tcp:4566 FAILED
[2026-05-19T04:14:51Z] 5C161JEA304304  missing tcp:8080 — re-applying
adb: device '5C161JEA304304' not found
[2026-05-19T04:14:51Z] 5C161JEA304304  re-apply tcp:8080 FAILED
[2026-05-19T04:14:51Z] 5C161JEA304304  missing tcp:8081 — re-applying
adb: device '5C161JEA304304' not found
[2026-05-19T04:14:51Z] 5C161JEA304304  re-apply tcp:8081 FAILED
[2026-05-19T04:14:51Z] 5C161JEA304304  missing tcp:4566 — re-applying
adb: device '5C161JEA304304' not found
[2026-05-19T04:14:51Z] 5C161JEA304304  re-apply tcp:4566 FAILED
[2026-05-19T04:15:06Z] 5C161JEA304304  missing tcp:8080 — re-applying
adb: device '5C161JEA304304' not found
[2026-05-19T04:15:06Z] 5C161JEA304304  re-apply tcp:8080 FAILED
[2026-05-19T04:15:06Z] 5C161JEA304304  missing tcp:8081 — re-applying
adb: device '5C161JEA304304' not found
[2026-05-19T04:15:06Z] 5C161JEA304304  re-apply tcp:8081 FAILED
[2026-05-19T04:15:07Z] 5C161JEA304304  missing tcp:4566 — re-applying
adb: device '5C161JEA304304' not found
[2026-05-19T04:15:07Z] 5C161JEA304304  re-apply tcp:4566 FAILED
[2026-05-19T04:15:22Z] 5C161JEA304304  missing tcp:8080 — re-applying
adb: device '5C161JEA304304' not found
[2026-05-19T04:15:22Z] 5C161JEA304304  re-apply tcp:8080 FAILED
[2026-05-19T04:15:22Z] 5C161JEA304304  missing tcp:8081 — re-applying
adb: device '5C161JEA304304' not found
[2026-05-19T04:15:22Z] 5C161JEA304304  re-apply tcp:8081 FAILED
[2026-05-19T04:15:22Z] 5C161JEA304304  missing tcp:4566 — re-applying
adb: device '5C161JEA304304' not found
[2026-05-19T04:15:22Z] 5C161JEA304304  re-apply tcp:4566 FAILED
[2026-05-19T04:15:37Z] 5C161JEA304304  missing tcp:8080 — re-applying
adb: device '5C161JEA304304' not found
[2026-05-19T04:15:37Z] 5C161JEA304304  re-apply tcp:8080 FAILED
[2026-05-19T04:15:37Z] 5C161JEA304304  missing tcp:8081 — re-applying
adb: device '5C161JEA304304' not found
[2026-05-19T04:15:37Z] 5C161JEA304304  re-apply tcp:8081 FAILED
[2026-05-19T04:15:37Z] 5C161JEA304304  missing tcp:4566 — re-applying
adb: device '5C161JEA304304' not found
[2026-05-19T04:15:37Z] 5C161JEA304304  re-apply tcp:4566 FAILED
[2026-05-19T04:15:52Z] 5C161JEA304304  missing tcp:8080 — re-applying
adb: device '5C161JEA304304' not found
[2026-05-19T04:15:52Z] 5C161JEA304304  re-apply tcp:8080 FAILED
[2026-05-19T04:15:52Z] 5C161JEA304304  missing tcp:8081 — re-applying
adb: device '5C161JEA304304' not found
[2026-05-19T04:15:52Z] 5C161JEA304304  re-apply tcp:8081 FAILED
[2026-05-19T04:15:52Z] 5C161JEA304304  missing tcp:4566 — re-applying
adb: device '5C161JEA304304' not found
[2026-05-19T04:15:52Z] 5C161JEA304304  re-apply tcp:4566 FAILED
[2026-05-19T04:16:07Z] 5C161JEA304304  missing tcp:8080 — re-applying
adb: device '5C161JEA304304' not found
[2026-05-19T04:16:07Z] 5C161JEA304304  re-apply tcp:8080 FAILED
[2026-05-19T04:16:07Z] 5C161JEA304304  missing tcp:8081 — re-applying
adb: device '5C161JEA304304' not found
[2026-05-19T04:16:07Z] 5C161JEA304304  re-apply tcp:8081 FAILED
[2026-05-19T04:16:07Z] 5C161JEA304304  missing tcp:4566 — re-applying
adb: device '5C161JEA304304' not found
[2026-05-19T04:16:07Z] 5C161JEA304304  re-apply tcp:4566 FAILED
[2026-05-19T04:16:23Z] 5C161JEA304304  missing tcp:8080 — re-applying
adb: device '5C161JEA304304' not found
[2026-05-19T04:16:23Z] 5C161JEA304304  re-apply tcp:8080 FAILED
[2026-05-19T04:16:23Z] 5C161JEA304304  missing tcp:8081 — re-applying
adb: device '5C161JEA304304' not found
[2026-05-19T04:16:23Z] 5C161JEA304304  re-apply tcp:8081 FAILED
[2026-05-19T04:16:23Z] 5C161JEA304304  missing tcp:4566 — re-applying
adb: device '5C161JEA304304' not found
[2026-05-19T04:16:23Z] 5C161JEA304304  re-apply tcp:4566 FAILED
[2026-05-19T04:16:38Z] 5C161JEA304304  missing tcp:8080 — re-applying
adb: device '5C161JEA304304' not found
[2026-05-19T04:16:38Z] 5C161JEA304304  re-apply tcp:8080 FAILED
[2026-05-19T04:16:38Z] 5C161JEA304304  missing tcp:8081 — re-applying
adb: device '5C161JEA304304' not found
[2026-05-19T04:16:38Z] 5C161JEA304304  re-apply tcp:8081 FAILED
[2026-05-19T04:16:38Z] 5C161JEA304304  missing tcp:4566 — re-applying
adb: device '5C161JEA304304' not found
[2026-05-19T04:16:38Z] 5C161JEA304304  re-apply tcp:4566 FAILED
[2026-05-19T04:16:53Z] 5C161JEA304304  missing tcp:8080 — re-applying
adb: device '5C161JEA304304' not found
[2026-05-19T04:16:53Z] 5C161JEA304304  re-apply tcp:8080 FAILED
[2026-05-19T04:16:53Z] 5C161JEA304304  missing tcp:8081 — re-applying
adb: device '5C161JEA304304' not found
[2026-05-19T04:16:53Z] 5C161JEA304304  re-apply tcp:8081 FAILED
[2026-05-19T04:16:53Z] 5C161JEA304304  missing tcp:4566 — re-applying
adb: device '5C161JEA304304' not found
[2026-05-19T04:16:53Z] 5C161JEA304304  re-apply tcp:4566 FAILED
[2026-05-19T04:17:08Z] 5C161JEA304304  missing tcp:8080 — re-applying
adb: device '5C161JEA304304' not found
[2026-05-19T04:17:08Z] 5C161JEA304304  re-apply tcp:8080 FAILED
[2026-05-19T04:17:08Z] 5C161JEA304304  missing tcp:8081 — re-applying
adb: device '5C161JEA304304' not found
[2026-05-19T04:17:08Z] 5C161JEA304304  re-apply tcp:8081 FAILED
[2026-05-19T04:17:08Z] 5C161JEA304304  missing tcp:4566 — re-applying
adb: device '5C161JEA304304' not found
[2026-05-19T04:17:08Z] 5C161JEA304304  re-apply tcp:4566 FAILED
[2026-05-19T04:17:23Z] 5C161JEA304304  missing tcp:8080 — re-applying
adb: device '5C161JEA304304' not found
[2026-05-19T04:17:23Z] 5C161JEA304304  re-apply tcp:8080 FAILED
[2026-05-19T04:17:23Z] 5C161JEA304304  missing tcp:8081 — re-applying
adb: device '5C161JEA304304' not found
[2026-05-19T04:17:23Z] 5C161JEA304304  re-apply tcp:8081 FAILED
[2026-05-19T04:17:23Z] 5C161JEA304304  missing tcp:4566 — re-applying
adb: device '5C161JEA304304' not found
[2026-05-19T04:17:23Z] 5C161JEA304304  re-apply tcp:4566 FAILED
[2026-05-19T04:17:38Z] 5C161JEA304304  missing tcp:8080 — re-applying
adb: device '5C161JEA304304' not found
[2026-05-19T04:17:38Z] 5C161JEA304304  re-apply tcp:8080 FAILED
[2026-05-19T04:17:38Z] 5C161JEA304304  missing tcp:8081 — re-applying
adb: device '5C161JEA304304' not found
[2026-05-19T04:17:38Z] 5C161JEA304304  re-apply tcp:8081 FAILED
[2026-05-19T04:17:38Z] 5C161JEA304304  missing tcp:4566 — re-applying
adb: device '5C161JEA304304' not found
[2026-05-19T04:17:38Z] 5C161JEA304304  re-apply tcp:4566 FAILED
[2026-05-19T04:17:53Z] 5C161JEA304304  missing tcp:8080 — re-applying
adb: device '5C161JEA304304' not found
[2026-05-19T04:17:53Z] 5C161JEA304304  re-apply tcp:8080 FAILED
[2026-05-19T04:17:53Z] 5C161JEA304304  missing tcp:8081 — re-applying
adb: device '5C161JEA304304' not found
[2026-05-19T04:17:53Z] 5C161JEA304304  re-apply tcp:8081 FAILED
[2026-05-19T04:17:54Z] 5C161JEA304304  missing tcp:4566 — re-applying
adb: device '5C161JEA304304' not found
[2026-05-19T04:17:54Z] 5C161JEA304304  re-apply tcp:4566 FAILED
[2026-05-19T04:18:09Z] 5C161JEA304304  missing tcp:8080 — re-applying
adb: device '5C161JEA304304' not found
[2026-05-19T04:18:09Z] 5C161JEA304304  re-apply tcp:8080 FAILED
[2026-05-19T04:18:09Z] 5C161JEA304304  missing tcp:8081 — re-applying
adb: device '5C161JEA304304' not found
[2026-05-19T04:18:09Z] 5C161JEA304304  re-apply tcp:8081 FAILED
[2026-05-19T04:18:09Z] 5C161JEA304304  missing tcp:4566 — re-applying
adb: device '5C161JEA304304' not found
[2026-05-19T04:18:09Z] 5C161JEA304304  re-apply tcp:4566 FAILED
[2026-05-19T04:18:24Z] 5C161JEA304304  missing tcp:8080 — re-applying
adb: device '5C161JEA304304' not found
[2026-05-19T04:18:24Z] 5C161JEA304304  re-apply tcp:8080 FAILED
[2026-05-19T04:18:24Z] 5C161JEA304304  missing tcp:8081 — re-applying
adb: device '5C161JEA304304' not found
[2026-05-19T04:18:24Z] 5C161JEA304304  re-apply tcp:8081 FAILED
[2026-05-19T04:18:24Z] 5C161JEA304304  missing tcp:4566 — re-applying
adb: device '5C161JEA304304' not found
[2026-05-19T04:18:24Z] 5C161JEA304304  re-apply tcp:4566 FAILED
[2026-05-19T04:18:39Z] 5C161JEA304304  missing tcp:8080 — re-applying
adb: device '5C161JEA304304' not found
[2026-05-19T04:18:39Z] 5C161JEA304304  re-apply tcp:8080 FAILED
[2026-05-19T04:18:39Z] 5C161JEA304304  missing tcp:8081 — re-applying
adb: device '5C161JEA304304' not found
[2026-05-19T04:18:39Z] 5C161JEA304304  re-apply tcp:8081 FAILED
[2026-05-19T04:18:39Z] 5C161JEA304304  missing tcp:4566 — re-applying
adb: device '5C161JEA304304' not found
[2026-05-19T04:18:39Z] 5C161JEA304304  re-apply tcp:4566 FAILED
[2026-05-19T04:18:54Z] 5C161JEA304304  missing tcp:8080 — re-applying
adb: device '5C161JEA304304' not found
[2026-05-19T04:18:54Z] 5C161JEA304304  re-apply tcp:8080 FAILED
[2026-05-19T04:18:54Z] 5C161JEA304304  missing tcp:8081 — re-applying
adb: device '5C161JEA304304' not found
[2026-05-19T04:18:54Z] 5C161JEA304304  re-apply tcp:8081 FAILED
[2026-05-19T04:18:54Z] 5C161JEA304304  missing tcp:4566 — re-applying
adb: device '5C161JEA304304' not found
[2026-05-19T04:18:54Z] 5C161JEA304304  re-apply tcp:4566 FAILED
[2026-05-19T04:19:09Z] 5C161JEA304304  missing tcp:8080 — re-applying
adb: device '5C161JEA304304' not found
[2026-05-19T04:19:09Z] 5C161JEA304304  re-apply tcp:8080 FAILED
[2026-05-19T04:19:09Z] 5C161JEA304304  missing tcp:8081 — re-applying
adb: device '5C161JEA304304' not found
[2026-05-19T04:19:09Z] 5C161JEA304304  re-apply tcp:8081 FAILED
[2026-05-19T04:19:09Z] 5C161JEA304304  missing tcp:4566 — re-applying
adb: device '5C161JEA304304' not found
[2026-05-19T04:19:09Z] 5C161JEA304304  re-apply tcp:4566 FAILED
[2026-05-19T04:19:24Z] 5C161JEA304304  missing tcp:8080 — re-applying
adb: device '5C161JEA304304' not found
[2026-05-19T04:19:24Z] 5C161JEA304304  re-apply tcp:8080 FAILED
[2026-05-19T04:19:24Z] 5C161JEA304304  missing tcp:8081 — re-applying
adb: device '5C161JEA304304' not found
[2026-05-19T04:19:24Z] 5C161JEA304304  re-apply tcp:8081 FAILED
[2026-05-19T04:19:24Z] 5C161JEA304304  missing tcp:4566 — re-applying
adb: device '5C161JEA304304' not found
[2026-05-19T04:19:24Z] 5C161JEA304304  re-apply tcp:4566 FAILED
[2026-05-19T04:19:39Z] 5C161JEA304304  missing tcp:8080 — re-applying
adb: device '5C161JEA304304' not found
[2026-05-19T04:19:39Z] 5C161JEA304304  re-apply tcp:8080 FAILED
[2026-05-19T04:19:39Z] 5C161JEA304304  missing tcp:8081 — re-applying
adb: device '5C161JEA304304' not found
[2026-05-19T04:19:39Z] 5C161JEA304304  re-apply tcp:8081 FAILED
[2026-05-19T04:19:39Z] 5C161JEA304304  missing tcp:4566 — re-applying
adb: device '5C161JEA304304' not found
[2026-05-19T04:19:39Z] 5C161JEA304304  re-apply tcp:4566 FAILED
[2026-05-19T04:19:55Z] 5C161JEA304304  missing tcp:8080 — re-applying
adb: device '5C161JEA304304' not found
[2026-05-19T04:19:55Z] 5C161JEA304304  re-apply tcp:8080 FAILED
[2026-05-19T04:19:55Z] 5C161JEA304304  missing tcp:8081 — re-applying
adb: device '5C161JEA304304' not found
[2026-05-19T04:19:55Z] 5C161JEA304304  re-apply tcp:8081 FAILED
[2026-05-19T04:19:55Z] 5C161JEA304304  missing tcp:4566 — re-applying
adb: device '5C161JEA304304' not found
[2026-05-19T04:19:55Z] 5C161JEA304304  re-apply tcp:4566 FAILED
[2026-05-19T04:20:10Z] 5C161JEA304304  missing tcp:8080 — re-applying
adb: device '5C161JEA304304' not found
[2026-05-19T04:20:10Z] 5C161JEA304304  re-apply tcp:8080 FAILED
[2026-05-19T04:20:10Z] 5C161JEA304304  missing tcp:8081 — re-applying
adb: device '5C161JEA304304' not found
[2026-05-19T04:20:10Z] 5C161JEA304304  re-apply tcp:8081 FAILED
[2026-05-19T04:20:10Z] 5C161JEA304304  missing tcp:4566 — re-applying
adb: device '5C161JEA304304' not found
[2026-05-19T04:20:10Z] 5C161JEA304304  re-apply tcp:4566 FAILED
[2026-05-19T04:20:25Z] 5C161JEA304304  missing tcp:8080 — re-applying
adb: device '5C161JEA304304' not found
[2026-05-19T04:20:25Z] 5C161JEA304304  re-apply tcp:8080 FAILED
[2026-05-19T04:20:25Z] 5C161JEA304304  missing tcp:8081 — re-applying
adb: device '5C161JEA304304' not found
[2026-05-19T04:20:25Z] 5C161JEA304304  re-apply tcp:8081 FAILED
[2026-05-19T04:20:25Z] 5C161JEA304304  missing tcp:4566 — re-applying
adb: device '5C161JEA304304' not found
[2026-05-19T04:20:25Z] 5C161JEA304304  re-apply tcp:4566 FAILED
[2026-05-19T04:20:40Z] 5C161JEA304304  missing tcp:8080 — re-applying
adb: device '5C161JEA304304' not found
[2026-05-19T04:20:40Z] 5C161JEA304304  re-apply tcp:8080 FAILED
[2026-05-19T04:20:40Z] 5C161JEA304304  missing tcp:8081 — re-applying
adb: device '5C161JEA304304' not found
[2026-05-19T04:20:40Z] 5C161JEA304304  re-apply tcp:8081 FAILED
[2026-05-19T04:20:40Z] 5C161JEA304304  missing tcp:4566 — re-applying
adb: device '5C161JEA304304' not found
[2026-05-19T04:20:40Z] 5C161JEA304304  re-apply tcp:4566 FAILED
[2026-05-19T04:20:55Z] 5C161JEA304304  missing tcp:8080 — re-applying
adb: device '5C161JEA304304' not found
[2026-05-19T04:20:55Z] 5C161JEA304304  re-apply tcp:8080 FAILED
[2026-05-19T04:20:55Z] 5C161JEA304304  missing tcp:8081 — re-applying
adb: device '5C161JEA304304' not found
[2026-05-19T04:20:55Z] 5C161JEA304304  re-apply tcp:8081 FAILED
[2026-05-19T04:20:55Z] 5C161JEA304304  missing tcp:4566 — re-applying
adb: device '5C161JEA304304' not found
[2026-05-19T04:20:55Z] 5C161JEA304304  re-apply tcp:4566 FAILED
[2026-05-19T04:21:10Z] 5C161JEA304304  missing tcp:8080 — re-applying
adb: device '5C161JEA304304' not found
[2026-05-19T04:21:10Z] 5C161JEA304304  re-apply tcp:8080 FAILED
[2026-05-19T04:21:10Z] 5C161JEA304304  missing tcp:8081 — re-applying
adb: device '5C161JEA304304' not found
[2026-05-19T04:21:10Z] 5C161JEA304304  re-apply tcp:8081 FAILED
[2026-05-19T04:21:10Z] 5C161JEA304304  missing tcp:4566 — re-applying
adb: device '5C161JEA304304' not found
[2026-05-19T04:21:10Z] 5C161JEA304304  re-apply tcp:4566 FAILED
[2026-05-19T04:21:25Z] 5C161JEA304304  missing tcp:8080 — re-applying
adb: device '5C161JEA304304' not found
[2026-05-19T04:21:25Z] 5C161JEA304304  re-apply tcp:8080 FAILED
[2026-05-19T04:21:25Z] 5C161JEA304304  missing tcp:8081 — re-applying
adb: device '5C161JEA304304' not found
[2026-05-19T04:21:25Z] 5C161JEA304304  re-apply tcp:8081 FAILED
[2026-05-19T04:21:25Z] 5C161JEA304304  missing tcp:4566 — re-applying
adb: device '5C161JEA304304' not found
[2026-05-19T04:21:25Z] 5C161JEA304304  re-apply tcp:4566 FAILED
[2026-05-19T04:21:40Z] 5C161JEA304304  missing tcp:8080 — re-applying
adb: device '5C161JEA304304' not found
[2026-05-19T04:21:40Z] 5C161JEA304304  re-apply tcp:8080 FAILED
[2026-05-19T04:21:40Z] 5C161JEA304304  missing tcp:8081 — re-applying
adb: device '5C161JEA304304' not found
[2026-05-19T04:21:40Z] 5C161JEA304304  re-apply tcp:8081 FAILED
[2026-05-19T04:21:40Z] 5C161JEA304304  missing tcp:4566 — re-applying
adb: device '5C161JEA304304' not found
[2026-05-19T04:21:40Z] 5C161JEA304304  re-apply tcp:4566 FAILED
[2026-05-19T04:21:56Z] 5C161JEA304304  missing tcp:8080 — re-applying
adb: device '5C161JEA304304' not found
[2026-05-19T04:21:56Z] 5C161JEA304304  re-apply tcp:8080 FAILED
[2026-05-19T04:21:56Z] 5C161JEA304304  missing tcp:8081 — re-applying
adb: device '5C161JEA304304' not found
[2026-05-19T04:21:56Z] 5C161JEA304304  re-apply tcp:8081 FAILED
[2026-05-19T04:21:56Z] 5C161JEA304304  missing tcp:4566 — re-applying
adb: device '5C161JEA304304' not found
[2026-05-19T04:21:56Z] 5C161JEA304304  re-apply tcp:4566 FAILED
[2026-05-19T04:22:11Z] 5C161JEA304304  missing tcp:8080 — re-applying
adb: device '5C161JEA304304' not found
[2026-05-19T04:22:11Z] 5C161JEA304304  re-apply tcp:8080 FAILED
[2026-05-19T04:22:11Z] 5C161JEA304304  missing tcp:8081 — re-applying
adb: device '5C161JEA304304' not found
[2026-05-19T04:22:11Z] 5C161JEA304304  re-apply tcp:8081 FAILED
[2026-05-19T04:22:11Z] 5C161JEA304304  missing tcp:4566 — re-applying
adb: device '5C161JEA304304' not found
[2026-05-19T04:22:11Z] 5C161JEA304304  re-apply tcp:4566 FAILED
[2026-05-19T04:22:26Z] 5C161JEA304304  missing tcp:8080 — re-applying
adb: device '5C161JEA304304' not found
[2026-05-19T04:22:26Z] 5C161JEA304304  re-apply tcp:8080 FAILED
[2026-05-19T04:22:26Z] 5C161JEA304304  missing tcp:8081 — re-applying
adb: device '5C161JEA304304' not found
[2026-05-19T04:22:26Z] 5C161JEA304304  re-apply tcp:8081 FAILED
[2026-05-19T04:22:26Z] 5C161JEA304304  missing tcp:4566 — re-applying
adb: device '5C161JEA304304' not found
[2026-05-19T04:22:26Z] 5C161JEA304304  re-apply tcp:4566 FAILED
[2026-05-19T04:22:41Z] 5C161JEA304304  missing tcp:8080 — re-applying
adb: device '5C161JEA304304' not found
[2026-05-19T04:22:41Z] 5C161JEA304304  re-apply tcp:8080 FAILED
[2026-05-19T04:22:41Z] 5C161JEA304304  missing tcp:8081 — re-applying
adb: device '5C161JEA304304' not found
[2026-05-19T04:22:41Z] 5C161JEA304304  re-apply tcp:8081 FAILED
[2026-05-19T04:22:41Z] 5C161JEA304304  missing tcp:4566 — re-applying
adb: device '5C161JEA304304' not found
[2026-05-19T04:22:41Z] 5C161JEA304304  re-apply tcp:4566 FAILED
[2026-05-19T04:22:56Z] 5C161JEA304304  missing tcp:8080 — re-applying
adb: device '5C161JEA304304' not found
[2026-05-19T04:22:56Z] 5C161JEA304304  re-apply tcp:8080 FAILED
[2026-05-19T04:22:56Z] 5C161JEA304304  missing tcp:8081 — re-applying
adb: device '5C161JEA304304' not found
[2026-05-19T04:22:56Z] 5C161JEA304304  re-apply tcp:8081 FAILED
[2026-05-19T04:22:56Z] 5C161JEA304304  missing tcp:4566 — re-applying
adb: device '5C161JEA304304' not found
[2026-05-19T04:22:56Z] 5C161JEA304304  re-apply tcp:4566 FAILED
[2026-05-19T04:23:11Z] 5C161JEA304304  missing tcp:8080 — re-applying
adb: device '5C161JEA304304' not found
[2026-05-19T04:23:11Z] 5C161JEA304304  re-apply tcp:8080 FAILED
[2026-05-19T04:23:11Z] 5C161JEA304304  missing tcp:8081 — re-applying
adb: device '5C161JEA304304' not found
[2026-05-19T04:23:11Z] 5C161JEA304304  re-apply tcp:8081 FAILED
[2026-05-19T04:23:11Z] 5C161JEA304304  missing tcp:4566 — re-applying
adb: device '5C161JEA304304' not found
[2026-05-19T04:23:11Z] 5C161JEA304304  re-apply tcp:4566 FAILED
[2026-05-19T04:23:26Z] 5C161JEA304304  missing tcp:8080 — re-applying
adb: device '5C161JEA304304' not found
[2026-05-19T04:23:26Z] 5C161JEA304304  re-apply tcp:8080 FAILED
[2026-05-19T04:23:26Z] 5C161JEA304304  missing tcp:8081 — re-applying
adb: device '5C161JEA304304' not found
[2026-05-19T04:23:26Z] 5C161JEA304304  re-apply tcp:8081 FAILED
[2026-05-19T04:23:26Z] 5C161JEA304304  missing tcp:4566 — re-applying
adb: device '5C161JEA304304' not found
[2026-05-19T04:23:26Z] 5C161JEA304304  re-apply tcp:4566 FAILED
[2026-05-19T04:23:41Z] 5C161JEA304304  missing tcp:8080 — re-applying
adb: device '5C161JEA304304' not found
[2026-05-19T04:23:41Z] 5C161JEA304304  re-apply tcp:8080 FAILED
[2026-05-19T04:23:42Z] 5C161JEA304304  missing tcp:8081 — re-applying
adb: device '5C161JEA304304' not found
[2026-05-19T04:23:42Z] 5C161JEA304304  re-apply tcp:8081 FAILED
[2026-05-19T04:23:42Z] 5C161JEA304304  missing tcp:4566 — re-applying
adb: device '5C161JEA304304' not found
[2026-05-19T04:23:42Z] 5C161JEA304304  re-apply tcp:4566 FAILED
[2026-05-19T04:23:57Z] 5C161JEA304304  missing tcp:8080 — re-applying
adb: device '5C161JEA304304' not found
[2026-05-19T04:23:57Z] 5C161JEA304304  re-apply tcp:8080 FAILED
[2026-05-19T04:23:57Z] 5C161JEA304304  missing tcp:8081 — re-applying
adb: device '5C161JEA304304' not found
[2026-05-19T04:23:57Z] 5C161JEA304304  re-apply tcp:8081 FAILED
[2026-05-19T04:23:57Z] 5C161JEA304304  missing tcp:4566 — re-applying
adb: device '5C161JEA304304' not found
[2026-05-19T04:23:57Z] 5C161JEA304304  re-apply tcp:4566 FAILED
[2026-05-19T04:24:12Z] 5C161JEA304304  missing tcp:8080 — re-applying
adb: device '5C161JEA304304' not found
[2026-05-19T04:24:12Z] 5C161JEA304304  re-apply tcp:8080 FAILED
[2026-05-19T04:24:12Z] 5C161JEA304304  missing tcp:8081 — re-applying
adb: device '5C161JEA304304' not found
[2026-05-19T04:24:12Z] 5C161JEA304304  re-apply tcp:8081 FAILED
[2026-05-19T04:24:12Z] 5C161JEA304304  missing tcp:4566 — re-applying
adb: device '5C161JEA304304' not found
[2026-05-19T04:24:12Z] 5C161JEA304304  re-apply tcp:4566 FAILED
[2026-05-19T04:24:27Z] 5C161JEA304304  missing tcp:8080 — re-applying
adb: device '5C161JEA304304' not found
[2026-05-19T04:24:27Z] 5C161JEA304304  re-apply tcp:8080 FAILED
[2026-05-19T04:24:27Z] 5C161JEA304304  missing tcp:8081 — re-applying
adb: device '5C161JEA304304' not found
[2026-05-19T04:24:27Z] 5C161JEA304304  re-apply tcp:8081 FAILED
[2026-05-19T04:24:27Z] 5C161JEA304304  missing tcp:4566 — re-applying
adb: device '5C161JEA304304' not found
[2026-05-19T04:24:27Z] 5C161JEA304304  re-apply tcp:4566 FAILED
[2026-05-19T04:24:42Z] 5C161JEA304304  missing tcp:8080 — re-applying
adb: device '5C161JEA304304' not found
[2026-05-19T04:24:42Z] 5C161JEA304304  re-apply tcp:8080 FAILED
[2026-05-19T04:24:42Z] 5C161JEA304304  missing tcp:8081 — re-applying
adb: device '5C161JEA304304' not found
[2026-05-19T04:24:42Z] 5C161JEA304304  re-apply tcp:8081 FAILED
[2026-05-19T04:24:42Z] 5C161JEA304304  missing tcp:4566 — re-applying
adb: device '5C161JEA304304' not found
[2026-05-19T04:24:42Z] 5C161JEA304304  re-apply tcp:4566 FAILED
[2026-05-19T04:24:57Z] 5C161JEA304304  missing tcp:8080 — re-applying
adb: device '5C161JEA304304' not found
[2026-05-19T04:24:57Z] 5C161JEA304304  re-apply tcp:8080 FAILED
[2026-05-19T04:24:57Z] 5C161JEA304304  missing tcp:8081 — re-applying
adb: device '5C161JEA304304' not found
[2026-05-19T04:24:57Z] 5C161JEA304304  re-apply tcp:8081 FAILED
[2026-05-19T04:24:57Z] 5C161JEA304304  missing tcp:4566 — re-applying
adb: device '5C161JEA304304' not found
[2026-05-19T04:24:57Z] 5C161JEA304304  re-apply tcp:4566 FAILED
[2026-05-19T04:25:12Z] 5C161JEA304304  missing tcp:8080 — re-applying
adb: device '5C161JEA304304' not found
[2026-05-19T04:25:12Z] 5C161JEA304304  re-apply tcp:8080 FAILED
[2026-05-19T04:25:12Z] 5C161JEA304304  missing tcp:8081 — re-applying
adb: device '5C161JEA304304' not found
[2026-05-19T04:25:12Z] 5C161JEA304304  re-apply tcp:8081 FAILED
[2026-05-19T04:25:12Z] 5C161JEA304304  missing tcp:4566 — re-applying
adb: device '5C161JEA304304' not found
[2026-05-19T04:25:12Z] 5C161JEA304304  re-apply tcp:4566 FAILED
[2026-05-19T04:25:27Z] 5C161JEA304304  missing tcp:8080 — re-applying
adb: device '5C161JEA304304' not found
[2026-05-19T04:25:27Z] 5C161JEA304304  re-apply tcp:8080 FAILED
[2026-05-19T04:25:27Z] 5C161JEA304304  missing tcp:8081 — re-applying
adb: device '5C161JEA304304' not found
[2026-05-19T04:25:27Z] 5C161JEA304304  re-apply tcp:8081 FAILED
[2026-05-19T04:25:27Z] 5C161JEA304304  missing tcp:4566 — re-applying
adb: device '5C161JEA304304' not found
[2026-05-19T04:25:27Z] 5C161JEA304304  re-apply tcp:4566 FAILED
[2026-05-19T04:25:42Z] 5C161JEA304304  missing tcp:8080 — re-applying
adb: device '5C161JEA304304' not found
[2026-05-19T04:25:42Z] 5C161JEA304304  re-apply tcp:8080 FAILED
[2026-05-19T04:25:43Z] 5C161JEA304304  missing tcp:8081 — re-applying
adb: device '5C161JEA304304' not found
[2026-05-19T04:25:43Z] 5C161JEA304304  re-apply tcp:8081 FAILED
[2026-05-19T04:25:43Z] 5C161JEA304304  missing tcp:4566 — re-applying
adb: device '5C161JEA304304' not found
[2026-05-19T04:25:43Z] 5C161JEA304304  re-apply tcp:4566 FAILED
[2026-05-19T04:25:58Z] 5C161JEA304304  missing tcp:8080 — re-applying
adb: device '5C161JEA304304' not found
[2026-05-19T04:25:58Z] 5C161JEA304304  re-apply tcp:8080 FAILED
[2026-05-19T04:25:58Z] 5C161JEA304304  missing tcp:8081 — re-applying
adb: device '5C161JEA304304' not found
[2026-05-19T04:25:58Z] 5C161JEA304304  re-apply tcp:8081 FAILED
[2026-05-19T04:25:58Z] 5C161JEA304304  missing tcp:4566 — re-applying
adb: device '5C161JEA304304' not found
[2026-05-19T04:25:58Z] 5C161JEA304304  re-apply tcp:4566 FAILED
[2026-05-19T04:26:13Z] 5C161JEA304304  missing tcp:8080 — re-applying
adb: device '5C161JEA304304' not found
[2026-05-19T04:26:13Z] 5C161JEA304304  re-apply tcp:8080 FAILED
[2026-05-19T04:26:13Z] 5C161JEA304304  missing tcp:8081 — re-applying
adb: device '5C161JEA304304' not found
[2026-05-19T04:26:13Z] 5C161JEA304304  re-apply tcp:8081 FAILED
[2026-05-19T04:26:13Z] 5C161JEA304304  missing tcp:4566 — re-applying
adb: device '5C161JEA304304' not found
[2026-05-19T04:26:13Z] 5C161JEA304304  re-apply tcp:4566 FAILED
[2026-05-19T04:26:28Z] 5C161JEA304304  missing tcp:8080 — re-applying
adb: device '5C161JEA304304' not found
[2026-05-19T04:26:28Z] 5C161JEA304304  re-apply tcp:8080 FAILED
[2026-05-19T04:26:28Z] 5C161JEA304304  missing tcp:8081 — re-applying
adb: device '5C161JEA304304' not found
[2026-05-19T04:26:28Z] 5C161JEA304304  re-apply tcp:8081 FAILED
[2026-05-19T04:26:28Z] 5C161JEA304304  missing tcp:4566 — re-applying
adb: device '5C161JEA304304' not found
[2026-05-19T04:26:28Z] 5C161JEA304304  re-apply tcp:4566 FAILED
[2026-05-19T04:26:43Z] 5C161JEA304304  missing tcp:8080 — re-applying
adb: device '5C161JEA304304' not found
[2026-05-19T04:26:43Z] 5C161JEA304304  re-apply tcp:8080 FAILED
[2026-05-19T04:26:43Z] 5C161JEA304304  missing tcp:8081 — re-applying
adb: device '5C161JEA304304' not found
[2026-05-19T04:26:43Z] 5C161JEA304304  re-apply tcp:8081 FAILED
[2026-05-19T04:26:43Z] 5C161JEA304304  missing tcp:4566 — re-applying
adb: device '5C161JEA304304' not found
[2026-05-19T04:26:43Z] 5C161JEA304304  re-apply tcp:4566 FAILED
[2026-05-19T04:26:58Z] 5C161JEA304304  missing tcp:8080 — re-applying
adb: device '5C161JEA304304' not found
[2026-05-19T04:26:58Z] 5C161JEA304304  re-apply tcp:8080 FAILED
[2026-05-19T04:26:58Z] 5C161JEA304304  missing tcp:8081 — re-applying
adb: device '5C161JEA304304' not found
[2026-05-19T04:26:58Z] 5C161JEA304304  re-apply tcp:8081 FAILED
[2026-05-19T04:26:58Z] 5C161JEA304304  missing tcp:4566 — re-applying
adb: device '5C161JEA304304' not found
[2026-05-19T04:26:58Z] 5C161JEA304304  re-apply tcp:4566 FAILED
[2026-05-19T04:27:13Z] 5C161JEA304304  missing tcp:8080 — re-applying
adb: device '5C161JEA304304' not found
[2026-05-19T04:27:13Z] 5C161JEA304304  re-apply tcp:8080 FAILED
[2026-05-19T04:27:13Z] 5C161JEA304304  missing tcp:8081 — re-applying
adb: device '5C161JEA304304' not found
[2026-05-19T04:27:13Z] 5C161JEA304304  re-apply tcp:8081 FAILED
[2026-05-19T04:27:13Z] 5C161JEA304304  missing tcp:4566 — re-applying
adb: device '5C161JEA304304' not found
[2026-05-19T04:27:13Z] 5C161JEA304304  re-apply tcp:4566 FAILED
[2026-05-19T04:27:28Z] 5C161JEA304304  missing tcp:8080 — re-applying
adb: device '5C161JEA304304' not found
[2026-05-19T04:27:28Z] 5C161JEA304304  re-apply tcp:8080 FAILED
[2026-05-19T04:27:28Z] 5C161JEA304304  missing tcp:8081 — re-applying
adb: device '5C161JEA304304' not found
[2026-05-19T04:27:28Z] 5C161JEA304304  re-apply tcp:8081 FAILED
[2026-05-19T04:27:28Z] 5C161JEA304304  missing tcp:4566 — re-applying
adb: device '5C161JEA304304' not found
[2026-05-19T04:27:28Z] 5C161JEA304304  re-apply tcp:4566 FAILED
[2026-05-19T04:27:44Z] 5C161JEA304304  missing tcp:8080 — re-applying
adb: device '5C161JEA304304' not found
[2026-05-19T04:27:44Z] 5C161JEA304304  re-apply tcp:8080 FAILED
[2026-05-19T04:27:44Z] 5C161JEA304304  missing tcp:8081 — re-applying
adb: device '5C161JEA304304' not found
[2026-05-19T04:27:44Z] 5C161JEA304304  re-apply tcp:8081 FAILED
[2026-05-19T04:27:44Z] 5C161JEA304304  missing tcp:4566 — re-applying
adb: device '5C161JEA304304' not found
[2026-05-19T04:27:44Z] 5C161JEA304304  re-apply tcp:4566 FAILED
[2026-05-19T04:27:59Z] 5C161JEA304304  missing tcp:8080 — re-applying
adb: device '5C161JEA304304' not found
[2026-05-19T04:27:59Z] 5C161JEA304304  re-apply tcp:8080 FAILED
[2026-05-19T04:27:59Z] 5C161JEA304304  missing tcp:8081 — re-applying
adb: device '5C161JEA304304' not found
[2026-05-19T04:27:59Z] 5C161JEA304304  re-apply tcp:8081 FAILED
[2026-05-19T04:27:59Z] 5C161JEA304304  missing tcp:4566 — re-applying
adb: device '5C161JEA304304' not found
[2026-05-19T04:27:59Z] 5C161JEA304304  re-apply tcp:4566 FAILED
[2026-05-19T04:28:14Z] 5C161JEA304304  missing tcp:8080 — re-applying
adb: device '5C161JEA304304' not found
[2026-05-19T04:28:14Z] 5C161JEA304304  re-apply tcp:8080 FAILED
[2026-05-19T04:28:14Z] 5C161JEA304304  missing tcp:8081 — re-applying
adb: device '5C161JEA304304' not found
[2026-05-19T04:28:14Z] 5C161JEA304304  re-apply tcp:8081 FAILED
[2026-05-19T04:28:14Z] 5C161JEA304304  missing tcp:4566 — re-applying
adb: device '5C161JEA304304' not found
[2026-05-19T04:28:14Z] 5C161JEA304304  re-apply tcp:4566 FAILED
[2026-05-19T04:28:29Z] 5C161JEA304304  missing tcp:8080 — re-applying
adb: device '5C161JEA304304' not found
[2026-05-19T04:28:29Z] 5C161JEA304304  re-apply tcp:8080 FAILED
[2026-05-19T04:28:29Z] 5C161JEA304304  missing tcp:8081 — re-applying
adb: device '5C161JEA304304' not found
[2026-05-19T04:28:29Z] 5C161JEA304304  re-apply tcp:8081 FAILED
[2026-05-19T04:28:29Z] 5C161JEA304304  missing tcp:4566 — re-applying
adb: device '5C161JEA304304' not found
[2026-05-19T04:28:29Z] 5C161JEA304304  re-apply tcp:4566 FAILED
[2026-05-19T04:28:44Z] 5C161JEA304304  missing tcp:8080 — re-applying
adb: device '5C161JEA304304' not found
[2026-05-19T04:28:44Z] 5C161JEA304304  re-apply tcp:8080 FAILED
[2026-05-19T04:28:44Z] 5C161JEA304304  missing tcp:8081 — re-applying
adb: device '5C161JEA304304' not found
[2026-05-19T04:28:44Z] 5C161JEA304304  re-apply tcp:8081 FAILED
[2026-05-19T04:28:44Z] 5C161JEA304304  missing tcp:4566 — re-applying
adb: device '5C161JEA304304' not found
[2026-05-19T04:28:44Z] 5C161JEA304304  re-apply tcp:4566 FAILED
[2026-05-19T04:28:59Z] 5C161JEA304304  missing tcp:8080 — re-applying
adb: device '5C161JEA304304' not found
[2026-05-19T04:28:59Z] 5C161JEA304304  re-apply tcp:8080 FAILED
[2026-05-19T04:28:59Z] 5C161JEA304304  missing tcp:8081 — re-applying
adb: device '5C161JEA304304' not found
[2026-05-19T04:28:59Z] 5C161JEA304304  re-apply tcp:8081 FAILED
[2026-05-19T04:28:59Z] 5C161JEA304304  missing tcp:4566 — re-applying
adb: device '5C161JEA304304' not found
[2026-05-19T04:28:59Z] 5C161JEA304304  re-apply tcp:4566 FAILED
[2026-05-19T04:29:14Z] 5C161JEA304304  missing tcp:8080 — re-applying
adb: device '5C161JEA304304' not found
[2026-05-19T04:29:14Z] 5C161JEA304304  re-apply tcp:8080 FAILED
[2026-05-19T04:29:14Z] 5C161JEA304304  missing tcp:8081 — re-applying
adb: device '5C161JEA304304' not found
[2026-05-19T04:29:14Z] 5C161JEA304304  re-apply tcp:8081 FAILED
[2026-05-19T04:29:14Z] 5C161JEA304304  missing tcp:4566 — re-applying
adb: device '5C161JEA304304' not found
[2026-05-19T04:29:14Z] 5C161JEA304304  re-apply tcp:4566 FAILED
[2026-05-19T04:29:30Z] 5C161JEA304304  missing tcp:8080 — re-applying
adb: device '5C161JEA304304' not found
[2026-05-19T04:29:30Z] 5C161JEA304304  re-apply tcp:8080 FAILED
[2026-05-19T04:29:30Z] 5C161JEA304304  missing tcp:8081 — re-applying
adb: device '5C161JEA304304' not found
[2026-05-19T04:29:30Z] 5C161JEA304304  re-apply tcp:8081 FAILED
[2026-05-19T04:29:30Z] 5C161JEA304304  missing tcp:4566 — re-applying
adb: device '5C161JEA304304' not found
[2026-05-19T04:29:30Z] 5C161JEA304304  re-apply tcp:4566 FAILED
[2026-05-19T04:29:45Z] 5C161JEA304304  missing tcp:8080 — re-applying
adb: device '5C161JEA304304' not found
[2026-05-19T04:29:45Z] 5C161JEA304304  re-apply tcp:8080 FAILED
[2026-05-19T04:29:45Z] 5C161JEA304304  missing tcp:8081 — re-applying
adb: device '5C161JEA304304' not found
[2026-05-19T04:29:45Z] 5C161JEA304304  re-apply tcp:8081 FAILED
[2026-05-19T04:29:45Z] 5C161JEA304304  missing tcp:4566 — re-applying
adb: device '5C161JEA304304' not found
[2026-05-19T04:29:45Z] 5C161JEA304304  re-apply tcp:4566 FAILED
[2026-05-19T04:30:00Z] 5C161JEA304304  missing tcp:8080 — re-applying
adb: device '5C161JEA304304' not found
[2026-05-19T04:30:00Z] 5C161JEA304304  re-apply tcp:8080 FAILED
[2026-05-19T04:30:00Z] 5C161JEA304304  missing tcp:8081 — re-applying
adb: device '5C161JEA304304' not found
[2026-05-19T04:30:00Z] 5C161JEA304304  re-apply tcp:8081 FAILED
[2026-05-19T04:30:00Z] 5C161JEA304304  missing tcp:4566 — re-applying
adb: device '5C161JEA304304' not found
[2026-05-19T04:30:00Z] 5C161JEA304304  re-apply tcp:4566 FAILED
[2026-05-19T04:30:15Z] 5C161JEA304304  missing tcp:8080 — re-applying
adb: device '5C161JEA304304' not found
[2026-05-19T04:30:15Z] 5C161JEA304304  re-apply tcp:8080 FAILED
[2026-05-19T04:30:15Z] 5C161JEA304304  missing tcp:8081 — re-applying
adb: device '5C161JEA304304' not found
[2026-05-19T04:30:15Z] 5C161JEA304304  re-apply tcp:8081 FAILED
[2026-05-19T04:30:15Z] 5C161JEA304304  missing tcp:4566 — re-applying
adb: device '5C161JEA304304' not found
[2026-05-19T04:30:15Z] 5C161JEA304304  re-apply tcp:4566 FAILED
[2026-05-19T04:30:30Z] 5C161JEA304304  missing tcp:8080 — re-applying
adb: device '5C161JEA304304' not found
[2026-05-19T04:30:30Z] 5C161JEA304304  re-apply tcp:8080 FAILED
[2026-05-19T04:30:30Z] 5C161JEA304304  missing tcp:8081 — re-applying
adb: device '5C161JEA304304' not found
[2026-05-19T04:30:30Z] 5C161JEA304304  re-apply tcp:8081 FAILED
[2026-05-19T04:30:30Z] 5C161JEA304304  missing tcp:4566 — re-applying
adb: device '5C161JEA304304' not found
[2026-05-19T04:30:30Z] 5C161JEA304304  re-apply tcp:4566 FAILED
[2026-05-19T04:30:45Z] 5C161JEA304304  missing tcp:8080 — re-applying
adb: device '5C161JEA304304' not found
[2026-05-19T04:30:45Z] 5C161JEA304304  re-apply tcp:8080 FAILED
[2026-05-19T04:30:45Z] 5C161JEA304304  missing tcp:8081 — re-applying
adb: device '5C161JEA304304' not found
[2026-05-19T04:30:45Z] 5C161JEA304304  re-apply tcp:8081 FAILED
[2026-05-19T04:30:45Z] 5C161JEA304304  missing tcp:4566 — re-applying
adb: device '5C161JEA304304' not found
[2026-05-19T04:30:45Z] 5C161JEA304304  re-apply tcp:4566 FAILED
[2026-05-19T04:31:00Z] 5C161JEA304304  missing tcp:8080 — re-applying
adb: device '5C161JEA304304' not found
[2026-05-19T04:31:00Z] 5C161JEA304304  re-apply tcp:8080 FAILED
[2026-05-19T04:31:00Z] 5C161JEA304304  missing tcp:8081 — re-applying
adb: device '5C161JEA304304' not found
[2026-05-19T04:31:00Z] 5C161JEA304304  re-apply tcp:8081 FAILED
[2026-05-19T04:31:00Z] 5C161JEA304304  missing tcp:4566 — re-applying
adb: device '5C161JEA304304' not found
[2026-05-19T04:31:00Z] 5C161JEA304304  re-apply tcp:4566 FAILED
[2026-05-19T04:31:16Z] 5C161JEA304304  missing tcp:8080 — re-applying
adb: device '5C161JEA304304' not found
[2026-05-19T04:31:16Z] 5C161JEA304304  re-apply tcp:8080 FAILED
[2026-05-19T04:31:16Z] 5C161JEA304304  missing tcp:8081 — re-applying
adb: device '5C161JEA304304' not found
[2026-05-19T04:31:16Z] 5C161JEA304304  re-apply tcp:8081 FAILED
[2026-05-19T04:31:16Z] 5C161JEA304304  missing tcp:4566 — re-applying
adb: device '5C161JEA304304' not found
[2026-05-19T04:31:16Z] 5C161JEA304304  re-apply tcp:4566 FAILED
[2026-05-19T04:31:31Z] 5C161JEA304304  missing tcp:8080 — re-applying
adb: device '5C161JEA304304' not found
[2026-05-19T04:31:31Z] 5C161JEA304304  re-apply tcp:8080 FAILED
[2026-05-19T04:31:31Z] 5C161JEA304304  missing tcp:8081 — re-applying
adb: device '5C161JEA304304' not found
[2026-05-19T04:31:31Z] 5C161JEA304304  re-apply tcp:8081 FAILED
[2026-05-19T04:31:31Z] 5C161JEA304304  missing tcp:4566 — re-applying
adb: device '5C161JEA304304' not found
[2026-05-19T04:31:31Z] 5C161JEA304304  re-apply tcp:4566 FAILED
[2026-05-19T04:31:46Z] 5C161JEA304304  missing tcp:8080 — re-applying
adb: device '5C161JEA304304' not found
[2026-05-19T04:31:46Z] 5C161JEA304304  re-apply tcp:8080 FAILED
[2026-05-19T04:31:46Z] 5C161JEA304304  missing tcp:8081 — re-applying
adb: device '5C161JEA304304' not found
[2026-05-19T04:31:46Z] 5C161JEA304304  re-apply tcp:8081 FAILED
[2026-05-19T04:31:46Z] 5C161JEA304304  missing tcp:4566 — re-applying
adb: device '5C161JEA304304' not found
[2026-05-19T04:31:46Z] 5C161JEA304304  re-apply tcp:4566 FAILED
[2026-05-19T04:32:01Z] 5C161JEA304304  missing tcp:8080 — re-applying
adb: device '5C161JEA304304' not found
[2026-05-19T04:32:01Z] 5C161JEA304304  re-apply tcp:8080 FAILED
[2026-05-19T04:32:01Z] 5C161JEA304304  missing tcp:8081 — re-applying
adb: device '5C161JEA304304' not found
[2026-05-19T04:32:01Z] 5C161JEA304304  re-apply tcp:8081 FAILED
[2026-05-19T04:32:01Z] 5C161JEA304304  missing tcp:4566 — re-applying
adb: device '5C161JEA304304' not found
[2026-05-19T04:32:01Z] 5C161JEA304304  re-apply tcp:4566 FAILED
[2026-05-19T04:32:16Z] 5C161JEA304304  missing tcp:8080 — re-applying
adb: device '5C161JEA304304' not found
[2026-05-19T04:32:16Z] 5C161JEA304304  re-apply tcp:8080 FAILED
[2026-05-19T04:32:16Z] 5C161JEA304304  missing tcp:8081 — re-applying
adb: device '5C161JEA304304' not found
[2026-05-19T04:32:16Z] 5C161JEA304304  re-apply tcp:8081 FAILED
[2026-05-19T04:32:16Z] 5C161JEA304304  missing tcp:4566 — re-applying
adb: device '5C161JEA304304' not found
[2026-05-19T04:32:16Z] 5C161JEA304304  re-apply tcp:4566 FAILED
[2026-05-19T04:32:31Z] 5C161JEA304304  missing tcp:8080 — re-applying
adb: device '5C161JEA304304' not found
[2026-05-19T04:32:31Z] 5C161JEA304304  re-apply tcp:8080 FAILED
[2026-05-19T04:32:31Z] 5C161JEA304304  missing tcp:8081 — re-applying
adb: device '5C161JEA304304' not found
[2026-05-19T04:32:31Z] 5C161JEA304304  re-apply tcp:8081 FAILED
[2026-05-19T04:32:31Z] 5C161JEA304304  missing tcp:4566 — re-applying
adb: device '5C161JEA304304' not found
[2026-05-19T04:32:31Z] 5C161JEA304304  re-apply tcp:4566 FAILED
[2026-05-19T04:32:46Z] 5C161JEA304304  missing tcp:8080 — re-applying
adb: device '5C161JEA304304' not found
[2026-05-19T04:32:46Z] 5C161JEA304304  re-apply tcp:8080 FAILED
[2026-05-19T04:32:46Z] 5C161JEA304304  missing tcp:8081 — re-applying
adb: device '5C161JEA304304' not found
[2026-05-19T04:32:46Z] 5C161JEA304304  re-apply tcp:8081 FAILED
[2026-05-19T04:32:46Z] 5C161JEA304304  missing tcp:4566 — re-applying
adb: device '5C161JEA304304' not found
[2026-05-19T04:32:46Z] 5C161JEA304304  re-apply tcp:4566 FAILED
[2026-05-19T04:33:01Z] 5C161JEA304304  missing tcp:8080 — re-applying
adb: device '5C161JEA304304' not found
[2026-05-19T04:33:01Z] 5C161JEA304304  re-apply tcp:8080 FAILED
[2026-05-19T04:33:01Z] 5C161JEA304304  missing tcp:8081 — re-applying
adb: device '5C161JEA304304' not found
[2026-05-19T04:33:01Z] 5C161JEA304304  re-apply tcp:8081 FAILED
[2026-05-19T04:33:01Z] 5C161JEA304304  missing tcp:4566 — re-applying
adb: device '5C161JEA304304' not found
[2026-05-19T04:33:01Z] 5C161JEA304304  re-apply tcp:4566 FAILED
[2026-05-19T04:33:17Z] 5C161JEA304304  missing tcp:8080 — re-applying
adb: device '5C161JEA304304' not found
[2026-05-19T04:33:17Z] 5C161JEA304304  re-apply tcp:8080 FAILED
[2026-05-19T04:33:17Z] 5C161JEA304304  missing tcp:8081 — re-applying
adb: device '5C161JEA304304' not found
[2026-05-19T04:33:17Z] 5C161JEA304304  re-apply tcp:8081 FAILED
[2026-05-19T04:33:17Z] 5C161JEA304304  missing tcp:4566 — re-applying
adb: device '5C161JEA304304' not found
[2026-05-19T04:33:17Z] 5C161JEA304304  re-apply tcp:4566 FAILED
[2026-05-19T04:33:32Z] 5C161JEA304304  missing tcp:8080 — re-applying
adb: device '5C161JEA304304' not found
[2026-05-19T04:33:32Z] 5C161JEA304304  re-apply tcp:8080 FAILED
[2026-05-19T04:33:32Z] 5C161JEA304304  missing tcp:8081 — re-applying
adb: device '5C161JEA304304' not found
[2026-05-19T04:33:32Z] 5C161JEA304304  re-apply tcp:8081 FAILED
[2026-05-19T04:33:32Z] 5C161JEA304304  missing tcp:4566 — re-applying
adb: device '5C161JEA304304' not found
[2026-05-19T04:33:32Z] 5C161JEA304304  re-apply tcp:4566 FAILED
[2026-05-19T04:33:47Z] 5C161JEA304304  missing tcp:8080 — re-applying
adb: device '5C161JEA304304' not found
[2026-05-19T04:33:47Z] 5C161JEA304304  re-apply tcp:8080 FAILED
[2026-05-19T04:33:47Z] 5C161JEA304304  missing tcp:8081 — re-applying
adb: device '5C161JEA304304' not found
[2026-05-19T04:33:47Z] 5C161JEA304304  re-apply tcp:8081 FAILED
[2026-05-19T04:33:47Z] 5C161JEA304304  missing tcp:4566 — re-applying
adb: device '5C161JEA304304' not found
[2026-05-19T04:33:47Z] 5C161JEA304304  re-apply tcp:4566 FAILED
[2026-05-19T04:34:02Z] 5C161JEA304304  missing tcp:8080 — re-applying
adb: device '5C161JEA304304' not found
[2026-05-19T04:34:02Z] 5C161JEA304304  re-apply tcp:8080 FAILED
[2026-05-19T04:34:02Z] 5C161JEA304304  missing tcp:8081 — re-applying
adb: device '5C161JEA304304' not found
[2026-05-19T04:34:02Z] 5C161JEA304304  re-apply tcp:8081 FAILED
[2026-05-19T04:34:02Z] 5C161JEA304304  missing tcp:4566 — re-applying
adb: device '5C161JEA304304' not found
[2026-05-19T04:34:02Z] 5C161JEA304304  re-apply tcp:4566 FAILED
[2026-05-19T04:34:17Z] 5C161JEA304304  missing tcp:8080 — re-applying
adb: device '5C161JEA304304' not found
[2026-05-19T04:34:17Z] 5C161JEA304304  re-apply tcp:8080 FAILED
[2026-05-19T04:34:17Z] 5C161JEA304304  missing tcp:8081 — re-applying
adb: device '5C161JEA304304' not found
[2026-05-19T04:34:17Z] 5C161JEA304304  re-apply tcp:8081 FAILED
[2026-05-19T04:34:17Z] 5C161JEA304304  missing tcp:4566 — re-applying
adb: device '5C161JEA304304' not found
[2026-05-19T04:34:17Z] 5C161JEA304304  re-apply tcp:4566 FAILED
[2026-05-19T04:34:32Z] 5C161JEA304304  missing tcp:8080 — re-applying
adb: device '5C161JEA304304' not found
[2026-05-19T04:34:32Z] 5C161JEA304304  re-apply tcp:8080 FAILED
[2026-05-19T04:34:32Z] 5C161JEA304304  missing tcp:8081 — re-applying
adb: device '5C161JEA304304' not found
[2026-05-19T04:34:32Z] 5C161JEA304304  re-apply tcp:8081 FAILED
[2026-05-19T04:34:32Z] 5C161JEA304304  missing tcp:4566 — re-applying
adb: device '5C161JEA304304' not found
[2026-05-19T04:34:32Z] 5C161JEA304304  re-apply tcp:4566 FAILED
[2026-05-19T04:34:47Z] 5C161JEA304304  missing tcp:8080 — re-applying
adb: device '5C161JEA304304' not found
[2026-05-19T04:34:47Z] 5C161JEA304304  re-apply tcp:8080 FAILED
[2026-05-19T04:34:47Z] 5C161JEA304304  missing tcp:8081 — re-applying
adb: device '5C161JEA304304' not found
[2026-05-19T04:34:47Z] 5C161JEA304304  re-apply tcp:8081 FAILED
[2026-05-19T04:34:47Z] 5C161JEA304304  missing tcp:4566 — re-applying
adb: device '5C161JEA304304' not found
[2026-05-19T04:34:47Z] 5C161JEA304304  re-apply tcp:4566 FAILED
[2026-05-19T04:35:02Z] 5C161JEA304304  missing tcp:8080 — re-applying
adb: device '5C161JEA304304' not found
[2026-05-19T04:35:02Z] 5C161JEA304304  re-apply tcp:8080 FAILED
[2026-05-19T04:35:02Z] 5C161JEA304304  missing tcp:8081 — re-applying
adb: device '5C161JEA304304' not found
[2026-05-19T04:35:02Z] 5C161JEA304304  re-apply tcp:8081 FAILED
[2026-05-19T04:35:02Z] 5C161JEA304304  missing tcp:4566 — re-applying
adb: device '5C161JEA304304' not found
[2026-05-19T04:35:02Z] 5C161JEA304304  re-apply tcp:4566 FAILED
[2026-05-19T04:35:18Z] 5C161JEA304304  missing tcp:8080 — re-applying
adb: device '5C161JEA304304' not found
[2026-05-19T04:35:18Z] 5C161JEA304304  re-apply tcp:8080 FAILED
[2026-05-19T04:35:18Z] 5C161JEA304304  missing tcp:8081 — re-applying
adb: device '5C161JEA304304' not found
[2026-05-19T04:35:18Z] 5C161JEA304304  re-apply tcp:8081 FAILED
[2026-05-19T04:35:18Z] 5C161JEA304304  missing tcp:4566 — re-applying
adb: device '5C161JEA304304' not found
[2026-05-19T04:35:18Z] 5C161JEA304304  re-apply tcp:4566 FAILED
[2026-05-19T04:35:33Z] 5C161JEA304304  missing tcp:8080 — re-applying
adb: device '5C161JEA304304' not found
[2026-05-19T04:35:33Z] 5C161JEA304304  re-apply tcp:8080 FAILED
[2026-05-19T04:35:33Z] 5C161JEA304304  missing tcp:8081 — re-applying
adb: device '5C161JEA304304' not found
[2026-05-19T04:35:33Z] 5C161JEA304304  re-apply tcp:8081 FAILED
[2026-05-19T04:35:33Z] 5C161JEA304304  missing tcp:4566 — re-applying
adb: device '5C161JEA304304' not found
[2026-05-19T04:35:33Z] 5C161JEA304304  re-apply tcp:4566 FAILED
[2026-05-19T04:35:48Z] 5C161JEA304304  missing tcp:8080 — re-applying
adb: device '5C161JEA304304' not found
[2026-05-19T04:35:48Z] 5C161JEA304304  re-apply tcp:8080 FAILED
[2026-05-19T04:35:48Z] 5C161JEA304304  missing tcp:8081 — re-applying
adb: device '5C161JEA304304' not found
[2026-05-19T04:35:48Z] 5C161JEA304304  re-apply tcp:8081 FAILED
[2026-05-19T04:35:48Z] 5C161JEA304304  missing tcp:4566 — re-applying
adb: device '5C161JEA304304' not found
[2026-05-19T04:35:48Z] 5C161JEA304304  re-apply tcp:4566 FAILED
[2026-05-19T04:36:03Z] 5C161JEA304304  missing tcp:8080 — re-applying
adb: device '5C161JEA304304' not found
[2026-05-19T04:36:03Z] 5C161JEA304304  re-apply tcp:8080 FAILED
[2026-05-19T04:36:03Z] 5C161JEA304304  missing tcp:8081 — re-applying
adb: device '5C161JEA304304' not found
[2026-05-19T04:36:03Z] 5C161JEA304304  re-apply tcp:8081 FAILED
[2026-05-19T04:36:03Z] 5C161JEA304304  missing tcp:4566 — re-applying
adb: device '5C161JEA304304' not found
[2026-05-19T04:36:03Z] 5C161JEA304304  re-apply tcp:4566 FAILED
[2026-05-19T04:36:18Z] 5C161JEA304304  missing tcp:8080 — re-applying
adb: device '5C161JEA304304' not found
[2026-05-19T04:36:18Z] 5C161JEA304304  re-apply tcp:8080 FAILED
[2026-05-19T04:36:18Z] 5C161JEA304304  missing tcp:8081 — re-applying
adb: device '5C161JEA304304' not found
[2026-05-19T04:36:18Z] 5C161JEA304304  re-apply tcp:8081 FAILED
[2026-05-19T04:36:18Z] 5C161JEA304304  missing tcp:4566 — re-applying
adb: device '5C161JEA304304' not found
[2026-05-19T04:36:18Z] 5C161JEA304304  re-apply tcp:4566 FAILED
[2026-05-19T04:36:33Z] 5C161JEA304304  missing tcp:8080 — re-applying
adb: device '5C161JEA304304' not found
[2026-05-19T04:36:33Z] 5C161JEA304304  re-apply tcp:8080 FAILED
[2026-05-19T04:36:33Z] 5C161JEA304304  missing tcp:8081 — re-applying
adb: device '5C161JEA304304' not found
[2026-05-19T04:36:33Z] 5C161JEA304304  re-apply tcp:8081 FAILED
[2026-05-19T04:36:33Z] 5C161JEA304304  missing tcp:4566 — re-applying
adb: device '5C161JEA304304' not found
[2026-05-19T04:36:33Z] 5C161JEA304304  re-apply tcp:4566 FAILED
[2026-05-19T04:36:48Z] 5C161JEA304304  missing tcp:8080 — re-applying
adb: device '5C161JEA304304' not found
[2026-05-19T04:36:48Z] 5C161JEA304304  re-apply tcp:8080 FAILED
[2026-05-19T04:36:48Z] 5C161JEA304304  missing tcp:8081 — re-applying
adb: device '5C161JEA304304' not found
[2026-05-19T04:36:48Z] 5C161JEA304304  re-apply tcp:8081 FAILED
[2026-05-19T04:36:48Z] 5C161JEA304304  missing tcp:4566 — re-applying
adb: device '5C161JEA304304' not found
[2026-05-19T04:36:48Z] 5C161JEA304304  re-apply tcp:4566 FAILED
[2026-05-19T04:37:03Z] 5C161JEA304304  missing tcp:8080 — re-applying
adb: device '5C161JEA304304' not found
[2026-05-19T04:37:03Z] 5C161JEA304304  re-apply tcp:8080 FAILED
[2026-05-19T04:37:03Z] 5C161JEA304304  missing tcp:8081 — re-applying
adb: device '5C161JEA304304' not found
[2026-05-19T04:37:03Z] 5C161JEA304304  re-apply tcp:8081 FAILED
[2026-05-19T04:37:03Z] 5C161JEA304304  missing tcp:4566 — re-applying
adb: device '5C161JEA304304' not found
[2026-05-19T04:37:03Z] 5C161JEA304304  re-apply tcp:4566 FAILED
[2026-05-19T04:37:19Z] 5C161JEA304304  missing tcp:8080 — re-applying
adb: device '5C161JEA304304' not found
[2026-05-19T04:37:19Z] 5C161JEA304304  re-apply tcp:8080 FAILED
[2026-05-19T04:37:19Z] 5C161JEA304304  missing tcp:8081 — re-applying
adb: device '5C161JEA304304' not found
[2026-05-19T04:37:19Z] 5C161JEA304304  re-apply tcp:8081 FAILED
[2026-05-19T04:37:19Z] 5C161JEA304304  missing tcp:4566 — re-applying
adb: device '5C161JEA304304' not found
[2026-05-19T04:37:19Z] 5C161JEA304304  re-apply tcp:4566 FAILED
[2026-05-19T04:37:34Z] 5C161JEA304304  missing tcp:8080 — re-applying
adb: device '5C161JEA304304' not found
[2026-05-19T04:37:34Z] 5C161JEA304304  re-apply tcp:8080 FAILED
[2026-05-19T04:37:34Z] 5C161JEA304304  missing tcp:8081 — re-applying
adb: device '5C161JEA304304' not found
[2026-05-19T04:37:34Z] 5C161JEA304304  re-apply tcp:8081 FAILED
[2026-05-19T04:37:34Z] 5C161JEA304304  missing tcp:4566 — re-applying
adb: device '5C161JEA304304' not found
[2026-05-19T04:37:34Z] 5C161JEA304304  re-apply tcp:4566 FAILED
[2026-05-19T04:37:49Z] 5C161JEA304304  missing tcp:8080 — re-applying
adb: device '5C161JEA304304' not found
[2026-05-19T04:37:49Z] 5C161JEA304304  re-apply tcp:8080 FAILED
[2026-05-19T04:37:49Z] 5C161JEA304304  missing tcp:8081 — re-applying
adb: device '5C161JEA304304' not found
[2026-05-19T04:37:49Z] 5C161JEA304304  re-apply tcp:8081 FAILED
[2026-05-19T04:37:49Z] 5C161JEA304304  missing tcp:4566 — re-applying
adb: device '5C161JEA304304' not found
[2026-05-19T04:37:49Z] 5C161JEA304304  re-apply tcp:4566 FAILED
[2026-05-19T04:38:04Z] 5C161JEA304304  missing tcp:8080 — re-applying
adb: device '5C161JEA304304' not found
[2026-05-19T04:38:04Z] 5C161JEA304304  re-apply tcp:8080 FAILED
[2026-05-19T04:38:04Z] 5C161JEA304304  missing tcp:8081 — re-applying
adb: device '5C161JEA304304' not found
[2026-05-19T04:38:04Z] 5C161JEA304304  re-apply tcp:8081 FAILED
[2026-05-19T04:38:04Z] 5C161JEA304304  missing tcp:4566 — re-applying
adb: device '5C161JEA304304' not found
[2026-05-19T04:38:04Z] 5C161JEA304304  re-apply tcp:4566 FAILED
[2026-05-19T04:38:19Z] 5C161JEA304304  missing tcp:8080 — re-applying
adb: device '5C161JEA304304' not found
[2026-05-19T04:38:19Z] 5C161JEA304304  re-apply tcp:8080 FAILED
[2026-05-19T04:38:19Z] 5C161JEA304304  missing tcp:8081 — re-applying
adb: device '5C161JEA304304' not found
[2026-05-19T04:38:19Z] 5C161JEA304304  re-apply tcp:8081 FAILED
[2026-05-19T04:38:19Z] 5C161JEA304304  missing tcp:4566 — re-applying
adb: device '5C161JEA304304' not found
[2026-05-19T04:38:19Z] 5C161JEA304304  re-apply tcp:4566 FAILED
[2026-05-19T04:38:34Z] 5C161JEA304304  missing tcp:8080 — re-applying
adb: device '5C161JEA304304' not found
[2026-05-19T04:38:34Z] 5C161JEA304304  re-apply tcp:8080 FAILED
[2026-05-19T04:38:34Z] 5C161JEA304304  missing tcp:8081 — re-applying
adb: device '5C161JEA304304' not found
[2026-05-19T04:38:34Z] 5C161JEA304304  re-apply tcp:8081 FAILED
[2026-05-19T04:38:34Z] 5C161JEA304304  missing tcp:4566 — re-applying
adb: device '5C161JEA304304' not found
[2026-05-19T04:38:34Z] 5C161JEA304304  re-apply tcp:4566 FAILED
[2026-05-19T04:38:49Z] 5C161JEA304304  missing tcp:8080 — re-applying
adb: device '5C161JEA304304' not found
[2026-05-19T04:38:49Z] 5C161JEA304304  re-apply tcp:8080 FAILED
[2026-05-19T04:38:49Z] 5C161JEA304304  missing tcp:8081 — re-applying
adb: device '5C161JEA304304' not found
[2026-05-19T04:38:49Z] 5C161JEA304304  re-apply tcp:8081 FAILED
[2026-05-19T04:38:49Z] 5C161JEA304304  missing tcp:4566 — re-applying
adb: device '5C161JEA304304' not found
[2026-05-19T04:38:49Z] 5C161JEA304304  re-apply tcp:4566 FAILED
[2026-05-19T04:39:05Z] 5C161JEA304304  missing tcp:8080 — re-applying
adb: device '5C161JEA304304' not found
[2026-05-19T04:39:05Z] 5C161JEA304304  re-apply tcp:8080 FAILED
[2026-05-19T04:39:05Z] 5C161JEA304304  missing tcp:8081 — re-applying
adb: device '5C161JEA304304' not found
[2026-05-19T04:39:05Z] 5C161JEA304304  re-apply tcp:8081 FAILED
[2026-05-19T04:39:05Z] 5C161JEA304304  missing tcp:4566 — re-applying
adb: device '5C161JEA304304' not found
[2026-05-19T04:39:05Z] 5C161JEA304304  re-apply tcp:4566 FAILED
[2026-05-19T04:39:20Z] 5C161JEA304304  missing tcp:8080 — re-applying
adb: device '5C161JEA304304' not found
[2026-05-19T04:39:20Z] 5C161JEA304304  re-apply tcp:8080 FAILED
[2026-05-19T04:39:20Z] 5C161JEA304304  missing tcp:8081 — re-applying
adb: device '5C161JEA304304' not found
[2026-05-19T04:39:20Z] 5C161JEA304304  re-apply tcp:8081 FAILED
[2026-05-19T04:39:20Z] 5C161JEA304304  missing tcp:4566 — re-applying
adb: device '5C161JEA304304' not found
[2026-05-19T04:39:20Z] 5C161JEA304304  re-apply tcp:4566 FAILED
[2026-05-19T04:39:35Z] 5C161JEA304304  missing tcp:8080 — re-applying
adb: device '5C161JEA304304' not found
[2026-05-19T04:39:35Z] 5C161JEA304304  re-apply tcp:8080 FAILED
[2026-05-19T04:39:35Z] 5C161JEA304304  missing tcp:8081 — re-applying
adb: device '5C161JEA304304' not found
[2026-05-19T04:39:35Z] 5C161JEA304304  re-apply tcp:8081 FAILED
[2026-05-19T04:39:35Z] 5C161JEA304304  missing tcp:4566 — re-applying
adb: device '5C161JEA304304' not found
[2026-05-19T04:39:35Z] 5C161JEA304304  re-apply tcp:4566 FAILED
[2026-05-19T04:39:50Z] 5C161JEA304304  missing tcp:8080 — re-applying
adb: device '5C161JEA304304' not found
[2026-05-19T04:39:50Z] 5C161JEA304304  re-apply tcp:8080 FAILED
[2026-05-19T04:39:50Z] 5C161JEA304304  missing tcp:8081 — re-applying
adb: device '5C161JEA304304' not found
[2026-05-19T04:39:50Z] 5C161JEA304304  re-apply tcp:8081 FAILED
[2026-05-19T04:39:50Z] 5C161JEA304304  missing tcp:4566 — re-applying
adb: device '5C161JEA304304' not found
[2026-05-19T04:39:50Z] 5C161JEA304304  re-apply tcp:4566 FAILED
[2026-05-19T04:40:05Z] 5C161JEA304304  missing tcp:8080 — re-applying
adb: device '5C161JEA304304' not found
[2026-05-19T04:40:05Z] 5C161JEA304304  re-apply tcp:8080 FAILED
[2026-05-19T04:40:05Z] 5C161JEA304304  missing tcp:8081 — re-applying
adb: device '5C161JEA304304' not found
[2026-05-19T04:40:05Z] 5C161JEA304304  re-apply tcp:8081 FAILED
[2026-05-19T04:40:05Z] 5C161JEA304304  missing tcp:4566 — re-applying
adb: device '5C161JEA304304' not found
[2026-05-19T04:40:05Z] 5C161JEA304304  re-apply tcp:4566 FAILED
[2026-05-19T04:40:20Z] 5C161JEA304304  missing tcp:8080 — re-applying
adb: device '5C161JEA304304' not found
[2026-05-19T04:40:20Z] 5C161JEA304304  re-apply tcp:8080 FAILED
[2026-05-19T04:40:20Z] 5C161JEA304304  missing tcp:8081 — re-applying
adb: device '5C161JEA304304' not found
[2026-05-19T04:40:20Z] 5C161JEA304304  re-apply tcp:8081 FAILED
[2026-05-19T04:40:20Z] 5C161JEA304304  missing tcp:4566 — re-applying
adb: device '5C161JEA304304' not found
[2026-05-19T04:40:20Z] 5C161JEA304304  re-apply tcp:4566 FAILED
[2026-05-19T04:40:35Z] 5C161JEA304304  missing tcp:8080 — re-applying
adb: device '5C161JEA304304' not found
[2026-05-19T04:40:35Z] 5C161JEA304304  re-apply tcp:8080 FAILED
[2026-05-19T04:40:35Z] 5C161JEA304304  missing tcp:8081 — re-applying
adb: device '5C161JEA304304' not found
[2026-05-19T04:40:35Z] 5C161JEA304304  re-apply tcp:8081 FAILED
[2026-05-19T04:40:35Z] 5C161JEA304304  missing tcp:4566 — re-applying
adb: device '5C161JEA304304' not found
[2026-05-19T04:40:35Z] 5C161JEA304304  re-apply tcp:4566 FAILED
[2026-05-19T04:40:50Z] 5C161JEA304304  missing tcp:8080 — re-applying
adb: device '5C161JEA304304' not found
[2026-05-19T04:40:50Z] 5C161JEA304304  re-apply tcp:8080 FAILED
[2026-05-19T04:40:50Z] 5C161JEA304304  missing tcp:8081 — re-applying
adb: device '5C161JEA304304' not found
[2026-05-19T04:40:50Z] 5C161JEA304304  re-apply tcp:8081 FAILED
[2026-05-19T04:40:50Z] 5C161JEA304304  missing tcp:4566 — re-applying
adb: device '5C161JEA304304' not found
[2026-05-19T04:40:50Z] 5C161JEA304304  re-apply tcp:4566 FAILED
[2026-05-19T04:41:06Z] 5C161JEA304304  missing tcp:8080 — re-applying
adb: device '5C161JEA304304' not found
[2026-05-19T04:41:06Z] 5C161JEA304304  re-apply tcp:8080 FAILED
[2026-05-19T04:41:06Z] 5C161JEA304304  missing tcp:8081 — re-applying
adb: device '5C161JEA304304' not found
[2026-05-19T04:41:06Z] 5C161JEA304304  re-apply tcp:8081 FAILED
[2026-05-19T04:41:06Z] 5C161JEA304304  missing tcp:4566 — re-applying
adb: device '5C161JEA304304' not found
[2026-05-19T04:41:06Z] 5C161JEA304304  re-apply tcp:4566 FAILED
[2026-05-19T04:41:21Z] 5C161JEA304304  missing tcp:8080 — re-applying
adb: device '5C161JEA304304' not found
[2026-05-19T04:41:21Z] 5C161JEA304304  re-apply tcp:8080 FAILED
[2026-05-19T04:41:21Z] 5C161JEA304304  missing tcp:8081 — re-applying
adb: device '5C161JEA304304' not found
[2026-05-19T04:41:21Z] 5C161JEA304304  re-apply tcp:8081 FAILED
[2026-05-19T04:41:21Z] 5C161JEA304304  missing tcp:4566 — re-applying
adb: device '5C161JEA304304' not found
[2026-05-19T04:41:21Z] 5C161JEA304304  re-apply tcp:4566 FAILED
[2026-05-19T04:41:36Z] 5C161JEA304304  missing tcp:8080 — re-applying
adb: device '5C161JEA304304' not found
[2026-05-19T04:41:36Z] 5C161JEA304304  re-apply tcp:8080 FAILED
[2026-05-19T04:41:36Z] 5C161JEA304304  missing tcp:8081 — re-applying
adb: device '5C161JEA304304' not found
[2026-05-19T04:41:36Z] 5C161JEA304304  re-apply tcp:8081 FAILED
[2026-05-19T04:41:36Z] 5C161JEA304304  missing tcp:4566 — re-applying
adb: device '5C161JEA304304' not found
[2026-05-19T04:41:36Z] 5C161JEA304304  re-apply tcp:4566 FAILED
[2026-05-19T04:41:51Z] 5C161JEA304304  missing tcp:8080 — re-applying
adb: device '5C161JEA304304' not found
[2026-05-19T04:41:51Z] 5C161JEA304304  re-apply tcp:8080 FAILED
[2026-05-19T04:41:51Z] 5C161JEA304304  missing tcp:8081 — re-applying
adb: device '5C161JEA304304' not found
[2026-05-19T04:41:51Z] 5C161JEA304304  re-apply tcp:8081 FAILED
[2026-05-19T04:41:51Z] 5C161JEA304304  missing tcp:4566 — re-applying
adb: device '5C161JEA304304' not found
[2026-05-19T04:41:51Z] 5C161JEA304304  re-apply tcp:4566 FAILED
[2026-05-19T04:42:06Z] 5C161JEA304304  missing tcp:8080 — re-applying
adb: device '5C161JEA304304' not found
[2026-05-19T04:42:06Z] 5C161JEA304304  re-apply tcp:8080 FAILED
[2026-05-19T04:42:06Z] 5C161JEA304304  missing tcp:8081 — re-applying
adb: device '5C161JEA304304' not found
[2026-05-19T04:42:06Z] 5C161JEA304304  re-apply tcp:8081 FAILED
[2026-05-19T04:42:06Z] 5C161JEA304304  missing tcp:4566 — re-applying
adb: device '5C161JEA304304' not found
[2026-05-19T04:42:06Z] 5C161JEA304304  re-apply tcp:4566 FAILED
[2026-05-19T04:42:21Z] 5C161JEA304304  missing tcp:8080 — re-applying
adb: device '5C161JEA304304' not found
[2026-05-19T04:42:21Z] 5C161JEA304304  re-apply tcp:8080 FAILED
[2026-05-19T04:42:21Z] 5C161JEA304304  missing tcp:8081 — re-applying
adb: device '5C161JEA304304' not found
[2026-05-19T04:42:21Z] 5C161JEA304304  re-apply tcp:8081 FAILED
[2026-05-19T04:42:21Z] 5C161JEA304304  missing tcp:4566 — re-applying
adb: device '5C161JEA304304' not found
[2026-05-19T04:42:21Z] 5C161JEA304304  re-apply tcp:4566 FAILED
[2026-05-19T04:42:36Z] 5C161JEA304304  missing tcp:8080 — re-applying
adb: device '5C161JEA304304' not found
[2026-05-19T04:42:36Z] 5C161JEA304304  re-apply tcp:8080 FAILED
[2026-05-19T04:42:36Z] 5C161JEA304304  missing tcp:8081 — re-applying
adb: device '5C161JEA304304' not found
[2026-05-19T04:42:36Z] 5C161JEA304304  re-apply tcp:8081 FAILED
[2026-05-19T04:42:36Z] 5C161JEA304304  missing tcp:4566 — re-applying
adb: device '5C161JEA304304' not found
[2026-05-19T04:42:36Z] 5C161JEA304304  re-apply tcp:4566 FAILED
[2026-05-19T04:42:51Z] 5C161JEA304304  missing tcp:8080 — re-applying
adb: device '5C161JEA304304' not found
[2026-05-19T04:42:51Z] 5C161JEA304304  re-apply tcp:8080 FAILED
[2026-05-19T04:42:51Z] 5C161JEA304304  missing tcp:8081 — re-applying
adb: device '5C161JEA304304' not found
[2026-05-19T04:42:51Z] 5C161JEA304304  re-apply tcp:8081 FAILED
[2026-05-19T04:42:51Z] 5C161JEA304304  missing tcp:4566 — re-applying
adb: device '5C161JEA304304' not found
[2026-05-19T04:42:51Z] 5C161JEA304304  re-apply tcp:4566 FAILED
[2026-05-19T04:43:07Z] 5C161JEA304304  missing tcp:8080 — re-applying
adb: device '5C161JEA304304' not found
[2026-05-19T04:43:07Z] 5C161JEA304304  re-apply tcp:8080 FAILED
[2026-05-19T04:43:07Z] 5C161JEA304304  missing tcp:8081 — re-applying
adb: device '5C161JEA304304' not found
[2026-05-19T04:43:07Z] 5C161JEA304304  re-apply tcp:8081 FAILED
[2026-05-19T04:43:07Z] 5C161JEA304304  missing tcp:4566 — re-applying
adb: device '5C161JEA304304' not found
[2026-05-19T04:43:07Z] 5C161JEA304304  re-apply tcp:4566 FAILED
[2026-05-19T04:43:22Z] 5C161JEA304304  missing tcp:8080 — re-applying
adb: device '5C161JEA304304' not found
[2026-05-19T04:43:22Z] 5C161JEA304304  re-apply tcp:8080 FAILED
[2026-05-19T04:43:22Z] 5C161JEA304304  missing tcp:8081 — re-applying
adb: device '5C161JEA304304' not found
[2026-05-19T04:43:22Z] 5C161JEA304304  re-apply tcp:8081 FAILED
[2026-05-19T04:43:22Z] 5C161JEA304304  missing tcp:4566 — re-applying
adb: device '5C161JEA304304' not found
[2026-05-19T04:43:22Z] 5C161JEA304304  re-apply tcp:4566 FAILED
[2026-05-19T04:43:37Z] 5C161JEA304304  missing tcp:8080 — re-applying
adb: device '5C161JEA304304' not found
[2026-05-19T04:43:37Z] 5C161JEA304304  re-apply tcp:8080 FAILED
[2026-05-19T04:43:37Z] 5C161JEA304304  missing tcp:8081 — re-applying
adb: device '5C161JEA304304' not found
[2026-05-19T04:43:37Z] 5C161JEA304304  re-apply tcp:8081 FAILED
[2026-05-19T04:43:37Z] 5C161JEA304304  missing tcp:4566 — re-applying
adb: device '5C161JEA304304' not found
[2026-05-19T04:43:37Z] 5C161JEA304304  re-apply tcp:4566 FAILED
[2026-05-19T04:43:52Z] 5C161JEA304304  missing tcp:8080 — re-applying
adb: device '5C161JEA304304' not found
[2026-05-19T04:43:52Z] 5C161JEA304304  re-apply tcp:8080 FAILED
[2026-05-19T04:43:52Z] 5C161JEA304304  missing tcp:8081 — re-applying
adb: device '5C161JEA304304' not found
[2026-05-19T04:43:52Z] 5C161JEA304304  re-apply tcp:8081 FAILED
[2026-05-19T04:43:52Z] 5C161JEA304304  missing tcp:4566 — re-applying
adb: device '5C161JEA304304' not found
[2026-05-19T04:43:52Z] 5C161JEA304304  re-apply tcp:4566 FAILED
[2026-05-19T04:44:07Z] 5C161JEA304304  missing tcp:8080 — re-applying
adb: device '5C161JEA304304' not found
[2026-05-19T04:44:07Z] 5C161JEA304304  re-apply tcp:8080 FAILED
[2026-05-19T04:44:07Z] 5C161JEA304304  missing tcp:8081 — re-applying
adb: device '5C161JEA304304' not found
[2026-05-19T04:44:07Z] 5C161JEA304304  re-apply tcp:8081 FAILED
[2026-05-19T04:44:07Z] 5C161JEA304304  missing tcp:4566 — re-applying
adb: device '5C161JEA304304' not found
[2026-05-19T04:44:07Z] 5C161JEA304304  re-apply tcp:4566 FAILED
[2026-05-19T04:44:22Z] 5C161JEA304304  missing tcp:8080 — re-applying
adb: device '5C161JEA304304' not found
[2026-05-19T04:44:22Z] 5C161JEA304304  re-apply tcp:8080 FAILED
[2026-05-19T04:44:22Z] 5C161JEA304304  missing tcp:8081 — re-applying
adb: device '5C161JEA304304' not found
[2026-05-19T04:44:22Z] 5C161JEA304304  re-apply tcp:8081 FAILED
[2026-05-19T04:44:22Z] 5C161JEA304304  missing tcp:4566 — re-applying
adb: device '5C161JEA304304' not found
[2026-05-19T04:44:22Z] 5C161JEA304304  re-apply tcp:4566 FAILED
[2026-05-19T04:44:37Z] 5C161JEA304304  missing tcp:8080 — re-applying
adb: device '5C161JEA304304' not found
[2026-05-19T04:44:37Z] 5C161JEA304304  re-apply tcp:8080 FAILED
[2026-05-19T04:44:37Z] 5C161JEA304304  missing tcp:8081 — re-applying
adb: device '5C161JEA304304' not found
[2026-05-19T04:44:37Z] 5C161JEA304304  re-apply tcp:8081 FAILED
[2026-05-19T04:44:37Z] 5C161JEA304304  missing tcp:4566 — re-applying
adb: device '5C161JEA304304' not found
[2026-05-19T04:44:37Z] 5C161JEA304304  re-apply tcp:4566 FAILED
[2026-05-19T04:44:53Z] 5C161JEA304304  missing tcp:8080 — re-applying
adb: device '5C161JEA304304' not found
[2026-05-19T04:44:53Z] 5C161JEA304304  re-apply tcp:8080 FAILED
[2026-05-19T04:44:53Z] 5C161JEA304304  missing tcp:8081 — re-applying
adb: device '5C161JEA304304' not found
[2026-05-19T04:44:53Z] 5C161JEA304304  re-apply tcp:8081 FAILED
[2026-05-19T04:44:53Z] 5C161JEA304304  missing tcp:4566 — re-applying
adb: device '5C161JEA304304' not found
[2026-05-19T04:44:53Z] 5C161JEA304304  re-apply tcp:4566 FAILED
[2026-05-19T04:45:08Z] 5C161JEA304304  missing tcp:8080 — re-applying
adb: device '5C161JEA304304' not found
[2026-05-19T04:45:08Z] 5C161JEA304304  re-apply tcp:8080 FAILED
[2026-05-19T04:45:08Z] 5C161JEA304304  missing tcp:8081 — re-applying
adb: device '5C161JEA304304' not found
[2026-05-19T04:45:08Z] 5C161JEA304304  re-apply tcp:8081 FAILED
[2026-05-19T04:45:08Z] 5C161JEA304304  missing tcp:4566 — re-applying
adb: device '5C161JEA304304' not found
[2026-05-19T04:45:08Z] 5C161JEA304304  re-apply tcp:4566 FAILED
[2026-05-19T04:45:23Z] 5C161JEA304304  missing tcp:8080 — re-applying
adb: device '5C161JEA304304' not found
[2026-05-19T04:45:23Z] 5C161JEA304304  re-apply tcp:8080 FAILED
[2026-05-19T04:45:23Z] 5C161JEA304304  missing tcp:8081 — re-applying
adb: device '5C161JEA304304' not found
[2026-05-19T04:45:23Z] 5C161JEA304304  re-apply tcp:8081 FAILED
[2026-05-19T04:45:23Z] 5C161JEA304304  missing tcp:4566 — re-applying
adb: device '5C161JEA304304' not found
[2026-05-19T04:45:23Z] 5C161JEA304304  re-apply tcp:4566 FAILED
[2026-05-19T04:45:38Z] 5C161JEA304304  missing tcp:8080 — re-applying
adb: device '5C161JEA304304' not found
[2026-05-19T04:45:38Z] 5C161JEA304304  re-apply tcp:8080 FAILED
[2026-05-19T04:45:38Z] 5C161JEA304304  missing tcp:8081 — re-applying
adb: device '5C161JEA304304' not found
[2026-05-19T04:45:38Z] 5C161JEA304304  re-apply tcp:8081 FAILED
[2026-05-19T04:45:38Z] 5C161JEA304304  missing tcp:4566 — re-applying
adb: device '5C161JEA304304' not found
[2026-05-19T04:45:38Z] 5C161JEA304304  re-apply tcp:4566 FAILED
[2026-05-19T04:45:53Z] 5C161JEA304304  missing tcp:8080 — re-applying
adb: device '5C161JEA304304' not found
[2026-05-19T04:45:53Z] 5C161JEA304304  re-apply tcp:8080 FAILED
[2026-05-19T04:45:53Z] 5C161JEA304304  missing tcp:8081 — re-applying
adb: device '5C161JEA304304' not found
[2026-05-19T04:45:53Z] 5C161JEA304304  re-apply tcp:8081 FAILED
[2026-05-19T04:45:53Z] 5C161JEA304304  missing tcp:4566 — re-applying
adb: device '5C161JEA304304' not found
[2026-05-19T04:45:53Z] 5C161JEA304304  re-apply tcp:4566 FAILED
[2026-05-19T04:46:08Z] 5C161JEA304304  missing tcp:8080 — re-applying
adb: device '5C161JEA304304' not found
[2026-05-19T04:46:08Z] 5C161JEA304304  re-apply tcp:8080 FAILED
[2026-05-19T04:46:08Z] 5C161JEA304304  missing tcp:8081 — re-applying
adb: device '5C161JEA304304' not found
[2026-05-19T04:46:08Z] 5C161JEA304304  re-apply tcp:8081 FAILED
[2026-05-19T04:46:08Z] 5C161JEA304304  missing tcp:4566 — re-applying
adb: device '5C161JEA304304' not found
[2026-05-19T04:46:08Z] 5C161JEA304304  re-apply tcp:4566 FAILED
[2026-05-19T04:46:23Z] 5C161JEA304304  missing tcp:8080 — re-applying
adb: device '5C161JEA304304' not found
[2026-05-19T04:46:23Z] 5C161JEA304304  re-apply tcp:8080 FAILED
[2026-05-19T04:46:23Z] 5C161JEA304304  missing tcp:8081 — re-applying
adb: device '5C161JEA304304' not found
[2026-05-19T04:46:23Z] 5C161JEA304304  re-apply tcp:8081 FAILED
[2026-05-19T04:46:23Z] 5C161JEA304304  missing tcp:4566 — re-applying
adb: device '5C161JEA304304' not found
[2026-05-19T04:46:23Z] 5C161JEA304304  re-apply tcp:4566 FAILED
[2026-05-19T04:46:39Z] 5C161JEA304304  missing tcp:8080 — re-applying
adb: device '5C161JEA304304' not found
[2026-05-19T04:46:39Z] 5C161JEA304304  re-apply tcp:8080 FAILED
[2026-05-19T04:46:39Z] 5C161JEA304304  missing tcp:8081 — re-applying
adb: device '5C161JEA304304' not found
[2026-05-19T04:46:39Z] 5C161JEA304304  re-apply tcp:8081 FAILED
[2026-05-19T04:46:39Z] 5C161JEA304304  missing tcp:4566 — re-applying
adb: device '5C161JEA304304' not found
[2026-05-19T04:46:39Z] 5C161JEA304304  re-apply tcp:4566 FAILED
[2026-05-19T04:46:54Z] 5C161JEA304304  missing tcp:8080 — re-applying
adb: device '5C161JEA304304' not found
[2026-05-19T04:46:54Z] 5C161JEA304304  re-apply tcp:8080 FAILED
[2026-05-19T04:46:54Z] 5C161JEA304304  missing tcp:8081 — re-applying
adb: device '5C161JEA304304' not found
[2026-05-19T04:46:54Z] 5C161JEA304304  re-apply tcp:8081 FAILED
[2026-05-19T04:46:54Z] 5C161JEA304304  missing tcp:4566 — re-applying
adb: device '5C161JEA304304' not found
[2026-05-19T04:46:54Z] 5C161JEA304304  re-apply tcp:4566 FAILED
[2026-05-19T04:47:09Z] 5C161JEA304304  missing tcp:8080 — re-applying
adb: device '5C161JEA304304' not found
[2026-05-19T04:47:09Z] 5C161JEA304304  re-apply tcp:8080 FAILED
[2026-05-19T04:47:09Z] 5C161JEA304304  missing tcp:8081 — re-applying
adb: device '5C161JEA304304' not found
[2026-05-19T04:47:09Z] 5C161JEA304304  re-apply tcp:8081 FAILED
[2026-05-19T04:47:09Z] 5C161JEA304304  missing tcp:4566 — re-applying
adb: device '5C161JEA304304' not found
[2026-05-19T04:47:09Z] 5C161JEA304304  re-apply tcp:4566 FAILED
[2026-05-19T04:47:24Z] 5C161JEA304304  missing tcp:8080 — re-applying
adb: device '5C161JEA304304' not found
[2026-05-19T04:47:24Z] 5C161JEA304304  re-apply tcp:8080 FAILED
[2026-05-19T04:47:24Z] 5C161JEA304304  missing tcp:8081 — re-applying
adb: device '5C161JEA304304' not found
[2026-05-19T04:47:24Z] 5C161JEA304304  re-apply tcp:8081 FAILED
[2026-05-19T04:47:24Z] 5C161JEA304304  missing tcp:4566 — re-applying
adb: device '5C161JEA304304' not found
[2026-05-19T04:47:24Z] 5C161JEA304304  re-apply tcp:4566 FAILED
[2026-05-19T04:47:39Z] 5C161JEA304304  missing tcp:8080 — re-applying
adb: device '5C161JEA304304' not found
[2026-05-19T04:47:39Z] 5C161JEA304304  re-apply tcp:8080 FAILED
[2026-05-19T04:47:39Z] 5C161JEA304304  missing tcp:8081 — re-applying
adb: device '5C161JEA304304' not found
[2026-05-19T04:47:39Z] 5C161JEA304304  re-apply tcp:8081 FAILED
[2026-05-19T04:47:39Z] 5C161JEA304304  missing tcp:4566 — re-applying
adb: device '5C161JEA304304' not found
[2026-05-19T04:47:39Z] 5C161JEA304304  re-apply tcp:4566 FAILED
[2026-05-19T04:47:54Z] 5C161JEA304304  missing tcp:8080 — re-applying
adb: device '5C161JEA304304' not found
[2026-05-19T04:47:54Z] 5C161JEA304304  re-apply tcp:8080 FAILED
[2026-05-19T04:47:54Z] 5C161JEA304304  missing tcp:8081 — re-applying
adb: device '5C161JEA304304' not found
[2026-05-19T04:47:54Z] 5C161JEA304304  re-apply tcp:8081 FAILED
[2026-05-19T04:47:54Z] 5C161JEA304304  missing tcp:4566 — re-applying
adb: device '5C161JEA304304' not found
[2026-05-19T04:47:54Z] 5C161JEA304304  re-apply tcp:4566 FAILED
[2026-05-19T04:48:09Z] 5C161JEA304304  missing tcp:8080 — re-applying
adb: device '5C161JEA304304' not found
[2026-05-19T04:48:09Z] 5C161JEA304304  re-apply tcp:8080 FAILED
[2026-05-19T04:48:09Z] 5C161JEA304304  missing tcp:8081 — re-applying
adb: device '5C161JEA304304' not found
[2026-05-19T04:48:09Z] 5C161JEA304304  re-apply tcp:8081 FAILED
[2026-05-19T04:48:09Z] 5C161JEA304304  missing tcp:4566 — re-applying
adb: device '5C161JEA304304' not found
[2026-05-19T04:48:09Z] 5C161JEA304304  re-apply tcp:4566 FAILED
[2026-05-19T04:48:24Z] 5C161JEA304304  missing tcp:8080 — re-applying
adb: device '5C161JEA304304' not found
[2026-05-19T04:48:24Z] 5C161JEA304304  re-apply tcp:8080 FAILED
[2026-05-19T04:48:25Z] 5C161JEA304304  missing tcp:8081 — re-applying
adb: device '5C161JEA304304' not found
[2026-05-19T04:48:25Z] 5C161JEA304304  re-apply tcp:8081 FAILED
[2026-05-19T04:48:25Z] 5C161JEA304304  missing tcp:4566 — re-applying
adb: device '5C161JEA304304' not found
[2026-05-19T04:48:25Z] 5C161JEA304304  re-apply tcp:4566 FAILED
[2026-05-19T04:48:40Z] 5C161JEA304304  missing tcp:8080 — re-applying
adb: device '5C161JEA304304' not found
[2026-05-19T04:48:40Z] 5C161JEA304304  re-apply tcp:8080 FAILED
[2026-05-19T04:48:40Z] 5C161JEA304304  missing tcp:8081 — re-applying
adb: device '5C161JEA304304' not found
[2026-05-19T04:48:40Z] 5C161JEA304304  re-apply tcp:8081 FAILED
[2026-05-19T04:48:40Z] 5C161JEA304304  missing tcp:4566 — re-applying
adb: device '5C161JEA304304' not found
[2026-05-19T04:48:40Z] 5C161JEA304304  re-apply tcp:4566 FAILED
[2026-05-19T04:48:55Z] 5C161JEA304304  missing tcp:8080 — re-applying
adb: device '5C161JEA304304' not found
[2026-05-19T04:48:55Z] 5C161JEA304304  re-apply tcp:8080 FAILED
[2026-05-19T04:48:55Z] 5C161JEA304304  missing tcp:8081 — re-applying
adb: device '5C161JEA304304' not found
[2026-05-19T04:48:55Z] 5C161JEA304304  re-apply tcp:8081 FAILED
[2026-05-19T04:48:55Z] 5C161JEA304304  missing tcp:4566 — re-applying
adb: device '5C161JEA304304' not found
[2026-05-19T04:48:55Z] 5C161JEA304304  re-apply tcp:4566 FAILED
[2026-05-19T04:49:10Z] 5C161JEA304304  missing tcp:8080 — re-applying
adb: device '5C161JEA304304' not found
[2026-05-19T04:49:10Z] 5C161JEA304304  re-apply tcp:8080 FAILED
[2026-05-19T04:49:10Z] 5C161JEA304304  missing tcp:8081 — re-applying
adb: device '5C161JEA304304' not found
[2026-05-19T04:49:10Z] 5C161JEA304304  re-apply tcp:8081 FAILED
[2026-05-19T04:49:10Z] 5C161JEA304304  missing tcp:4566 — re-applying
adb: device '5C161JEA304304' not found
[2026-05-19T04:49:10Z] 5C161JEA304304  re-apply tcp:4566 FAILED
[2026-05-19T04:49:25Z] 5C161JEA304304  missing tcp:8080 — re-applying
adb: device '5C161JEA304304' not found
[2026-05-19T04:49:25Z] 5C161JEA304304  re-apply tcp:8080 FAILED
[2026-05-19T04:49:25Z] 5C161JEA304304  missing tcp:8081 — re-applying
adb: device '5C161JEA304304' not found
[2026-05-19T04:49:25Z] 5C161JEA304304  re-apply tcp:8081 FAILED
[2026-05-19T04:49:25Z] 5C161JEA304304  missing tcp:4566 — re-applying
adb: device '5C161JEA304304' not found
[2026-05-19T04:49:25Z] 5C161JEA304304  re-apply tcp:4566 FAILED
[2026-05-19T04:49:40Z] 5C161JEA304304  missing tcp:8080 — re-applying
adb: device '5C161JEA304304' not found
[2026-05-19T04:49:40Z] 5C161JEA304304  re-apply tcp:8080 FAILED
[2026-05-19T04:49:40Z] 5C161JEA304304  missing tcp:8081 — re-applying
adb: device '5C161JEA304304' not found
[2026-05-19T04:49:40Z] 5C161JEA304304  re-apply tcp:8081 FAILED
[2026-05-19T04:49:40Z] 5C161JEA304304  missing tcp:4566 — re-applying
adb: device '5C161JEA304304' not found
[2026-05-19T04:49:40Z] 5C161JEA304304  re-apply tcp:4566 FAILED
[2026-05-19T04:49:55Z] 5C161JEA304304  missing tcp:8080 — re-applying
adb: device '5C161JEA304304' not found
[2026-05-19T04:49:55Z] 5C161JEA304304  re-apply tcp:8080 FAILED
[2026-05-19T04:49:55Z] 5C161JEA304304  missing tcp:8081 — re-applying
adb: device '5C161JEA304304' not found
[2026-05-19T04:49:55Z] 5C161JEA304304  re-apply tcp:8081 FAILED
[2026-05-19T04:49:55Z] 5C161JEA304304  missing tcp:4566 — re-applying
adb: device '5C161JEA304304' not found
[2026-05-19T04:49:55Z] 5C161JEA304304  re-apply tcp:4566 FAILED
[2026-05-19T04:50:11Z] 5C161JEA304304  missing tcp:8080 — re-applying
adb: device '5C161JEA304304' not found
[2026-05-19T04:50:11Z] 5C161JEA304304  re-apply tcp:8080 FAILED
[2026-05-19T04:50:11Z] 5C161JEA304304  missing tcp:8081 — re-applying
adb: device '5C161JEA304304' not found
[2026-05-19T04:50:11Z] 5C161JEA304304  re-apply tcp:8081 FAILED
[2026-05-19T04:50:11Z] 5C161JEA304304  missing tcp:4566 — re-applying
adb: device '5C161JEA304304' not found
[2026-05-19T04:50:11Z] 5C161JEA304304  re-apply tcp:4566 FAILED
[2026-05-19T04:50:26Z] 5C161JEA304304  missing tcp:8080 — re-applying
adb: device '5C161JEA304304' not found
[2026-05-19T04:50:26Z] 5C161JEA304304  re-apply tcp:8080 FAILED
[2026-05-19T04:50:26Z] 5C161JEA304304  missing tcp:8081 — re-applying
adb: device '5C161JEA304304' not found
[2026-05-19T04:50:26Z] 5C161JEA304304  re-apply tcp:8081 FAILED
[2026-05-19T04:50:26Z] 5C161JEA304304  missing tcp:4566 — re-applying
adb: device '5C161JEA304304' not found
[2026-05-19T04:50:26Z] 5C161JEA304304  re-apply tcp:4566 FAILED
[2026-05-19T04:50:41Z] 5C161JEA304304  missing tcp:8080 — re-applying
adb: device '5C161JEA304304' not found
[2026-05-19T04:50:41Z] 5C161JEA304304  re-apply tcp:8080 FAILED
[2026-05-19T04:50:41Z] 5C161JEA304304  missing tcp:8081 — re-applying
adb: device '5C161JEA304304' not found
[2026-05-19T04:50:41Z] 5C161JEA304304  re-apply tcp:8081 FAILED
[2026-05-19T04:50:41Z] 5C161JEA304304  missing tcp:4566 — re-applying
adb: device '5C161JEA304304' not found
[2026-05-19T04:50:41Z] 5C161JEA304304  re-apply tcp:4566 FAILED
[2026-05-19T04:50:56Z] 5C161JEA304304  missing tcp:8080 — re-applying
adb: device '5C161JEA304304' not found
[2026-05-19T04:50:56Z] 5C161JEA304304  re-apply tcp:8080 FAILED
[2026-05-19T04:50:56Z] 5C161JEA304304  missing tcp:8081 — re-applying
adb: device '5C161JEA304304' not found
[2026-05-19T04:50:56Z] 5C161JEA304304  re-apply tcp:8081 FAILED
[2026-05-19T04:50:56Z] 5C161JEA304304  missing tcp:4566 — re-applying
adb: device '5C161JEA304304' not found
[2026-05-19T04:50:56Z] 5C161JEA304304  re-apply tcp:4566 FAILED
[2026-05-19T04:51:11Z] 5C161JEA304304  missing tcp:8080 — re-applying
adb: device '5C161JEA304304' not found
[2026-05-19T04:51:11Z] 5C161JEA304304  re-apply tcp:8080 FAILED
[2026-05-19T04:51:11Z] 5C161JEA304304  missing tcp:8081 — re-applying
adb: device '5C161JEA304304' not found
[2026-05-19T04:51:11Z] 5C161JEA304304  re-apply tcp:8081 FAILED
[2026-05-19T04:51:11Z] 5C161JEA304304  missing tcp:4566 — re-applying
adb: device '5C161JEA304304' not found
[2026-05-19T04:51:11Z] 5C161JEA304304  re-apply tcp:4566 FAILED
[2026-05-19T04:51:26Z] 5C161JEA304304  missing tcp:8080 — re-applying
adb: device '5C161JEA304304' not found
[2026-05-19T04:51:26Z] 5C161JEA304304  re-apply tcp:8080 FAILED
[2026-05-19T04:51:26Z] 5C161JEA304304  missing tcp:8081 — re-applying
adb: device '5C161JEA304304' not found
[2026-05-19T04:51:26Z] 5C161JEA304304  re-apply tcp:8081 FAILED
[2026-05-19T04:51:26Z] 5C161JEA304304  missing tcp:4566 — re-applying
adb: device '5C161JEA304304' not found
[2026-05-19T04:51:26Z] 5C161JEA304304  re-apply tcp:4566 FAILED
[2026-05-19T04:51:41Z] 5C161JEA304304  missing tcp:8080 — re-applying
adb: device '5C161JEA304304' not found
[2026-05-19T04:51:41Z] 5C161JEA304304  re-apply tcp:8080 FAILED
[2026-05-19T04:51:41Z] 5C161JEA304304  missing tcp:8081 — re-applying
adb: device '5C161JEA304304' not found
[2026-05-19T04:51:41Z] 5C161JEA304304  re-apply tcp:8081 FAILED
[2026-05-19T04:51:41Z] 5C161JEA304304  missing tcp:4566 — re-applying
adb: device '5C161JEA304304' not found
[2026-05-19T04:51:41Z] 5C161JEA304304  re-apply tcp:4566 FAILED
[2026-05-19T04:51:57Z] 5C161JEA304304  missing tcp:8080 — re-applying
adb: device '5C161JEA304304' not found
[2026-05-19T04:51:57Z] 5C161JEA304304  re-apply tcp:8080 FAILED
[2026-05-19T04:51:57Z] 5C161JEA304304  missing tcp:8081 — re-applying
adb: device '5C161JEA304304' not found
[2026-05-19T04:51:57Z] 5C161JEA304304  re-apply tcp:8081 FAILED
[2026-05-19T04:51:57Z] 5C161JEA304304  missing tcp:4566 — re-applying
adb: device '5C161JEA304304' not found
[2026-05-19T04:51:57Z] 5C161JEA304304  re-apply tcp:4566 FAILED
[2026-05-19T04:52:12Z] 5C161JEA304304  missing tcp:8080 — re-applying
adb: device '5C161JEA304304' not found
[2026-05-19T04:52:12Z] 5C161JEA304304  re-apply tcp:8080 FAILED
[2026-05-19T04:52:12Z] 5C161JEA304304  missing tcp:8081 — re-applying
adb: device '5C161JEA304304' not found
[2026-05-19T04:52:12Z] 5C161JEA304304  re-apply tcp:8081 FAILED
[2026-05-19T04:52:12Z] 5C161JEA304304  missing tcp:4566 — re-applying
adb: device '5C161JEA304304' not found
[2026-05-19T04:52:12Z] 5C161JEA304304  re-apply tcp:4566 FAILED
[2026-05-19T04:52:27Z] 5C161JEA304304  missing tcp:8080 — re-applying
adb: device '5C161JEA304304' not found
[2026-05-19T04:52:27Z] 5C161JEA304304  re-apply tcp:8080 FAILED
[2026-05-19T04:52:27Z] 5C161JEA304304  missing tcp:8081 — re-applying
adb: device '5C161JEA304304' not found
[2026-05-19T04:52:27Z] 5C161JEA304304  re-apply tcp:8081 FAILED
[2026-05-19T04:52:27Z] 5C161JEA304304  missing tcp:4566 — re-applying
adb: device '5C161JEA304304' not found
[2026-05-19T04:52:27Z] 5C161JEA304304  re-apply tcp:4566 FAILED
[2026-05-19T04:52:42Z] 5C161JEA304304  missing tcp:8080 — re-applying
adb: device '5C161JEA304304' not found
[2026-05-19T04:52:42Z] 5C161JEA304304  re-apply tcp:8080 FAILED
[2026-05-19T04:52:42Z] 5C161JEA304304  missing tcp:8081 — re-applying
adb: device '5C161JEA304304' not found
[2026-05-19T04:52:42Z] 5C161JEA304304  re-apply tcp:8081 FAILED
[2026-05-19T04:52:42Z] 5C161JEA304304  missing tcp:4566 — re-applying
adb: device '5C161JEA304304' not found
[2026-05-19T04:52:42Z] 5C161JEA304304  re-apply tcp:4566 FAILED
[2026-05-19T04:52:57Z] 5C161JEA304304  missing tcp:8080 — re-applying
adb: device '5C161JEA304304' not found
[2026-05-19T04:52:57Z] 5C161JEA304304  re-apply tcp:8080 FAILED
[2026-05-19T04:52:57Z] 5C161JEA304304  missing tcp:8081 — re-applying
adb: device '5C161JEA304304' not found
[2026-05-19T04:52:57Z] 5C161JEA304304  re-apply tcp:8081 FAILED
[2026-05-19T04:52:57Z] 5C161JEA304304  missing tcp:4566 — re-applying
adb: device '5C161JEA304304' not found
[2026-05-19T04:52:57Z] 5C161JEA304304  re-apply tcp:4566 FAILED
[2026-05-19T04:53:12Z] 5C161JEA304304  missing tcp:8080 — re-applying
adb: device '5C161JEA304304' not found
[2026-05-19T04:53:12Z] 5C161JEA304304  re-apply tcp:8080 FAILED
[2026-05-19T04:53:12Z] 5C161JEA304304  missing tcp:8081 — re-applying
adb: device '5C161JEA304304' not found
[2026-05-19T04:53:12Z] 5C161JEA304304  re-apply tcp:8081 FAILED
[2026-05-19T04:53:12Z] 5C161JEA304304  missing tcp:4566 — re-applying
adb: device '5C161JEA304304' not found
[2026-05-19T04:53:12Z] 5C161JEA304304  re-apply tcp:4566 FAILED
[2026-05-19T04:53:27Z] 5C161JEA304304  missing tcp:8080 — re-applying
adb: device '5C161JEA304304' not found
[2026-05-19T04:53:27Z] 5C161JEA304304  re-apply tcp:8080 FAILED
[2026-05-19T04:53:27Z] 5C161JEA304304  missing tcp:8081 — re-applying
adb: device '5C161JEA304304' not found
[2026-05-19T04:53:27Z] 5C161JEA304304  re-apply tcp:8081 FAILED
[2026-05-19T04:53:28Z] 5C161JEA304304  missing tcp:4566 — re-applying
adb: device '5C161JEA304304' not found
[2026-05-19T04:53:28Z] 5C161JEA304304  re-apply tcp:4566 FAILED
[2026-05-19T04:53:43Z] 5C161JEA304304  missing tcp:8080 — re-applying
adb: device '5C161JEA304304' not found
[2026-05-19T04:53:43Z] 5C161JEA304304  re-apply tcp:8080 FAILED
[2026-05-19T04:53:43Z] 5C161JEA304304  missing tcp:8081 — re-applying
adb: device '5C161JEA304304' not found
[2026-05-19T04:53:43Z] 5C161JEA304304  re-apply tcp:8081 FAILED
[2026-05-19T04:53:43Z] 5C161JEA304304  missing tcp:4566 — re-applying
adb: device '5C161JEA304304' not found
[2026-05-19T04:53:43Z] 5C161JEA304304  re-apply tcp:4566 FAILED
[2026-05-19T04:53:58Z] 5C161JEA304304  missing tcp:8080 — re-applying
adb: device '5C161JEA304304' not found
[2026-05-19T04:53:58Z] 5C161JEA304304  re-apply tcp:8080 FAILED
[2026-05-19T04:53:58Z] 5C161JEA304304  missing tcp:8081 — re-applying
adb: device '5C161JEA304304' not found
[2026-05-19T04:53:58Z] 5C161JEA304304  re-apply tcp:8081 FAILED
[2026-05-19T04:53:58Z] 5C161JEA304304  missing tcp:4566 — re-applying
adb: device '5C161JEA304304' not found
[2026-05-19T04:53:58Z] 5C161JEA304304  re-apply tcp:4566 FAILED
[2026-05-19T04:54:13Z] 5C161JEA304304  missing tcp:8080 — re-applying
adb: device '5C161JEA304304' not found
[2026-05-19T04:54:13Z] 5C161JEA304304  re-apply tcp:8080 FAILED
[2026-05-19T04:54:13Z] 5C161JEA304304  missing tcp:8081 — re-applying
adb: device '5C161JEA304304' not found
[2026-05-19T04:54:13Z] 5C161JEA304304  re-apply tcp:8081 FAILED
[2026-05-19T04:54:13Z] 5C161JEA304304  missing tcp:4566 — re-applying
adb: device '5C161JEA304304' not found
[2026-05-19T04:54:13Z] 5C161JEA304304  re-apply tcp:4566 FAILED
[2026-05-19T04:54:28Z] 5C161JEA304304  missing tcp:8080 — re-applying
adb: device '5C161JEA304304' not found
[2026-05-19T04:54:28Z] 5C161JEA304304  re-apply tcp:8080 FAILED
[2026-05-19T04:54:28Z] 5C161JEA304304  missing tcp:8081 — re-applying
adb: device '5C161JEA304304' not found
[2026-05-19T04:54:28Z] 5C161JEA304304  re-apply tcp:8081 FAILED
[2026-05-19T04:54:28Z] 5C161JEA304304  missing tcp:4566 — re-applying
adb: device '5C161JEA304304' not found
[2026-05-19T04:54:28Z] 5C161JEA304304  re-apply tcp:4566 FAILED
[2026-05-19T04:54:43Z] 5C161JEA304304  missing tcp:8080 — re-applying
adb: device '5C161JEA304304' not found
[2026-05-19T04:54:43Z] 5C161JEA304304  re-apply tcp:8080 FAILED
[2026-05-19T04:54:43Z] 5C161JEA304304  missing tcp:8081 — re-applying
adb: device '5C161JEA304304' not found
[2026-05-19T04:54:43Z] 5C161JEA304304  re-apply tcp:8081 FAILED
[2026-05-19T04:54:43Z] 5C161JEA304304  missing tcp:4566 — re-applying
adb: device '5C161JEA304304' not found
[2026-05-19T04:54:43Z] 5C161JEA304304  re-apply tcp:4566 FAILED
[2026-05-19T04:54:58Z] 5C161JEA304304  missing tcp:8080 — re-applying
adb: device '5C161JEA304304' not found
[2026-05-19T04:54:58Z] 5C161JEA304304  re-apply tcp:8080 FAILED
[2026-05-19T04:54:58Z] 5C161JEA304304  missing tcp:8081 — re-applying
adb: device '5C161JEA304304' not found
[2026-05-19T04:54:58Z] 5C161JEA304304  re-apply tcp:8081 FAILED
[2026-05-19T04:54:58Z] 5C161JEA304304  missing tcp:4566 — re-applying
adb: device '5C161JEA304304' not found
[2026-05-19T04:54:58Z] 5C161JEA304304  re-apply tcp:4566 FAILED
[2026-05-19T04:55:14Z] 5C161JEA304304  missing tcp:8080 — re-applying
adb: device '5C161JEA304304' not found
[2026-05-19T04:55:14Z] 5C161JEA304304  re-apply tcp:8080 FAILED
[2026-05-19T04:55:14Z] 5C161JEA304304  missing tcp:8081 — re-applying
adb: device '5C161JEA304304' not found
[2026-05-19T04:55:14Z] 5C161JEA304304  re-apply tcp:8081 FAILED
[2026-05-19T04:55:14Z] 5C161JEA304304  missing tcp:4566 — re-applying
adb: device '5C161JEA304304' not found
[2026-05-19T04:55:14Z] 5C161JEA304304  re-apply tcp:4566 FAILED
[2026-05-19T04:55:29Z] 5C161JEA304304  missing tcp:8080 — re-applying
adb: device '5C161JEA304304' not found
[2026-05-19T04:55:29Z] 5C161JEA304304  re-apply tcp:8080 FAILED
[2026-05-19T04:55:29Z] 5C161JEA304304  missing tcp:8081 — re-applying
adb: device '5C161JEA304304' not found
[2026-05-19T04:55:29Z] 5C161JEA304304  re-apply tcp:8081 FAILED
[2026-05-19T04:55:29Z] 5C161JEA304304  missing tcp:4566 — re-applying
adb: device '5C161JEA304304' not found
[2026-05-19T04:55:29Z] 5C161JEA304304  re-apply tcp:4566 FAILED
[2026-05-19T04:55:44Z] 5C161JEA304304  missing tcp:8080 — re-applying
adb: device '5C161JEA304304' not found
[2026-05-19T04:55:44Z] 5C161JEA304304  re-apply tcp:8080 FAILED
[2026-05-19T04:55:44Z] 5C161JEA304304  missing tcp:8081 — re-applying
adb: device '5C161JEA304304' not found
[2026-05-19T04:55:44Z] 5C161JEA304304  re-apply tcp:8081 FAILED
[2026-05-19T04:55:44Z] 5C161JEA304304  missing tcp:4566 — re-applying
adb: device '5C161JEA304304' not found
[2026-05-19T04:55:44Z] 5C161JEA304304  re-apply tcp:4566 FAILED
[2026-05-19T04:55:59Z] 5C161JEA304304  missing tcp:8080 — re-applying
adb: device '5C161JEA304304' not found
[2026-05-19T04:55:59Z] 5C161JEA304304  re-apply tcp:8080 FAILED
[2026-05-19T04:55:59Z] 5C161JEA304304  missing tcp:8081 — re-applying
adb: device '5C161JEA304304' not found
[2026-05-19T04:55:59Z] 5C161JEA304304  re-apply tcp:8081 FAILED
[2026-05-19T04:55:59Z] 5C161JEA304304  missing tcp:4566 — re-applying
adb: device '5C161JEA304304' not found
[2026-05-19T04:55:59Z] 5C161JEA304304  re-apply tcp:4566 FAILED
[2026-05-19T04:56:14Z] 5C161JEA304304  missing tcp:8080 — re-applying
adb: device '5C161JEA304304' not found
[2026-05-19T04:56:14Z] 5C161JEA304304  re-apply tcp:8080 FAILED
[2026-05-19T04:56:14Z] 5C161JEA304304  missing tcp:8081 — re-applying
adb: device '5C161JEA304304' not found
[2026-05-19T04:56:14Z] 5C161JEA304304  re-apply tcp:8081 FAILED
[2026-05-19T04:56:14Z] 5C161JEA304304  missing tcp:4566 — re-applying
adb: device '5C161JEA304304' not found
[2026-05-19T04:56:14Z] 5C161JEA304304  re-apply tcp:4566 FAILED
[2026-05-19T04:56:29Z] 5C161JEA304304  missing tcp:8080 — re-applying
adb: device '5C161JEA304304' not found
[2026-05-19T04:56:29Z] 5C161JEA304304  re-apply tcp:8080 FAILED
[2026-05-19T04:56:29Z] 5C161JEA304304  missing tcp:8081 — re-applying
adb: device '5C161JEA304304' not found
[2026-05-19T04:56:29Z] 5C161JEA304304  re-apply tcp:8081 FAILED
[2026-05-19T04:56:29Z] 5C161JEA304304  missing tcp:4566 — re-applying
adb: device '5C161JEA304304' not found
[2026-05-19T04:56:29Z] 5C161JEA304304  re-apply tcp:4566 FAILED
[2026-05-19T04:56:44Z] 5C161JEA304304  missing tcp:8080 — re-applying
adb: device '5C161JEA304304' not found
[2026-05-19T04:56:44Z] 5C161JEA304304  re-apply tcp:8080 FAILED
[2026-05-19T04:56:44Z] 5C161JEA304304  missing tcp:8081 — re-applying
adb: device '5C161JEA304304' not found
[2026-05-19T04:56:44Z] 5C161JEA304304  re-apply tcp:8081 FAILED
[2026-05-19T04:56:44Z] 5C161JEA304304  missing tcp:4566 — re-applying
adb: device '5C161JEA304304' not found
[2026-05-19T04:56:44Z] 5C161JEA304304  re-apply tcp:4566 FAILED
[2026-05-19T04:57:00Z] 5C161JEA304304  missing tcp:8080 — re-applying
adb: device '5C161JEA304304' not found
[2026-05-19T04:57:00Z] 5C161JEA304304  re-apply tcp:8080 FAILED
[2026-05-19T04:57:00Z] 5C161JEA304304  missing tcp:8081 — re-applying
adb: device '5C161JEA304304' not found
[2026-05-19T04:57:00Z] 5C161JEA304304  re-apply tcp:8081 FAILED
[2026-05-19T04:57:00Z] 5C161JEA304304  missing tcp:4566 — re-applying
adb: device '5C161JEA304304' not found
[2026-05-19T04:57:00Z] 5C161JEA304304  re-apply tcp:4566 FAILED
[2026-05-19T04:57:15Z] 5C161JEA304304  missing tcp:8080 — re-applying
adb: device '5C161JEA304304' not found
[2026-05-19T04:57:15Z] 5C161JEA304304  re-apply tcp:8080 FAILED
[2026-05-19T04:57:15Z] 5C161JEA304304  missing tcp:8081 — re-applying
adb: device '5C161JEA304304' not found
[2026-05-19T04:57:15Z] 5C161JEA304304  re-apply tcp:8081 FAILED
[2026-05-19T04:57:15Z] 5C161JEA304304  missing tcp:4566 — re-applying
adb: device '5C161JEA304304' not found
[2026-05-19T04:57:15Z] 5C161JEA304304  re-apply tcp:4566 FAILED
[2026-05-19T04:57:30Z] 5C161JEA304304  missing tcp:8080 — re-applying
adb: device '5C161JEA304304' not found
[2026-05-19T04:57:30Z] 5C161JEA304304  re-apply tcp:8080 FAILED
[2026-05-19T04:57:30Z] 5C161JEA304304  missing tcp:8081 — re-applying
adb: device '5C161JEA304304' not found
[2026-05-19T04:57:30Z] 5C161JEA304304  re-apply tcp:8081 FAILED
[2026-05-19T04:57:30Z] 5C161JEA304304  missing tcp:4566 — re-applying
adb: device '5C161JEA304304' not found
[2026-05-19T04:57:30Z] 5C161JEA304304  re-apply tcp:4566 FAILED
[2026-05-19T04:57:45Z] 5C161JEA304304  missing tcp:8080 — re-applying
adb: device '5C161JEA304304' not found
[2026-05-19T04:57:45Z] 5C161JEA304304  re-apply tcp:8080 FAILED
[2026-05-19T04:57:45Z] 5C161JEA304304  missing tcp:8081 — re-applying
adb: device '5C161JEA304304' not found
[2026-05-19T04:57:45Z] 5C161JEA304304  re-apply tcp:8081 FAILED
[2026-05-19T04:57:45Z] 5C161JEA304304  missing tcp:4566 — re-applying
adb: device '5C161JEA304304' not found
[2026-05-19T04:57:45Z] 5C161JEA304304  re-apply tcp:4566 FAILED
[2026-05-19T04:58:00Z] 5C161JEA304304  missing tcp:8080 — re-applying
adb: device '5C161JEA304304' not found
[2026-05-19T04:58:00Z] 5C161JEA304304  re-apply tcp:8080 FAILED
[2026-05-19T04:58:00Z] 5C161JEA304304  missing tcp:8081 — re-applying
adb: device '5C161JEA304304' not found
[2026-05-19T04:58:00Z] 5C161JEA304304  re-apply tcp:8081 FAILED
[2026-05-19T04:58:00Z] 5C161JEA304304  missing tcp:4566 — re-applying
adb: device '5C161JEA304304' not found
[2026-05-19T04:58:00Z] 5C161JEA304304  re-apply tcp:4566 FAILED
[2026-05-19T04:58:15Z] 5C161JEA304304  missing tcp:8080 — re-applying
adb: device '5C161JEA304304' not found
[2026-05-19T04:58:15Z] 5C161JEA304304  re-apply tcp:8080 FAILED
[2026-05-19T04:58:15Z] 5C161JEA304304  missing tcp:8081 — re-applying
adb: device '5C161JEA304304' not found
[2026-05-19T04:58:15Z] 5C161JEA304304  re-apply tcp:8081 FAILED
[2026-05-19T04:58:15Z] 5C161JEA304304  missing tcp:4566 — re-applying
adb: device '5C161JEA304304' not found
[2026-05-19T04:58:15Z] 5C161JEA304304  re-apply tcp:4566 FAILED
[2026-05-19T04:58:30Z] 5C161JEA304304  missing tcp:8080 — re-applying
adb: device '5C161JEA304304' not found
[2026-05-19T04:58:30Z] 5C161JEA304304  re-apply tcp:8080 FAILED
[2026-05-19T04:58:30Z] 5C161JEA304304  missing tcp:8081 — re-applying
adb: device '5C161JEA304304' not found
[2026-05-19T04:58:30Z] 5C161JEA304304  re-apply tcp:8081 FAILED
[2026-05-19T04:58:30Z] 5C161JEA304304  missing tcp:4566 — re-applying
adb: device '5C161JEA304304' not found
[2026-05-19T04:58:30Z] 5C161JEA304304  re-apply tcp:4566 FAILED
[2026-05-19T04:58:45Z] 5C161JEA304304  missing tcp:8080 — re-applying
adb: device '5C161JEA304304' not found
[2026-05-19T04:58:45Z] 5C161JEA304304  re-apply tcp:8080 FAILED
[2026-05-19T04:58:45Z] 5C161JEA304304  missing tcp:8081 — re-applying
adb: device '5C161JEA304304' not found
[2026-05-19T04:58:45Z] 5C161JEA304304  re-apply tcp:8081 FAILED
[2026-05-19T04:58:45Z] 5C161JEA304304  missing tcp:4566 — re-applying
adb: device '5C161JEA304304' not found
[2026-05-19T04:58:45Z] 5C161JEA304304  re-apply tcp:4566 FAILED
[2026-05-19T04:59:01Z] 5C161JEA304304  missing tcp:8080 — re-applying
adb: device '5C161JEA304304' not found
[2026-05-19T04:59:01Z] 5C161JEA304304  re-apply tcp:8080 FAILED
[2026-05-19T04:59:01Z] 5C161JEA304304  missing tcp:8081 — re-applying
adb: device '5C161JEA304304' not found
[2026-05-19T04:59:01Z] 5C161JEA304304  re-apply tcp:8081 FAILED
[2026-05-19T04:59:01Z] 5C161JEA304304  missing tcp:4566 — re-applying
adb: device '5C161JEA304304' not found
[2026-05-19T04:59:01Z] 5C161JEA304304  re-apply tcp:4566 FAILED
[2026-05-19T04:59:16Z] 5C161JEA304304  missing tcp:8080 — re-applying
adb: device '5C161JEA304304' not found
[2026-05-19T04:59:16Z] 5C161JEA304304  re-apply tcp:8080 FAILED
[2026-05-19T04:59:16Z] 5C161JEA304304  missing tcp:8081 — re-applying
adb: device '5C161JEA304304' not found
[2026-05-19T04:59:16Z] 5C161JEA304304  re-apply tcp:8081 FAILED
[2026-05-19T04:59:16Z] 5C161JEA304304  missing tcp:4566 — re-applying
adb: device '5C161JEA304304' not found
[2026-05-19T04:59:16Z] 5C161JEA304304  re-apply tcp:4566 FAILED
[2026-05-19T04:59:31Z] 5C161JEA304304  missing tcp:8080 — re-applying
adb: device '5C161JEA304304' not found
[2026-05-19T04:59:31Z] 5C161JEA304304  re-apply tcp:8080 FAILED
[2026-05-19T04:59:31Z] 5C161JEA304304  missing tcp:8081 — re-applying
adb: device '5C161JEA304304' not found
[2026-05-19T04:59:31Z] 5C161JEA304304  re-apply tcp:8081 FAILED
[2026-05-19T04:59:31Z] 5C161JEA304304  missing tcp:4566 — re-applying
adb: device '5C161JEA304304' not found
[2026-05-19T04:59:31Z] 5C161JEA304304  re-apply tcp:4566 FAILED
[2026-05-19T04:59:46Z] 5C161JEA304304  missing tcp:8080 — re-applying
adb: device '5C161JEA304304' not found
[2026-05-19T04:59:46Z] 5C161JEA304304  re-apply tcp:8080 FAILED
[2026-05-19T04:59:46Z] 5C161JEA304304  missing tcp:8081 — re-applying
adb: device '5C161JEA304304' not found
[2026-05-19T04:59:46Z] 5C161JEA304304  re-apply tcp:8081 FAILED
[2026-05-19T04:59:46Z] 5C161JEA304304  missing tcp:4566 — re-applying
adb: device '5C161JEA304304' not found
[2026-05-19T04:59:46Z] 5C161JEA304304  re-apply tcp:4566 FAILED
[2026-05-19T05:00:01Z] 5C161JEA304304  missing tcp:8080 — re-applying
adb: device '5C161JEA304304' not found
[2026-05-19T05:00:01Z] 5C161JEA304304  re-apply tcp:8080 FAILED
[2026-05-19T05:00:01Z] 5C161JEA304304  missing tcp:8081 — re-applying
adb: device '5C161JEA304304' not found
[2026-05-19T05:00:01Z] 5C161JEA304304  re-apply tcp:8081 FAILED
[2026-05-19T05:00:01Z] 5C161JEA304304  missing tcp:4566 — re-applying
adb: device '5C161JEA304304' not found
[2026-05-19T05:00:01Z] 5C161JEA304304  re-apply tcp:4566 FAILED
[2026-05-19T05:00:16Z] 5C161JEA304304  missing tcp:8080 — re-applying
adb: device '5C161JEA304304' not found
[2026-05-19T05:00:16Z] 5C161JEA304304  re-apply tcp:8080 FAILED
[2026-05-19T05:00:16Z] 5C161JEA304304  missing tcp:8081 — re-applying
adb: device '5C161JEA304304' not found
[2026-05-19T05:00:16Z] 5C161JEA304304  re-apply tcp:8081 FAILED
[2026-05-19T05:00:16Z] 5C161JEA304304  missing tcp:4566 — re-applying
adb: device '5C161JEA304304' not found
[2026-05-19T05:00:16Z] 5C161JEA304304  re-apply tcp:4566 FAILED
[2026-05-19T05:00:31Z] 5C161JEA304304  missing tcp:8080 — re-applying
adb: device '5C161JEA304304' not found
[2026-05-19T05:00:31Z] 5C161JEA304304  re-apply tcp:8080 FAILED
[2026-05-19T05:00:31Z] 5C161JEA304304  missing tcp:8081 — re-applying
adb: device '5C161JEA304304' not found
[2026-05-19T05:00:31Z] 5C161JEA304304  re-apply tcp:8081 FAILED
[2026-05-19T05:00:31Z] 5C161JEA304304  missing tcp:4566 — re-applying
adb: device '5C161JEA304304' not found
[2026-05-19T05:00:31Z] 5C161JEA304304  re-apply tcp:4566 FAILED
[2026-05-19T05:00:46Z] 5C161JEA304304  missing tcp:8080 — re-applying
adb: device '5C161JEA304304' not found
[2026-05-19T05:00:46Z] 5C161JEA304304  re-apply tcp:8080 FAILED
[2026-05-19T05:00:46Z] 5C161JEA304304  missing tcp:8081 — re-applying
adb: device '5C161JEA304304' not found
[2026-05-19T05:00:46Z] 5C161JEA304304  re-apply tcp:8081 FAILED
[2026-05-19T05:00:46Z] 5C161JEA304304  missing tcp:4566 — re-applying
adb: device '5C161JEA304304' not found
[2026-05-19T05:00:46Z] 5C161JEA304304  re-apply tcp:4566 FAILED
[2026-05-19T05:01:01Z] 5C161JEA304304  missing tcp:8080 — re-applying
adb: device '5C161JEA304304' not found
[2026-05-19T05:01:01Z] 5C161JEA304304  re-apply tcp:8080 FAILED
[2026-05-19T05:01:01Z] 5C161JEA304304  missing tcp:8081 — re-applying
adb: device '5C161JEA304304' not found
[2026-05-19T05:01:01Z] 5C161JEA304304  re-apply tcp:8081 FAILED
[2026-05-19T05:01:01Z] 5C161JEA304304  missing tcp:4566 — re-applying
adb: device '5C161JEA304304' not found
[2026-05-19T05:01:01Z] 5C161JEA304304  re-apply tcp:4566 FAILED
[2026-05-19T05:01:17Z] 5C161JEA304304  missing tcp:8080 — re-applying
adb: device '5C161JEA304304' not found
[2026-05-19T05:01:17Z] 5C161JEA304304  re-apply tcp:8080 FAILED
[2026-05-19T05:01:17Z] 5C161JEA304304  missing tcp:8081 — re-applying
adb: device '5C161JEA304304' not found
[2026-05-19T05:01:17Z] 5C161JEA304304  re-apply tcp:8081 FAILED
[2026-05-19T05:01:17Z] 5C161JEA304304  missing tcp:4566 — re-applying
adb: device '5C161JEA304304' not found
[2026-05-19T05:01:17Z] 5C161JEA304304  re-apply tcp:4566 FAILED
[2026-05-19T05:01:32Z] 5C161JEA304304  missing tcp:8080 — re-applying
adb: device '5C161JEA304304' not found
[2026-05-19T05:01:32Z] 5C161JEA304304  re-apply tcp:8080 FAILED
[2026-05-19T05:01:32Z] 5C161JEA304304  missing tcp:8081 — re-applying
adb: device '5C161JEA304304' not found
[2026-05-19T05:01:32Z] 5C161JEA304304  re-apply tcp:8081 FAILED
[2026-05-19T05:01:32Z] 5C161JEA304304  missing tcp:4566 — re-applying
adb: device '5C161JEA304304' not found
[2026-05-19T05:01:32Z] 5C161JEA304304  re-apply tcp:4566 FAILED
[2026-05-19T05:01:47Z] 5C161JEA304304  missing tcp:8080 — re-applying
adb: device '5C161JEA304304' not found
[2026-05-19T05:01:47Z] 5C161JEA304304  re-apply tcp:8080 FAILED
[2026-05-19T05:01:47Z] 5C161JEA304304  missing tcp:8081 — re-applying
adb: device '5C161JEA304304' not found
[2026-05-19T05:01:47Z] 5C161JEA304304  re-apply tcp:8081 FAILED
[2026-05-19T05:01:47Z] 5C161JEA304304  missing tcp:4566 — re-applying
adb: device '5C161JEA304304' not found
[2026-05-19T05:01:47Z] 5C161JEA304304  re-apply tcp:4566 FAILED
[2026-05-19T05:02:02Z] 5C161JEA304304  missing tcp:8080 — re-applying
adb: device '5C161JEA304304' not found
[2026-05-19T05:02:02Z] 5C161JEA304304  re-apply tcp:8080 FAILED
[2026-05-19T05:02:02Z] 5C161JEA304304  missing tcp:8081 — re-applying
adb: device '5C161JEA304304' not found
[2026-05-19T05:02:02Z] 5C161JEA304304  re-apply tcp:8081 FAILED
[2026-05-19T05:02:02Z] 5C161JEA304304  missing tcp:4566 — re-applying
adb: device '5C161JEA304304' not found
[2026-05-19T05:02:02Z] 5C161JEA304304  re-apply tcp:4566 FAILED
[2026-05-19T05:02:17Z] 5C161JEA304304  missing tcp:8080 — re-applying
adb: device '5C161JEA304304' not found
[2026-05-19T05:02:17Z] 5C161JEA304304  re-apply tcp:8080 FAILED
[2026-05-19T05:02:17Z] 5C161JEA304304  missing tcp:8081 — re-applying
adb: device '5C161JEA304304' not found
[2026-05-19T05:02:17Z] 5C161JEA304304  re-apply tcp:8081 FAILED
[2026-05-19T05:02:17Z] 5C161JEA304304  missing tcp:4566 — re-applying
adb: device '5C161JEA304304' not found
[2026-05-19T05:02:17Z] 5C161JEA304304  re-apply tcp:4566 FAILED
[2026-05-19T05:02:32Z] 5C161JEA304304  missing tcp:8080 — re-applying
adb: device '5C161JEA304304' not found
[2026-05-19T05:02:32Z] 5C161JEA304304  re-apply tcp:8080 FAILED
[2026-05-19T05:02:32Z] 5C161JEA304304  missing tcp:8081 — re-applying
adb: device '5C161JEA304304' not found
[2026-05-19T05:02:32Z] 5C161JEA304304  re-apply tcp:8081 FAILED
[2026-05-19T05:02:32Z] 5C161JEA304304  missing tcp:4566 — re-applying
adb: device '5C161JEA304304' not found
[2026-05-19T05:02:32Z] 5C161JEA304304  re-apply tcp:4566 FAILED
[2026-05-19T05:02:47Z] 5C161JEA304304  missing tcp:8080 — re-applying
adb: device '5C161JEA304304' not found
[2026-05-19T05:02:47Z] 5C161JEA304304  re-apply tcp:8080 FAILED
[2026-05-19T05:02:47Z] 5C161JEA304304  missing tcp:8081 — re-applying
adb: device '5C161JEA304304' not found
[2026-05-19T05:02:47Z] 5C161JEA304304  re-apply tcp:8081 FAILED
[2026-05-19T05:02:47Z] 5C161JEA304304  missing tcp:4566 — re-applying
adb: device '5C161JEA304304' not found
[2026-05-19T05:02:47Z] 5C161JEA304304  re-apply tcp:4566 FAILED
[2026-05-19T05:03:02Z] 5C161JEA304304  missing tcp:8080 — re-applying
adb: device '5C161JEA304304' not found
[2026-05-19T05:03:02Z] 5C161JEA304304  re-apply tcp:8080 FAILED
[2026-05-19T05:03:02Z] 5C161JEA304304  missing tcp:8081 — re-applying
adb: device '5C161JEA304304' not found
[2026-05-19T05:03:02Z] 5C161JEA304304  re-apply tcp:8081 FAILED
[2026-05-19T05:03:02Z] 5C161JEA304304  missing tcp:4566 — re-applying
adb: device '5C161JEA304304' not found
[2026-05-19T05:03:02Z] 5C161JEA304304  re-apply tcp:4566 FAILED
[2026-05-19T05:03:18Z] 5C161JEA304304  missing tcp:8080 — re-applying
adb: device '5C161JEA304304' not found
[2026-05-19T05:03:18Z] 5C161JEA304304  re-apply tcp:8080 FAILED
[2026-05-19T05:03:18Z] 5C161JEA304304  missing tcp:8081 — re-applying
adb: device '5C161JEA304304' not found
[2026-05-19T05:03:18Z] 5C161JEA304304  re-apply tcp:8081 FAILED
[2026-05-19T05:03:18Z] 5C161JEA304304  missing tcp:4566 — re-applying
adb: device '5C161JEA304304' not found
[2026-05-19T05:03:18Z] 5C161JEA304304  re-apply tcp:4566 FAILED
[2026-05-19T05:03:33Z] 5C161JEA304304  missing tcp:8080 — re-applying
adb: device '5C161JEA304304' not found
[2026-05-19T05:03:33Z] 5C161JEA304304  re-apply tcp:8080 FAILED
[2026-05-19T05:03:33Z] 5C161JEA304304  missing tcp:8081 — re-applying
adb: device '5C161JEA304304' not found
[2026-05-19T05:03:33Z] 5C161JEA304304  re-apply tcp:8081 FAILED
[2026-05-19T05:03:33Z] 5C161JEA304304  missing tcp:4566 — re-applying
adb: device '5C161JEA304304' not found
[2026-05-19T05:03:33Z] 5C161JEA304304  re-apply tcp:4566 FAILED
[2026-05-19T05:03:48Z] 5C161JEA304304  missing tcp:8080 — re-applying
adb: device '5C161JEA304304' not found
[2026-05-19T05:03:48Z] 5C161JEA304304  re-apply tcp:8080 FAILED
[2026-05-19T05:03:48Z] 5C161JEA304304  missing tcp:8081 — re-applying
adb: device '5C161JEA304304' not found
[2026-05-19T05:03:48Z] 5C161JEA304304  re-apply tcp:8081 FAILED
[2026-05-19T05:03:48Z] 5C161JEA304304  missing tcp:4566 — re-applying
adb: device '5C161JEA304304' not found
[2026-05-19T05:03:48Z] 5C161JEA304304  re-apply tcp:4566 FAILED
[2026-05-19T05:04:03Z] 5C161JEA304304  missing tcp:8080 — re-applying
adb: device '5C161JEA304304' not found
[2026-05-19T05:04:03Z] 5C161JEA304304  re-apply tcp:8080 FAILED
[2026-05-19T05:04:03Z] 5C161JEA304304  missing tcp:8081 — re-applying
adb: device '5C161JEA304304' not found
[2026-05-19T05:04:03Z] 5C161JEA304304  re-apply tcp:8081 FAILED
[2026-05-19T05:04:03Z] 5C161JEA304304  missing tcp:4566 — re-applying
adb: device '5C161JEA304304' not found
[2026-05-19T05:04:03Z] 5C161JEA304304  re-apply tcp:4566 FAILED
[2026-05-19T05:04:18Z] 5C161JEA304304  missing tcp:8080 — re-applying
adb: device '5C161JEA304304' not found
[2026-05-19T05:04:18Z] 5C161JEA304304  re-apply tcp:8080 FAILED
[2026-05-19T05:04:18Z] 5C161JEA304304  missing tcp:8081 — re-applying
adb: device '5C161JEA304304' not found
[2026-05-19T05:04:18Z] 5C161JEA304304  re-apply tcp:8081 FAILED
[2026-05-19T05:04:18Z] 5C161JEA304304  missing tcp:4566 — re-applying
adb: device '5C161JEA304304' not found
[2026-05-19T05:04:18Z] 5C161JEA304304  re-apply tcp:4566 FAILED
[2026-05-19T05:04:33Z] 5C161JEA304304  missing tcp:8080 — re-applying
adb: device '5C161JEA304304' not found
[2026-05-19T05:04:33Z] 5C161JEA304304  re-apply tcp:8080 FAILED
[2026-05-19T05:04:33Z] 5C161JEA304304  missing tcp:8081 — re-applying
adb: device '5C161JEA304304' not found
[2026-05-19T05:04:33Z] 5C161JEA304304  re-apply tcp:8081 FAILED
[2026-05-19T05:04:33Z] 5C161JEA304304  missing tcp:4566 — re-applying
adb: device '5C161JEA304304' not found
[2026-05-19T05:04:33Z] 5C161JEA304304  re-apply tcp:4566 FAILED
[2026-05-19T05:04:48Z] 5C161JEA304304  missing tcp:8080 — re-applying
adb: device '5C161JEA304304' not found
[2026-05-19T05:04:48Z] 5C161JEA304304  re-apply tcp:8080 FAILED
[2026-05-19T05:04:48Z] 5C161JEA304304  missing tcp:8081 — re-applying
adb: device '5C161JEA304304' not found
[2026-05-19T05:04:48Z] 5C161JEA304304  re-apply tcp:8081 FAILED
[2026-05-19T05:04:48Z] 5C161JEA304304  missing tcp:4566 — re-applying
adb: device '5C161JEA304304' not found
[2026-05-19T05:04:48Z] 5C161JEA304304  re-apply tcp:4566 FAILED
[2026-05-19T05:05:03Z] 5C161JEA304304  missing tcp:8080 — re-applying
adb: device '5C161JEA304304' not found
[2026-05-19T05:05:03Z] 5C161JEA304304  re-apply tcp:8080 FAILED
[2026-05-19T05:05:03Z] 5C161JEA304304  missing tcp:8081 — re-applying
adb: device '5C161JEA304304' not found
[2026-05-19T05:05:03Z] 5C161JEA304304  re-apply tcp:8081 FAILED
[2026-05-19T05:05:03Z] 5C161JEA304304  missing tcp:4566 — re-applying
adb: device '5C161JEA304304' not found
[2026-05-19T05:05:03Z] 5C161JEA304304  re-apply tcp:4566 FAILED
[2026-05-19T05:05:19Z] 5C161JEA304304  missing tcp:8080 — re-applying
adb: device '5C161JEA304304' not found
[2026-05-19T05:05:19Z] 5C161JEA304304  re-apply tcp:8080 FAILED
[2026-05-19T05:05:19Z] 5C161JEA304304  missing tcp:8081 — re-applying
adb: device '5C161JEA304304' not found
[2026-05-19T05:05:19Z] 5C161JEA304304  re-apply tcp:8081 FAILED
[2026-05-19T05:05:19Z] 5C161JEA304304  missing tcp:4566 — re-applying
adb: device '5C161JEA304304' not found
[2026-05-19T05:05:19Z] 5C161JEA304304  re-apply tcp:4566 FAILED
[2026-05-19T05:05:34Z] 5C161JEA304304  missing tcp:8080 — re-applying
adb: device '5C161JEA304304' not found
[2026-05-19T05:05:34Z] 5C161JEA304304  re-apply tcp:8080 FAILED
[2026-05-19T05:05:34Z] 5C161JEA304304  missing tcp:8081 — re-applying
adb: device '5C161JEA304304' not found
[2026-05-19T05:05:34Z] 5C161JEA304304  re-apply tcp:8081 FAILED
[2026-05-19T05:05:34Z] 5C161JEA304304  missing tcp:4566 — re-applying
adb: device '5C161JEA304304' not found
[2026-05-19T05:05:34Z] 5C161JEA304304  re-apply tcp:4566 FAILED
[2026-05-19T05:11:17Z] 5C161JEA304304  missing tcp:8080 — re-applying
adb: device '5C161JEA304304' not found
[2026-05-19T05:11:17Z] 5C161JEA304304  re-apply tcp:8080 FAILED
[2026-05-19T05:11:17Z] 5C161JEA304304  missing tcp:8081 — re-applying
adb: device '5C161JEA304304' not found
[2026-05-19T05:11:17Z] 5C161JEA304304  re-apply tcp:8081 FAILED
[2026-05-19T05:11:17Z] 5C161JEA304304  missing tcp:4566 — re-applying
adb: device '5C161JEA304304' not found
[2026-05-19T05:11:17Z] 5C161JEA304304  re-apply tcp:4566 FAILED
[2026-05-19T05:13:57Z] 5C161JEA304304  missing tcp:8080 — re-applying
adb: device '5C161JEA304304' not found
[2026-05-19T05:13:57Z] 5C161JEA304304  re-apply tcp:8080 FAILED
[2026-05-19T05:13:57Z] 5C161JEA304304  missing tcp:8081 — re-applying
adb: device '5C161JEA304304' not found
[2026-05-19T05:13:57Z] 5C161JEA304304  re-apply tcp:8081 FAILED
[2026-05-19T05:13:57Z] 5C161JEA304304  missing tcp:4566 — re-applying
adb: device '5C161JEA304304' not found
[2026-05-19T05:13:57Z] 5C161JEA304304  re-apply tcp:4566 FAILED
[2026-05-19T05:48:42Z] 5C161JEA304304  missing tcp:8080 — re-applying
adb: device '5C161JEA304304' not found
[2026-05-19T05:48:42Z] 5C161JEA304304  re-apply tcp:8080 FAILED
[2026-05-19T05:48:42Z] 5C161JEA304304  missing tcp:8081 — re-applying
adb: device '5C161JEA304304' not found
[2026-05-19T05:48:42Z] 5C161JEA304304  re-apply tcp:8081 FAILED
[2026-05-19T05:48:42Z] 5C161JEA304304  missing tcp:4566 — re-applying
adb: device '5C161JEA304304' not found
[2026-05-19T05:48:42Z] 5C161JEA304304  re-apply tcp:4566 FAILED
[2026-05-19T05:56:30Z] 5C161JEA304304  missing tcp:8080 — re-applying
adb: device '5C161JEA304304' not found
[2026-05-19T05:56:30Z] 5C161JEA304304  re-apply tcp:8080 FAILED
[2026-05-19T05:56:30Z] 5C161JEA304304  missing tcp:8081 — re-applying
adb: device '5C161JEA304304' not found
[2026-05-19T05:56:30Z] 5C161JEA304304  re-apply tcp:8081 FAILED
[2026-05-19T05:56:31Z] 5C161JEA304304  missing tcp:4566 — re-applying
adb: device '5C161JEA304304' not found
[2026-05-19T05:56:31Z] 5C161JEA304304  re-apply tcp:4566 FAILED
[2026-05-19T05:56:46Z] 5C161JEA304304  missing tcp:8080 — re-applying
adb: device '5C161JEA304304' not found
[2026-05-19T05:56:46Z] 5C161JEA304304  re-apply tcp:8080 FAILED
[2026-05-19T05:56:46Z] 5C161JEA304304  missing tcp:8081 — re-applying
adb: device '5C161JEA304304' not found
[2026-05-19T05:56:46Z] 5C161JEA304304  re-apply tcp:8081 FAILED
[2026-05-19T05:56:46Z] 5C161JEA304304  missing tcp:4566 — re-applying
adb: device '5C161JEA304304' not found
[2026-05-19T05:56:46Z] 5C161JEA304304  re-apply tcp:4566 FAILED
[2026-05-19T05:57:01Z] 5C161JEA304304  missing tcp:8080 — re-applying
adb: device '5C161JEA304304' not found
[2026-05-19T05:57:01Z] 5C161JEA304304  re-apply tcp:8080 FAILED
[2026-05-19T05:57:01Z] 5C161JEA304304  missing tcp:8081 — re-applying
adb: device '5C161JEA304304' not found
[2026-05-19T05:57:01Z] 5C161JEA304304  re-apply tcp:8081 FAILED
[2026-05-19T05:57:01Z] 5C161JEA304304  missing tcp:4566 — re-applying
adb: device '5C161JEA304304' not found
[2026-05-19T05:57:01Z] 5C161JEA304304  re-apply tcp:4566 FAILED
[2026-05-19T05:57:17Z] 5C161JEA304304  missing tcp:8080 — re-applying
adb: device '5C161JEA304304' not found
[2026-05-19T05:57:17Z] 5C161JEA304304  re-apply tcp:8080 FAILED
[2026-05-19T05:57:17Z] 5C161JEA304304  missing tcp:8081 — re-applying
adb: device '5C161JEA304304' not found
[2026-05-19T05:57:17Z] 5C161JEA304304  re-apply tcp:8081 FAILED
[2026-05-19T05:57:17Z] 5C161JEA304304  missing tcp:4566 — re-applying
adb: device '5C161JEA304304' not found
[2026-05-19T05:57:17Z] 5C161JEA304304  re-apply tcp:4566 FAILED
[2026-05-19T05:57:32Z] 5C161JEA304304  missing tcp:8080 — re-applying
adb: device '5C161JEA304304' not found
[2026-05-19T05:57:32Z] 5C161JEA304304  re-apply tcp:8080 FAILED
[2026-05-19T05:57:32Z] 5C161JEA304304  missing tcp:8081 — re-applying
adb: device '5C161JEA304304' not found
[2026-05-19T05:57:32Z] 5C161JEA304304  re-apply tcp:8081 FAILED
[2026-05-19T05:57:32Z] 5C161JEA304304  missing tcp:4566 — re-applying
adb: device '5C161JEA304304' not found
[2026-05-19T05:57:32Z] 5C161JEA304304  re-apply tcp:4566 FAILED
[2026-05-19T05:57:47Z] 5C161JEA304304  missing tcp:8080 — re-applying
adb: device '5C161JEA304304' not found
[2026-05-19T05:57:47Z] 5C161JEA304304  re-apply tcp:8080 FAILED
[2026-05-19T05:57:47Z] 5C161JEA304304  missing tcp:8081 — re-applying
adb: device '5C161JEA304304' not found
[2026-05-19T05:57:47Z] 5C161JEA304304  re-apply tcp:8081 FAILED
[2026-05-19T05:57:47Z] 5C161JEA304304  missing tcp:4566 — re-applying
adb: device '5C161JEA304304' not found
[2026-05-19T05:57:47Z] 5C161JEA304304  re-apply tcp:4566 FAILED
[2026-05-19T05:58:02Z] 5C161JEA304304  missing tcp:8080 — re-applying
adb: device '5C161JEA304304' not found
[2026-05-19T05:58:02Z] 5C161JEA304304  re-apply tcp:8080 FAILED
[2026-05-19T05:58:02Z] 5C161JEA304304  missing tcp:8081 — re-applying
adb: device '5C161JEA304304' not found
[2026-05-19T05:58:02Z] 5C161JEA304304  re-apply tcp:8081 FAILED
[2026-05-19T05:58:02Z] 5C161JEA304304  missing tcp:4566 — re-applying
adb: device '5C161JEA304304' not found
[2026-05-19T05:58:02Z] 5C161JEA304304  re-apply tcp:4566 FAILED
[2026-05-19T05:58:17Z] 5C161JEA304304  missing tcp:8080 — re-applying
adb: device '5C161JEA304304' not found
[2026-05-19T05:58:17Z] 5C161JEA304304  re-apply tcp:8080 FAILED
[2026-05-19T05:58:17Z] 5C161JEA304304  missing tcp:8081 — re-applying
adb: device '5C161JEA304304' not found
[2026-05-19T05:58:17Z] 5C161JEA304304  re-apply tcp:8081 FAILED
[2026-05-19T05:58:17Z] 5C161JEA304304  missing tcp:4566 — re-applying
adb: device '5C161JEA304304' not found
[2026-05-19T05:58:17Z] 5C161JEA304304  re-apply tcp:4566 FAILED
[2026-05-19T05:58:32Z] 5C161JEA304304  missing tcp:8080 — re-applying
adb: device '5C161JEA304304' not found
[2026-05-19T05:58:32Z] 5C161JEA304304  re-apply tcp:8080 FAILED
[2026-05-19T05:58:32Z] 5C161JEA304304  missing tcp:8081 — re-applying
adb: device '5C161JEA304304' not found
[2026-05-19T05:58:32Z] 5C161JEA304304  re-apply tcp:8081 FAILED
[2026-05-19T05:58:32Z] 5C161JEA304304  missing tcp:4566 — re-applying
adb: device '5C161JEA304304' not found
[2026-05-19T05:58:32Z] 5C161JEA304304  re-apply tcp:4566 FAILED
[2026-05-19T05:58:47Z] 5C161JEA304304  missing tcp:8080 — re-applying
adb: device '5C161JEA304304' not found
[2026-05-19T05:58:47Z] 5C161JEA304304  re-apply tcp:8080 FAILED
[2026-05-19T05:58:47Z] 5C161JEA304304  missing tcp:8081 — re-applying
adb: device '5C161JEA304304' not found
[2026-05-19T05:58:47Z] 5C161JEA304304  re-apply tcp:8081 FAILED
[2026-05-19T05:58:47Z] 5C161JEA304304  missing tcp:4566 — re-applying
adb: device '5C161JEA304304' not found
[2026-05-19T05:58:47Z] 5C161JEA304304  re-apply tcp:4566 FAILED
[2026-05-19T05:59:02Z] 5C161JEA304304  missing tcp:8080 — re-applying
adb: device '5C161JEA304304' not found
[2026-05-19T05:59:02Z] 5C161JEA304304  re-apply tcp:8080 FAILED
[2026-05-19T05:59:02Z] 5C161JEA304304  missing tcp:8081 — re-applying
adb: device '5C161JEA304304' not found
[2026-05-19T05:59:02Z] 5C161JEA304304  re-apply tcp:8081 FAILED
[2026-05-19T05:59:02Z] 5C161JEA304304  missing tcp:4566 — re-applying
adb: device '5C161JEA304304' not found
[2026-05-19T05:59:02Z] 5C161JEA304304  re-apply tcp:4566 FAILED
[2026-05-19T05:59:18Z] 5C161JEA304304  missing tcp:8080 — re-applying
adb: device '5C161JEA304304' not found
[2026-05-19T05:59:18Z] 5C161JEA304304  re-apply tcp:8080 FAILED
[2026-05-19T05:59:18Z] 5C161JEA304304  missing tcp:8081 — re-applying
adb: device '5C161JEA304304' not found
[2026-05-19T05:59:18Z] 5C161JEA304304  re-apply tcp:8081 FAILED
[2026-05-19T05:59:18Z] 5C161JEA304304  missing tcp:4566 — re-applying
adb: device '5C161JEA304304' not found
[2026-05-19T05:59:18Z] 5C161JEA304304  re-apply tcp:4566 FAILED
[2026-05-19T05:59:33Z] 5C161JEA304304  missing tcp:8080 — re-applying
adb: device '5C161JEA304304' not found
[2026-05-19T05:59:33Z] 5C161JEA304304  re-apply tcp:8080 FAILED
[2026-05-19T05:59:33Z] 5C161JEA304304  missing tcp:8081 — re-applying
adb: device '5C161JEA304304' not found
[2026-05-19T05:59:33Z] 5C161JEA304304  re-apply tcp:8081 FAILED
[2026-05-19T05:59:33Z] 5C161JEA304304  missing tcp:4566 — re-applying
adb: device '5C161JEA304304' not found
[2026-05-19T05:59:33Z] 5C161JEA304304  re-apply tcp:4566 FAILED
[2026-05-19T05:59:48Z] 5C161JEA304304  missing tcp:8080 — re-applying
adb: device '5C161JEA304304' not found
[2026-05-19T05:59:48Z] 5C161JEA304304  re-apply tcp:8080 FAILED
[2026-05-19T05:59:48Z] 5C161JEA304304  missing tcp:8081 — re-applying
adb: device '5C161JEA304304' not found
[2026-05-19T05:59:48Z] 5C161JEA304304  re-apply tcp:8081 FAILED
[2026-05-19T05:59:48Z] 5C161JEA304304  missing tcp:4566 — re-applying
adb: device '5C161JEA304304' not found
[2026-05-19T05:59:48Z] 5C161JEA304304  re-apply tcp:4566 FAILED
[2026-05-19T06:00:03Z] 5C161JEA304304  missing tcp:8080 — re-applying
adb: device '5C161JEA304304' not found
[2026-05-19T06:00:03Z] 5C161JEA304304  re-apply tcp:8080 FAILED
[2026-05-19T06:00:03Z] 5C161JEA304304  missing tcp:8081 — re-applying
adb: device '5C161JEA304304' not found
[2026-05-19T06:00:03Z] 5C161JEA304304  re-apply tcp:8081 FAILED
[2026-05-19T06:00:03Z] 5C161JEA304304  missing tcp:4566 — re-applying
adb: device '5C161JEA304304' not found
[2026-05-19T06:00:03Z] 5C161JEA304304  re-apply tcp:4566 FAILED
[2026-05-19T06:00:18Z] 5C161JEA304304  missing tcp:8080 — re-applying
adb: device '5C161JEA304304' not found
[2026-05-19T06:00:18Z] 5C161JEA304304  re-apply tcp:8080 FAILED
[2026-05-19T06:00:18Z] 5C161JEA304304  missing tcp:8081 — re-applying
adb: device '5C161JEA304304' not found
[2026-05-19T06:00:18Z] 5C161JEA304304  re-apply tcp:8081 FAILED
[2026-05-19T06:00:18Z] 5C161JEA304304  missing tcp:4566 — re-applying
adb: device '5C161JEA304304' not found
[2026-05-19T06:00:18Z] 5C161JEA304304  re-apply tcp:4566 FAILED
[2026-05-19T06:00:33Z] 5C161JEA304304  missing tcp:8080 — re-applying
adb: device '5C161JEA304304' not found
[2026-05-19T06:00:33Z] 5C161JEA304304  re-apply tcp:8080 FAILED
[2026-05-19T06:00:33Z] 5C161JEA304304  missing tcp:8081 — re-applying
adb: device '5C161JEA304304' not found
[2026-05-19T06:00:33Z] 5C161JEA304304  re-apply tcp:8081 FAILED
[2026-05-19T06:00:33Z] 5C161JEA304304  missing tcp:4566 — re-applying
adb: device '5C161JEA304304' not found
[2026-05-19T06:00:33Z] 5C161JEA304304  re-apply tcp:4566 FAILED
[2026-05-19T06:00:48Z] 5C161JEA304304  missing tcp:8080 — re-applying
adb: device '5C161JEA304304' not found
[2026-05-19T06:00:48Z] 5C161JEA304304  re-apply tcp:8080 FAILED
[2026-05-19T06:00:48Z] 5C161JEA304304  missing tcp:8081 — re-applying
adb: device '5C161JEA304304' not found
[2026-05-19T06:00:48Z] 5C161JEA304304  re-apply tcp:8081 FAILED
[2026-05-19T06:00:48Z] 5C161JEA304304  missing tcp:4566 — re-applying
adb: device '5C161JEA304304' not found
[2026-05-19T06:00:48Z] 5C161JEA304304  re-apply tcp:4566 FAILED
[2026-05-19T06:01:03Z] 5C161JEA304304  missing tcp:8080 — re-applying
adb: device '5C161JEA304304' not found
[2026-05-19T06:01:03Z] 5C161JEA304304  re-apply tcp:8080 FAILED
[2026-05-19T06:01:04Z] 5C161JEA304304  missing tcp:8081 — re-applying
adb: device '5C161JEA304304' not found
[2026-05-19T06:01:04Z] 5C161JEA304304  re-apply tcp:8081 FAILED
[2026-05-19T06:01:04Z] 5C161JEA304304  missing tcp:4566 — re-applying
adb: device '5C161JEA304304' not found
[2026-05-19T06:01:04Z] 5C161JEA304304  re-apply tcp:4566 FAILED
[2026-05-19T06:01:19Z] 5C161JEA304304  missing tcp:8080 — re-applying
adb: device '5C161JEA304304' not found
[2026-05-19T06:01:19Z] 5C161JEA304304  re-apply tcp:8080 FAILED
[2026-05-19T06:01:19Z] 5C161JEA304304  missing tcp:8081 — re-applying
adb: device '5C161JEA304304' not found
[2026-05-19T06:01:19Z] 5C161JEA304304  re-apply tcp:8081 FAILED
[2026-05-19T06:01:19Z] 5C161JEA304304  missing tcp:4566 — re-applying
adb: device '5C161JEA304304' not found
[2026-05-19T06:01:19Z] 5C161JEA304304  re-apply tcp:4566 FAILED
[2026-05-19T06:01:34Z] 5C161JEA304304  missing tcp:8080 — re-applying
adb: device '5C161JEA304304' not found
[2026-05-19T06:01:34Z] 5C161JEA304304  re-apply tcp:8080 FAILED
[2026-05-19T06:01:34Z] 5C161JEA304304  missing tcp:8081 — re-applying
adb: device '5C161JEA304304' not found
[2026-05-19T06:01:34Z] 5C161JEA304304  re-apply tcp:8081 FAILED
[2026-05-19T06:01:34Z] 5C161JEA304304  missing tcp:4566 — re-applying
adb: device '5C161JEA304304' not found
[2026-05-19T06:01:34Z] 5C161JEA304304  re-apply tcp:4566 FAILED
[2026-05-19T06:01:49Z] 5C161JEA304304  missing tcp:8080 — re-applying
adb: device '5C161JEA304304' not found
[2026-05-19T06:01:49Z] 5C161JEA304304  re-apply tcp:8080 FAILED
[2026-05-19T06:01:49Z] 5C161JEA304304  missing tcp:8081 — re-applying
adb: device '5C161JEA304304' not found
[2026-05-19T06:01:49Z] 5C161JEA304304  re-apply tcp:8081 FAILED
[2026-05-19T06:01:49Z] 5C161JEA304304  missing tcp:4566 — re-applying
adb: device '5C161JEA304304' not found
[2026-05-19T06:01:49Z] 5C161JEA304304  re-apply tcp:4566 FAILED
[2026-05-19T06:02:04Z] 5C161JEA304304  missing tcp:8080 — re-applying
adb: device '5C161JEA304304' not found
[2026-05-19T06:02:04Z] 5C161JEA304304  re-apply tcp:8080 FAILED
[2026-05-19T06:02:04Z] 5C161JEA304304  missing tcp:8081 — re-applying
adb: device '5C161JEA304304' not found
[2026-05-19T06:02:04Z] 5C161JEA304304  re-apply tcp:8081 FAILED
[2026-05-19T06:02:04Z] 5C161JEA304304  missing tcp:4566 — re-applying
adb: device '5C161JEA304304' not found
[2026-05-19T06:02:04Z] 5C161JEA304304  re-apply tcp:4566 FAILED
[2026-05-19T06:02:19Z] 5C161JEA304304  missing tcp:8080 — re-applying
adb: device '5C161JEA304304' not found
[2026-05-19T06:02:19Z] 5C161JEA304304  re-apply tcp:8080 FAILED
[2026-05-19T06:02:19Z] 5C161JEA304304  missing tcp:8081 — re-applying
adb: device '5C161JEA304304' not found
[2026-05-19T06:02:19Z] 5C161JEA304304  re-apply tcp:8081 FAILED
[2026-05-19T06:02:19Z] 5C161JEA304304  missing tcp:4566 — re-applying
adb: device '5C161JEA304304' not found
[2026-05-19T06:02:19Z] 5C161JEA304304  re-apply tcp:4566 FAILED
[2026-05-19T06:02:34Z] 5C161JEA304304  missing tcp:8080 — re-applying
adb: device '5C161JEA304304' not found
[2026-05-19T06:02:34Z] 5C161JEA304304  re-apply tcp:8080 FAILED
[2026-05-19T06:02:34Z] 5C161JEA304304  missing tcp:8081 — re-applying
adb: device '5C161JEA304304' not found
[2026-05-19T06:02:34Z] 5C161JEA304304  re-apply tcp:8081 FAILED
[2026-05-19T06:02:34Z] 5C161JEA304304  missing tcp:4566 — re-applying
adb: device '5C161JEA304304' not found
[2026-05-19T06:02:34Z] 5C161JEA304304  re-apply tcp:4566 FAILED
[2026-05-19T06:02:49Z] 5C161JEA304304  missing tcp:8080 — re-applying
adb: device '5C161JEA304304' not found
[2026-05-19T06:02:49Z] 5C161JEA304304  re-apply tcp:8080 FAILED
[2026-05-19T06:02:49Z] 5C161JEA304304  missing tcp:8081 — re-applying
adb: device '5C161JEA304304' not found
[2026-05-19T06:02:49Z] 5C161JEA304304  re-apply tcp:8081 FAILED
[2026-05-19T06:02:50Z] 5C161JEA304304  missing tcp:4566 — re-applying
adb: device '5C161JEA304304' not found
[2026-05-19T06:02:50Z] 5C161JEA304304  re-apply tcp:4566 FAILED
[2026-05-19T06:03:05Z] 5C161JEA304304  missing tcp:8080 — re-applying
adb: device '5C161JEA304304' not found
[2026-05-19T06:03:05Z] 5C161JEA304304  re-apply tcp:8080 FAILED
[2026-05-19T06:03:05Z] 5C161JEA304304  missing tcp:8081 — re-applying
adb: device '5C161JEA304304' not found
[2026-05-19T06:03:05Z] 5C161JEA304304  re-apply tcp:8081 FAILED
[2026-05-19T06:03:05Z] 5C161JEA304304  missing tcp:4566 — re-applying
adb: device '5C161JEA304304' not found
[2026-05-19T06:03:05Z] 5C161JEA304304  re-apply tcp:4566 FAILED
[2026-05-19T06:03:20Z] 5C161JEA304304  missing tcp:8080 — re-applying
adb: device '5C161JEA304304' not found
[2026-05-19T06:03:20Z] 5C161JEA304304  re-apply tcp:8080 FAILED
[2026-05-19T06:03:20Z] 5C161JEA304304  missing tcp:8081 — re-applying
adb: device '5C161JEA304304' not found
[2026-05-19T06:03:20Z] 5C161JEA304304  re-apply tcp:8081 FAILED
[2026-05-19T06:03:20Z] 5C161JEA304304  missing tcp:4566 — re-applying
adb: device '5C161JEA304304' not found
[2026-05-19T06:03:20Z] 5C161JEA304304  re-apply tcp:4566 FAILED
[2026-05-19T06:03:35Z] 5C161JEA304304  missing tcp:8080 — re-applying
adb: device '5C161JEA304304' not found
[2026-05-19T06:03:35Z] 5C161JEA304304  re-apply tcp:8080 FAILED
[2026-05-19T06:03:35Z] 5C161JEA304304  missing tcp:8081 — re-applying
adb: device '5C161JEA304304' not found
[2026-05-19T06:03:35Z] 5C161JEA304304  re-apply tcp:8081 FAILED
[2026-05-19T06:03:35Z] 5C161JEA304304  missing tcp:4566 — re-applying
adb: device '5C161JEA304304' not found
[2026-05-19T06:03:35Z] 5C161JEA304304  re-apply tcp:4566 FAILED
[2026-05-19T06:03:50Z] 5C161JEA304304  missing tcp:8080 — re-applying
adb: device '5C161JEA304304' not found
[2026-05-19T06:03:50Z] 5C161JEA304304  re-apply tcp:8080 FAILED
[2026-05-19T06:03:50Z] 5C161JEA304304  missing tcp:8081 — re-applying
adb: device '5C161JEA304304' not found
[2026-05-19T06:03:50Z] 5C161JEA304304  re-apply tcp:8081 FAILED
[2026-05-19T06:03:50Z] 5C161JEA304304  missing tcp:4566 — re-applying
adb: device '5C161JEA304304' not found
[2026-05-19T06:03:50Z] 5C161JEA304304  re-apply tcp:4566 FAILED
[2026-05-19T06:04:05Z] 5C161JEA304304  missing tcp:8080 — re-applying
adb: device '5C161JEA304304' not found
[2026-05-19T06:04:05Z] 5C161JEA304304  re-apply tcp:8080 FAILED
[2026-05-19T06:04:05Z] 5C161JEA304304  missing tcp:8081 — re-applying
adb: device '5C161JEA304304' not found
[2026-05-19T06:04:05Z] 5C161JEA304304  re-apply tcp:8081 FAILED
[2026-05-19T06:04:05Z] 5C161JEA304304  missing tcp:4566 — re-applying
adb: device '5C161JEA304304' not found
[2026-05-19T06:04:05Z] 5C161JEA304304  re-apply tcp:4566 FAILED
[2026-05-19T06:04:20Z] 5C161JEA304304  missing tcp:8080 — re-applying
adb: device '5C161JEA304304' not found
[2026-05-19T06:04:20Z] 5C161JEA304304  re-apply tcp:8080 FAILED
[2026-05-19T06:04:20Z] 5C161JEA304304  missing tcp:8081 — re-applying
adb: device '5C161JEA304304' not found
[2026-05-19T06:04:20Z] 5C161JEA304304  re-apply tcp:8081 FAILED
[2026-05-19T06:04:20Z] 5C161JEA304304  missing tcp:4566 — re-applying
adb: device '5C161JEA304304' not found
[2026-05-19T06:04:20Z] 5C161JEA304304  re-apply tcp:4566 FAILED
[2026-05-19T06:04:35Z] 5C161JEA304304  missing tcp:8080 — re-applying
adb: device '5C161JEA304304' not found
[2026-05-19T06:04:35Z] 5C161JEA304304  re-apply tcp:8080 FAILED
[2026-05-19T06:04:35Z] 5C161JEA304304  missing tcp:8081 — re-applying
adb: device '5C161JEA304304' not found
[2026-05-19T06:04:35Z] 5C161JEA304304  re-apply tcp:8081 FAILED
[2026-05-19T06:04:35Z] 5C161JEA304304  missing tcp:4566 — re-applying
adb: device '5C161JEA304304' not found
[2026-05-19T06:04:35Z] 5C161JEA304304  re-apply tcp:4566 FAILED
[2026-05-19T06:04:51Z] 5C161JEA304304  missing tcp:8080 — re-applying
adb: device '5C161JEA304304' not found
[2026-05-19T06:04:51Z] 5C161JEA304304  re-apply tcp:8080 FAILED
[2026-05-19T06:04:51Z] 5C161JEA304304  missing tcp:8081 — re-applying
adb: device '5C161JEA304304' not found
[2026-05-19T06:04:51Z] 5C161JEA304304  re-apply tcp:8081 FAILED
[2026-05-19T06:04:51Z] 5C161JEA304304  missing tcp:4566 — re-applying
adb: device '5C161JEA304304' not found
[2026-05-19T06:04:51Z] 5C161JEA304304  re-apply tcp:4566 FAILED
[2026-05-19T06:05:06Z] 5C161JEA304304  missing tcp:8080 — re-applying
adb: device '5C161JEA304304' not found
[2026-05-19T06:05:06Z] 5C161JEA304304  re-apply tcp:8080 FAILED
[2026-05-19T06:05:06Z] 5C161JEA304304  missing tcp:8081 — re-applying
adb: device '5C161JEA304304' not found
[2026-05-19T06:05:06Z] 5C161JEA304304  re-apply tcp:8081 FAILED
[2026-05-19T06:05:06Z] 5C161JEA304304  missing tcp:4566 — re-applying
adb: device '5C161JEA304304' not found
[2026-05-19T06:05:06Z] 5C161JEA304304  re-apply tcp:4566 FAILED
[2026-05-19T06:05:21Z] 5C161JEA304304  missing tcp:8080 — re-applying
adb: device '5C161JEA304304' not found
[2026-05-19T06:05:21Z] 5C161JEA304304  re-apply tcp:8080 FAILED
[2026-05-19T06:05:21Z] 5C161JEA304304  missing tcp:8081 — re-applying
adb: device '5C161JEA304304' not found
[2026-05-19T06:05:21Z] 5C161JEA304304  re-apply tcp:8081 FAILED
[2026-05-19T06:05:21Z] 5C161JEA304304  missing tcp:4566 — re-applying
adb: device '5C161JEA304304' not found
[2026-05-19T06:05:21Z] 5C161JEA304304  re-apply tcp:4566 FAILED
[2026-05-19T06:05:36Z] 5C161JEA304304  missing tcp:8080 — re-applying
adb: device '5C161JEA304304' not found
[2026-05-19T06:05:36Z] 5C161JEA304304  re-apply tcp:8080 FAILED
[2026-05-19T06:05:36Z] 5C161JEA304304  missing tcp:8081 — re-applying
adb: device '5C161JEA304304' not found
[2026-05-19T06:05:36Z] 5C161JEA304304  re-apply tcp:8081 FAILED
[2026-05-19T06:05:36Z] 5C161JEA304304  missing tcp:4566 — re-applying
adb: device '5C161JEA304304' not found
[2026-05-19T06:05:36Z] 5C161JEA304304  re-apply tcp:4566 FAILED
[2026-05-19T06:05:51Z] 5C161JEA304304  missing tcp:8080 — re-applying
adb: device '5C161JEA304304' not found
[2026-05-19T06:05:51Z] 5C161JEA304304  re-apply tcp:8080 FAILED
[2026-05-19T06:05:51Z] 5C161JEA304304  missing tcp:8081 — re-applying
adb: device '5C161JEA304304' not found
[2026-05-19T06:05:51Z] 5C161JEA304304  re-apply tcp:8081 FAILED
[2026-05-19T06:05:51Z] 5C161JEA304304  missing tcp:4566 — re-applying
adb: device '5C161JEA304304' not found
[2026-05-19T06:05:51Z] 5C161JEA304304  re-apply tcp:4566 FAILED
[2026-05-19T06:06:06Z] 5C161JEA304304  missing tcp:8080 — re-applying
adb: device '5C161JEA304304' not found
[2026-05-19T06:06:06Z] 5C161JEA304304  re-apply tcp:8080 FAILED
[2026-05-19T06:06:06Z] 5C161JEA304304  missing tcp:8081 — re-applying
adb: device '5C161JEA304304' not found
[2026-05-19T06:06:06Z] 5C161JEA304304  re-apply tcp:8081 FAILED
[2026-05-19T06:06:06Z] 5C161JEA304304  missing tcp:4566 — re-applying
adb: device '5C161JEA304304' not found
[2026-05-19T06:06:06Z] 5C161JEA304304  re-apply tcp:4566 FAILED
[2026-05-19T06:06:21Z] 5C161JEA304304  missing tcp:8080 — re-applying
adb: device '5C161JEA304304' not found
[2026-05-19T06:06:21Z] 5C161JEA304304  re-apply tcp:8080 FAILED
[2026-05-19T06:06:21Z] 5C161JEA304304  missing tcp:8081 — re-applying
adb: device '5C161JEA304304' not found
[2026-05-19T06:06:21Z] 5C161JEA304304  re-apply tcp:8081 FAILED
[2026-05-19T06:06:21Z] 5C161JEA304304  missing tcp:4566 — re-applying
adb: device '5C161JEA304304' not found
[2026-05-19T06:06:21Z] 5C161JEA304304  re-apply tcp:4566 FAILED
[2026-05-19T06:06:36Z] 5C161JEA304304  missing tcp:8080 — re-applying
adb: device '5C161JEA304304' not found
[2026-05-19T06:06:36Z] 5C161JEA304304  re-apply tcp:8080 FAILED
[2026-05-19T06:06:36Z] 5C161JEA304304  missing tcp:8081 — re-applying
adb: device '5C161JEA304304' not found
[2026-05-19T06:06:36Z] 5C161JEA304304  re-apply tcp:8081 FAILED
[2026-05-19T06:06:36Z] 5C161JEA304304  missing tcp:4566 — re-applying
adb: device '5C161JEA304304' not found
[2026-05-19T06:06:36Z] 5C161JEA304304  re-apply tcp:4566 FAILED
[2026-05-19T06:06:52Z] 5C161JEA304304  missing tcp:8080 — re-applying
adb: device '5C161JEA304304' not found
[2026-05-19T06:06:52Z] 5C161JEA304304  re-apply tcp:8080 FAILED
[2026-05-19T06:06:52Z] 5C161JEA304304  missing tcp:8081 — re-applying
adb: device '5C161JEA304304' not found
[2026-05-19T06:06:52Z] 5C161JEA304304  re-apply tcp:8081 FAILED
[2026-05-19T06:06:52Z] 5C161JEA304304  missing tcp:4566 — re-applying
adb: device '5C161JEA304304' not found
[2026-05-19T06:06:52Z] 5C161JEA304304  re-apply tcp:4566 FAILED
[2026-05-19T06:07:07Z] 5C161JEA304304  missing tcp:8080 — re-applying
adb: device '5C161JEA304304' not found
[2026-05-19T06:07:07Z] 5C161JEA304304  re-apply tcp:8080 FAILED
[2026-05-19T06:07:07Z] 5C161JEA304304  missing tcp:8081 — re-applying
adb: device '5C161JEA304304' not found
[2026-05-19T06:07:07Z] 5C161JEA304304  re-apply tcp:8081 FAILED
[2026-05-19T06:07:07Z] 5C161JEA304304  missing tcp:4566 — re-applying
adb: device '5C161JEA304304' not found
[2026-05-19T06:07:07Z] 5C161JEA304304  re-apply tcp:4566 FAILED
[2026-05-19T06:07:22Z] 5C161JEA304304  missing tcp:8080 — re-applying
adb: device '5C161JEA304304' not found
[2026-05-19T06:07:22Z] 5C161JEA304304  re-apply tcp:8080 FAILED
[2026-05-19T06:07:22Z] 5C161JEA304304  missing tcp:8081 — re-applying
adb: device '5C161JEA304304' not found
[2026-05-19T06:07:22Z] 5C161JEA304304  re-apply tcp:8081 FAILED
[2026-05-19T06:07:22Z] 5C161JEA304304  missing tcp:4566 — re-applying
adb: device '5C161JEA304304' not found
[2026-05-19T06:07:22Z] 5C161JEA304304  re-apply tcp:4566 FAILED
[2026-05-19T06:07:37Z] 5C161JEA304304  missing tcp:8080 — re-applying
adb: device '5C161JEA304304' not found
[2026-05-19T06:07:37Z] 5C161JEA304304  re-apply tcp:8080 FAILED
[2026-05-19T06:07:37Z] 5C161JEA304304  missing tcp:8081 — re-applying
adb: device '5C161JEA304304' not found
[2026-05-19T06:07:37Z] 5C161JEA304304  re-apply tcp:8081 FAILED
[2026-05-19T06:07:37Z] 5C161JEA304304  missing tcp:4566 — re-applying
adb: device '5C161JEA304304' not found
[2026-05-19T06:07:37Z] 5C161JEA304304  re-apply tcp:4566 FAILED
[2026-05-19T06:07:52Z] 5C161JEA304304  missing tcp:8080 — re-applying
adb: device '5C161JEA304304' not found
[2026-05-19T06:07:52Z] 5C161JEA304304  re-apply tcp:8080 FAILED
[2026-05-19T06:07:52Z] 5C161JEA304304  missing tcp:8081 — re-applying
adb: device '5C161JEA304304' not found
[2026-05-19T06:07:52Z] 5C161JEA304304  re-apply tcp:8081 FAILED
[2026-05-19T06:07:52Z] 5C161JEA304304  missing tcp:4566 — re-applying
adb: device '5C161JEA304304' not found
[2026-05-19T06:07:52Z] 5C161JEA304304  re-apply tcp:4566 FAILED
[2026-05-19T06:08:07Z] 5C161JEA304304  missing tcp:8080 — re-applying
adb: device '5C161JEA304304' not found
[2026-05-19T06:08:07Z] 5C161JEA304304  re-apply tcp:8080 FAILED
[2026-05-19T06:08:07Z] 5C161JEA304304  missing tcp:8081 — re-applying
adb: device '5C161JEA304304' not found
[2026-05-19T06:08:07Z] 5C161JEA304304  re-apply tcp:8081 FAILED
[2026-05-19T06:08:07Z] 5C161JEA304304  missing tcp:4566 — re-applying
adb: device '5C161JEA304304' not found
[2026-05-19T06:08:07Z] 5C161JEA304304  re-apply tcp:4566 FAILED
[2026-05-19T06:08:22Z] 5C161JEA304304  missing tcp:8080 — re-applying
adb: device '5C161JEA304304' not found
[2026-05-19T06:08:22Z] 5C161JEA304304  re-apply tcp:8080 FAILED
[2026-05-19T06:08:22Z] 5C161JEA304304  missing tcp:8081 — re-applying
adb: device '5C161JEA304304' not found
[2026-05-19T06:08:22Z] 5C161JEA304304  re-apply tcp:8081 FAILED
[2026-05-19T06:08:22Z] 5C161JEA304304  missing tcp:4566 — re-applying
adb: device '5C161JEA304304' not found
[2026-05-19T06:08:22Z] 5C161JEA304304  re-apply tcp:4566 FAILED
[2026-05-19T06:08:38Z] 5C161JEA304304  missing tcp:8080 — re-applying
adb: device '5C161JEA304304' not found
[2026-05-19T06:08:38Z] 5C161JEA304304  re-apply tcp:8080 FAILED
[2026-05-19T06:08:38Z] 5C161JEA304304  missing tcp:8081 — re-applying
adb: device '5C161JEA304304' not found
[2026-05-19T06:08:38Z] 5C161JEA304304  re-apply tcp:8081 FAILED
[2026-05-19T06:08:38Z] 5C161JEA304304  missing tcp:4566 — re-applying
adb: device '5C161JEA304304' not found
[2026-05-19T06:08:38Z] 5C161JEA304304  re-apply tcp:4566 FAILED
[2026-05-19T06:08:53Z] 5C161JEA304304  missing tcp:8080 — re-applying
adb: device '5C161JEA304304' not found
[2026-05-19T06:08:53Z] 5C161JEA304304  re-apply tcp:8080 FAILED
[2026-05-19T06:08:53Z] 5C161JEA304304  missing tcp:8081 — re-applying
adb: device '5C161JEA304304' not found
[2026-05-19T06:08:53Z] 5C161JEA304304  re-apply tcp:8081 FAILED
[2026-05-19T06:08:53Z] 5C161JEA304304  missing tcp:4566 — re-applying
adb: device '5C161JEA304304' not found
[2026-05-19T06:08:53Z] 5C161JEA304304  re-apply tcp:4566 FAILED
[2026-05-19T06:09:08Z] 5C161JEA304304  missing tcp:8080 — re-applying
adb: device '5C161JEA304304' not found
[2026-05-19T06:09:08Z] 5C161JEA304304  re-apply tcp:8080 FAILED
[2026-05-19T06:09:08Z] 5C161JEA304304  missing tcp:8081 — re-applying
adb: device '5C161JEA304304' not found
[2026-05-19T06:09:08Z] 5C161JEA304304  re-apply tcp:8081 FAILED
[2026-05-19T06:09:08Z] 5C161JEA304304  missing tcp:4566 — re-applying
adb: device '5C161JEA304304' not found
[2026-05-19T06:09:08Z] 5C161JEA304304  re-apply tcp:4566 FAILED
[2026-05-19T06:09:23Z] 5C161JEA304304  missing tcp:8080 — re-applying
adb: device '5C161JEA304304' not found
[2026-05-19T06:09:23Z] 5C161JEA304304  re-apply tcp:8080 FAILED
[2026-05-19T06:09:23Z] 5C161JEA304304  missing tcp:8081 — re-applying
adb: device '5C161JEA304304' not found
[2026-05-19T06:09:23Z] 5C161JEA304304  re-apply tcp:8081 FAILED
[2026-05-19T06:09:23Z] 5C161JEA304304  missing tcp:4566 — re-applying
adb: device '5C161JEA304304' not found
[2026-05-19T06:09:23Z] 5C161JEA304304  re-apply tcp:4566 FAILED
[2026-05-19T06:09:38Z] 5C161JEA304304  missing tcp:8080 — re-applying
adb: device '5C161JEA304304' not found
[2026-05-19T06:09:38Z] 5C161JEA304304  re-apply tcp:8080 FAILED
[2026-05-19T06:09:38Z] 5C161JEA304304  missing tcp:8081 — re-applying
adb: device '5C161JEA304304' not found
[2026-05-19T06:09:38Z] 5C161JEA304304  re-apply tcp:8081 FAILED
[2026-05-19T06:09:38Z] 5C161JEA304304  missing tcp:4566 — re-applying
adb: device '5C161JEA304304' not found
[2026-05-19T06:09:38Z] 5C161JEA304304  re-apply tcp:4566 FAILED
[2026-05-19T06:09:53Z] 5C161JEA304304  missing tcp:8080 — re-applying
adb: device '5C161JEA304304' not found
[2026-05-19T06:09:53Z] 5C161JEA304304  re-apply tcp:8080 FAILED
[2026-05-19T06:09:53Z] 5C161JEA304304  missing tcp:8081 — re-applying
adb: device '5C161JEA304304' not found
[2026-05-19T06:09:53Z] 5C161JEA304304  re-apply tcp:8081 FAILED
[2026-05-19T06:09:53Z] 5C161JEA304304  missing tcp:4566 — re-applying
adb: device '5C161JEA304304' not found
[2026-05-19T06:09:53Z] 5C161JEA304304  re-apply tcp:4566 FAILED
[2026-05-19T06:10:08Z] 5C161JEA304304  missing tcp:8080 — re-applying
adb: device '5C161JEA304304' not found
[2026-05-19T06:10:08Z] 5C161JEA304304  re-apply tcp:8080 FAILED
[2026-05-19T06:10:08Z] 5C161JEA304304  missing tcp:8081 — re-applying
adb: device '5C161JEA304304' not found
[2026-05-19T06:10:08Z] 5C161JEA304304  re-apply tcp:8081 FAILED
[2026-05-19T06:10:08Z] 5C161JEA304304  missing tcp:4566 — re-applying
adb: device '5C161JEA304304' not found
[2026-05-19T06:10:08Z] 5C161JEA304304  re-apply tcp:4566 FAILED
[2026-05-19T06:10:23Z] 5C161JEA304304  missing tcp:8080 — re-applying
adb: device '5C161JEA304304' not found
[2026-05-19T06:10:23Z] 5C161JEA304304  re-apply tcp:8080 FAILED
[2026-05-19T06:10:23Z] 5C161JEA304304  missing tcp:8081 — re-applying
adb: device '5C161JEA304304' not found
[2026-05-19T06:10:23Z] 5C161JEA304304  re-apply tcp:8081 FAILED
[2026-05-19T06:10:23Z] 5C161JEA304304  missing tcp:4566 — re-applying
adb: device '5C161JEA304304' not found
[2026-05-19T06:10:23Z] 5C161JEA304304  re-apply tcp:4566 FAILED
[2026-05-19T06:10:39Z] 5C161JEA304304  missing tcp:8080 — re-applying
adb: device '5C161JEA304304' not found
[2026-05-19T06:10:39Z] 5C161JEA304304  re-apply tcp:8080 FAILED
[2026-05-19T06:10:39Z] 5C161JEA304304  missing tcp:8081 — re-applying
adb: device '5C161JEA304304' not found
[2026-05-19T06:10:39Z] 5C161JEA304304  re-apply tcp:8081 FAILED
[2026-05-19T06:10:39Z] 5C161JEA304304  missing tcp:4566 — re-applying
adb: device '5C161JEA304304' not found
[2026-05-19T06:10:39Z] 5C161JEA304304  re-apply tcp:4566 FAILED
[2026-05-19T06:10:54Z] 5C161JEA304304  missing tcp:8080 — re-applying
adb: device '5C161JEA304304' not found
[2026-05-19T06:10:54Z] 5C161JEA304304  re-apply tcp:8080 FAILED
[2026-05-19T06:10:54Z] 5C161JEA304304  missing tcp:8081 — re-applying
adb: device '5C161JEA304304' not found
[2026-05-19T06:10:54Z] 5C161JEA304304  re-apply tcp:8081 FAILED
[2026-05-19T06:10:54Z] 5C161JEA304304  missing tcp:4566 — re-applying
adb: device '5C161JEA304304' not found
[2026-05-19T06:10:54Z] 5C161JEA304304  re-apply tcp:4566 FAILED
[2026-05-19T06:11:09Z] 5C161JEA304304  missing tcp:8080 — re-applying
adb: device '5C161JEA304304' not found
[2026-05-19T06:11:09Z] 5C161JEA304304  re-apply tcp:8080 FAILED
[2026-05-19T06:11:09Z] 5C161JEA304304  missing tcp:8081 — re-applying
adb: device '5C161JEA304304' not found
[2026-05-19T06:11:09Z] 5C161JEA304304  re-apply tcp:8081 FAILED
[2026-05-19T06:11:09Z] 5C161JEA304304  missing tcp:4566 — re-applying
adb: device '5C161JEA304304' not found
[2026-05-19T06:11:09Z] 5C161JEA304304  re-apply tcp:4566 FAILED
[2026-05-19T06:11:24Z] 5C161JEA304304  missing tcp:8080 — re-applying
adb: device '5C161JEA304304' not found
[2026-05-19T06:11:24Z] 5C161JEA304304  re-apply tcp:8080 FAILED
[2026-05-19T06:11:24Z] 5C161JEA304304  missing tcp:8081 — re-applying
adb: device '5C161JEA304304' not found
[2026-05-19T06:11:24Z] 5C161JEA304304  re-apply tcp:8081 FAILED
[2026-05-19T06:11:24Z] 5C161JEA304304  missing tcp:4566 — re-applying
adb: device '5C161JEA304304' not found
[2026-05-19T06:11:24Z] 5C161JEA304304  re-apply tcp:4566 FAILED
[2026-05-19T06:11:39Z] 5C161JEA304304  missing tcp:8080 — re-applying
adb: device '5C161JEA304304' not found
[2026-05-19T06:11:39Z] 5C161JEA304304  re-apply tcp:8080 FAILED
[2026-05-19T06:11:39Z] 5C161JEA304304  missing tcp:8081 — re-applying
adb: device '5C161JEA304304' not found
[2026-05-19T06:11:39Z] 5C161JEA304304  re-apply tcp:8081 FAILED
[2026-05-19T06:11:39Z] 5C161JEA304304  missing tcp:4566 — re-applying
adb: device '5C161JEA304304' not found
[2026-05-19T06:11:39Z] 5C161JEA304304  re-apply tcp:4566 FAILED
[2026-05-19T06:11:54Z] 5C161JEA304304  missing tcp:8080 — re-applying
adb: device '5C161JEA304304' not found
[2026-05-19T06:11:54Z] 5C161JEA304304  re-apply tcp:8080 FAILED
[2026-05-19T06:11:54Z] 5C161JEA304304  missing tcp:8081 — re-applying
adb: device '5C161JEA304304' not found
[2026-05-19T06:11:54Z] 5C161JEA304304  re-apply tcp:8081 FAILED
[2026-05-19T06:11:54Z] 5C161JEA304304  missing tcp:4566 — re-applying
adb: device '5C161JEA304304' not found
[2026-05-19T06:11:54Z] 5C161JEA304304  re-apply tcp:4566 FAILED
[2026-05-19T06:12:09Z] 5C161JEA304304  missing tcp:8080 — re-applying
adb: device '5C161JEA304304' not found
[2026-05-19T06:12:09Z] 5C161JEA304304  re-apply tcp:8080 FAILED
[2026-05-19T06:12:09Z] 5C161JEA304304  missing tcp:8081 — re-applying
adb: device '5C161JEA304304' not found
[2026-05-19T06:12:09Z] 5C161JEA304304  re-apply tcp:8081 FAILED
[2026-05-19T06:12:09Z] 5C161JEA304304  missing tcp:4566 — re-applying
adb: device '5C161JEA304304' not found
[2026-05-19T06:12:09Z] 5C161JEA304304  re-apply tcp:4566 FAILED
[2026-05-19T06:12:24Z] 5C161JEA304304  missing tcp:8080 — re-applying
adb: device '5C161JEA304304' not found
[2026-05-19T06:12:24Z] 5C161JEA304304  re-apply tcp:8080 FAILED
[2026-05-19T06:12:24Z] 5C161JEA304304  missing tcp:8081 — re-applying
adb: device '5C161JEA304304' not found
[2026-05-19T06:12:24Z] 5C161JEA304304  re-apply tcp:8081 FAILED
[2026-05-19T06:12:24Z] 5C161JEA304304  missing tcp:4566 — re-applying
adb: device '5C161JEA304304' not found
[2026-05-19T06:12:24Z] 5C161JEA304304  re-apply tcp:4566 FAILED
[2026-05-19T06:12:40Z] 5C161JEA304304  missing tcp:8080 — re-applying
adb: device '5C161JEA304304' not found
[2026-05-19T06:12:40Z] 5C161JEA304304  re-apply tcp:8080 FAILED
[2026-05-19T06:12:40Z] 5C161JEA304304  missing tcp:8081 — re-applying
adb: device '5C161JEA304304' not found
[2026-05-19T06:12:40Z] 5C161JEA304304  re-apply tcp:8081 FAILED
[2026-05-19T06:12:40Z] 5C161JEA304304  missing tcp:4566 — re-applying
adb: device '5C161JEA304304' not found
[2026-05-19T06:12:40Z] 5C161JEA304304  re-apply tcp:4566 FAILED
[2026-05-19T06:12:55Z] 5C161JEA304304  missing tcp:8080 — re-applying
adb: device '5C161JEA304304' not found
[2026-05-19T06:12:55Z] 5C161JEA304304  re-apply tcp:8080 FAILED
[2026-05-19T06:12:55Z] 5C161JEA304304  missing tcp:8081 — re-applying
adb: device '5C161JEA304304' not found
[2026-05-19T06:12:55Z] 5C161JEA304304  re-apply tcp:8081 FAILED
[2026-05-19T06:12:55Z] 5C161JEA304304  missing tcp:4566 — re-applying
adb: device '5C161JEA304304' not found
[2026-05-19T06:12:55Z] 5C161JEA304304  re-apply tcp:4566 FAILED
[2026-05-19T06:13:10Z] 5C161JEA304304  missing tcp:8080 — re-applying
adb: device '5C161JEA304304' not found
[2026-05-19T06:13:10Z] 5C161JEA304304  re-apply tcp:8080 FAILED
[2026-05-19T06:13:10Z] 5C161JEA304304  missing tcp:8081 — re-applying
adb: device '5C161JEA304304' not found
[2026-05-19T06:13:10Z] 5C161JEA304304  re-apply tcp:8081 FAILED
[2026-05-19T06:13:10Z] 5C161JEA304304  missing tcp:4566 — re-applying
adb: device '5C161JEA304304' not found
[2026-05-19T06:13:10Z] 5C161JEA304304  re-apply tcp:4566 FAILED
[2026-05-19T06:13:25Z] 5C161JEA304304  missing tcp:8080 — re-applying
adb: device '5C161JEA304304' not found
[2026-05-19T06:13:25Z] 5C161JEA304304  re-apply tcp:8080 FAILED
[2026-05-19T06:13:25Z] 5C161JEA304304  missing tcp:8081 — re-applying
adb: device '5C161JEA304304' not found
[2026-05-19T06:13:25Z] 5C161JEA304304  re-apply tcp:8081 FAILED
[2026-05-19T06:13:25Z] 5C161JEA304304  missing tcp:4566 — re-applying
adb: device '5C161JEA304304' not found
[2026-05-19T06:13:25Z] 5C161JEA304304  re-apply tcp:4566 FAILED
[2026-05-19T06:13:40Z] 5C161JEA304304  missing tcp:8080 — re-applying
adb: device '5C161JEA304304' not found
[2026-05-19T06:13:40Z] 5C161JEA304304  re-apply tcp:8080 FAILED
[2026-05-19T06:13:40Z] 5C161JEA304304  missing tcp:8081 — re-applying
adb: device '5C161JEA304304' not found
[2026-05-19T06:13:40Z] 5C161JEA304304  re-apply tcp:8081 FAILED
[2026-05-19T06:13:40Z] 5C161JEA304304  missing tcp:4566 — re-applying
adb: device '5C161JEA304304' not found
[2026-05-19T06:13:40Z] 5C161JEA304304  re-apply tcp:4566 FAILED
[2026-05-19T06:13:55Z] 5C161JEA304304  missing tcp:8080 — re-applying
adb: device '5C161JEA304304' not found
[2026-05-19T06:13:55Z] 5C161JEA304304  re-apply tcp:8080 FAILED
[2026-05-19T06:13:55Z] 5C161JEA304304  missing tcp:8081 — re-applying
adb: device '5C161JEA304304' not found
[2026-05-19T06:13:55Z] 5C161JEA304304  re-apply tcp:8081 FAILED
[2026-05-19T06:13:55Z] 5C161JEA304304  missing tcp:4566 — re-applying
adb: device '5C161JEA304304' not found
[2026-05-19T06:13:55Z] 5C161JEA304304  re-apply tcp:4566 FAILED
[2026-05-19T06:14:10Z] 5C161JEA304304  missing tcp:8080 — re-applying
adb: device '5C161JEA304304' not found
[2026-05-19T06:14:10Z] 5C161JEA304304  re-apply tcp:8080 FAILED
[2026-05-19T06:14:10Z] 5C161JEA304304  missing tcp:8081 — re-applying
adb: device '5C161JEA304304' not found
[2026-05-19T06:14:10Z] 5C161JEA304304  re-apply tcp:8081 FAILED
[2026-05-19T06:14:10Z] 5C161JEA304304  missing tcp:4566 — re-applying
adb: device '5C161JEA304304' not found
[2026-05-19T06:14:10Z] 5C161JEA304304  re-apply tcp:4566 FAILED
[2026-05-19T06:14:25Z] 5C161JEA304304  missing tcp:8080 — re-applying
adb: device '5C161JEA304304' not found
[2026-05-19T06:14:25Z] 5C161JEA304304  re-apply tcp:8080 FAILED
[2026-05-19T06:14:25Z] 5C161JEA304304  missing tcp:8081 — re-applying
adb: device '5C161JEA304304' not found
[2026-05-19T06:14:25Z] 5C161JEA304304  re-apply tcp:8081 FAILED
[2026-05-19T06:14:25Z] 5C161JEA304304  missing tcp:4566 — re-applying
adb: device '5C161JEA304304' not found
[2026-05-19T06:14:25Z] 5C161JEA304304  re-apply tcp:4566 FAILED
[2026-05-19T06:14:41Z] 5C161JEA304304  missing tcp:8080 — re-applying
adb: device '5C161JEA304304' not found
[2026-05-19T06:14:41Z] 5C161JEA304304  re-apply tcp:8080 FAILED
[2026-05-19T06:14:41Z] 5C161JEA304304  missing tcp:8081 — re-applying
adb: device '5C161JEA304304' not found
[2026-05-19T06:14:41Z] 5C161JEA304304  re-apply tcp:8081 FAILED
[2026-05-19T06:14:41Z] 5C161JEA304304  missing tcp:4566 — re-applying
adb: device '5C161JEA304304' not found
[2026-05-19T06:14:41Z] 5C161JEA304304  re-apply tcp:4566 FAILED
[2026-05-19T06:14:56Z] 5C161JEA304304  missing tcp:8080 — re-applying
adb: device '5C161JEA304304' not found
[2026-05-19T06:14:56Z] 5C161JEA304304  re-apply tcp:8080 FAILED
[2026-05-19T06:14:56Z] 5C161JEA304304  missing tcp:8081 — re-applying
adb: device '5C161JEA304304' not found
[2026-05-19T06:14:56Z] 5C161JEA304304  re-apply tcp:8081 FAILED
[2026-05-19T06:14:56Z] 5C161JEA304304  missing tcp:4566 — re-applying
adb: device '5C161JEA304304' not found
[2026-05-19T06:14:56Z] 5C161JEA304304  re-apply tcp:4566 FAILED
[2026-05-19T06:15:11Z] 5C161JEA304304  missing tcp:8080 — re-applying
adb: device '5C161JEA304304' not found
[2026-05-19T06:15:11Z] 5C161JEA304304  re-apply tcp:8080 FAILED
[2026-05-19T06:15:11Z] 5C161JEA304304  missing tcp:8081 — re-applying
adb: device '5C161JEA304304' not found
[2026-05-19T06:15:11Z] 5C161JEA304304  re-apply tcp:8081 FAILED
[2026-05-19T06:15:11Z] 5C161JEA304304  missing tcp:4566 — re-applying
adb: device '5C161JEA304304' not found
[2026-05-19T06:15:11Z] 5C161JEA304304  re-apply tcp:4566 FAILED
[2026-05-19T06:15:26Z] 5C161JEA304304  missing tcp:8080 — re-applying
adb: device '5C161JEA304304' not found
[2026-05-19T06:15:26Z] 5C161JEA304304  re-apply tcp:8080 FAILED
[2026-05-19T06:15:26Z] 5C161JEA304304  missing tcp:8081 — re-applying
adb: device '5C161JEA304304' not found
[2026-05-19T06:15:26Z] 5C161JEA304304  re-apply tcp:8081 FAILED
[2026-05-19T06:15:26Z] 5C161JEA304304  missing tcp:4566 — re-applying
adb: device '5C161JEA304304' not found
[2026-05-19T06:15:26Z] 5C161JEA304304  re-apply tcp:4566 FAILED
[2026-05-19T06:15:41Z] 5C161JEA304304  missing tcp:8080 — re-applying
adb: device '5C161JEA304304' not found
[2026-05-19T06:15:41Z] 5C161JEA304304  re-apply tcp:8080 FAILED
[2026-05-19T06:15:41Z] 5C161JEA304304  missing tcp:8081 — re-applying
adb: device '5C161JEA304304' not found
[2026-05-19T06:15:41Z] 5C161JEA304304  re-apply tcp:8081 FAILED
[2026-05-19T06:15:41Z] 5C161JEA304304  missing tcp:4566 — re-applying
adb: device '5C161JEA304304' not found
[2026-05-19T06:15:41Z] 5C161JEA304304  re-apply tcp:4566 FAILED
[2026-05-19T06:15:56Z] 5C161JEA304304  missing tcp:8080 — re-applying
adb: device '5C161JEA304304' not found
[2026-05-19T06:15:56Z] 5C161JEA304304  re-apply tcp:8080 FAILED
[2026-05-19T06:15:56Z] 5C161JEA304304  missing tcp:8081 — re-applying
adb: device '5C161JEA304304' not found
[2026-05-19T06:15:56Z] 5C161JEA304304  re-apply tcp:8081 FAILED
[2026-05-19T06:15:56Z] 5C161JEA304304  missing tcp:4566 — re-applying
adb: device '5C161JEA304304' not found
[2026-05-19T06:15:56Z] 5C161JEA304304  re-apply tcp:4566 FAILED
[2026-05-19T06:16:11Z] 5C161JEA304304  missing tcp:8080 — re-applying
adb: device '5C161JEA304304' not found
[2026-05-19T06:16:11Z] 5C161JEA304304  re-apply tcp:8080 FAILED
[2026-05-19T06:16:11Z] 5C161JEA304304  missing tcp:8081 — re-applying
adb: device '5C161JEA304304' not found
[2026-05-19T06:16:11Z] 5C161JEA304304  re-apply tcp:8081 FAILED
[2026-05-19T06:16:11Z] 5C161JEA304304  missing tcp:4566 — re-applying
adb: device '5C161JEA304304' not found
[2026-05-19T06:16:11Z] 5C161JEA304304  re-apply tcp:4566 FAILED
[2026-05-19T06:16:26Z] 5C161JEA304304  missing tcp:8080 — re-applying
adb: device '5C161JEA304304' not found
[2026-05-19T06:16:26Z] 5C161JEA304304  re-apply tcp:8080 FAILED
[2026-05-19T06:16:26Z] 5C161JEA304304  missing tcp:8081 — re-applying
adb: device '5C161JEA304304' not found
[2026-05-19T06:16:26Z] 5C161JEA304304  re-apply tcp:8081 FAILED
[2026-05-19T06:16:27Z] 5C161JEA304304  missing tcp:4566 — re-applying
adb: device '5C161JEA304304' not found
[2026-05-19T06:16:27Z] 5C161JEA304304  re-apply tcp:4566 FAILED
[2026-05-19T06:16:42Z] 5C161JEA304304  missing tcp:8080 — re-applying
adb: device '5C161JEA304304' not found
[2026-05-19T06:16:42Z] 5C161JEA304304  re-apply tcp:8080 FAILED
[2026-05-19T06:16:42Z] 5C161JEA304304  missing tcp:8081 — re-applying
adb: device '5C161JEA304304' not found
[2026-05-19T06:16:42Z] 5C161JEA304304  re-apply tcp:8081 FAILED
[2026-05-19T06:16:42Z] 5C161JEA304304  missing tcp:4566 — re-applying
adb: device '5C161JEA304304' not found
[2026-05-19T06:16:42Z] 5C161JEA304304  re-apply tcp:4566 FAILED
[2026-05-19T06:16:57Z] 5C161JEA304304  missing tcp:8080 — re-applying
adb: device '5C161JEA304304' not found
[2026-05-19T06:16:57Z] 5C161JEA304304  re-apply tcp:8080 FAILED
[2026-05-19T06:16:57Z] 5C161JEA304304  missing tcp:8081 — re-applying
adb: device '5C161JEA304304' not found
[2026-05-19T06:16:57Z] 5C161JEA304304  re-apply tcp:8081 FAILED
[2026-05-19T06:16:57Z] 5C161JEA304304  missing tcp:4566 — re-applying
adb: device '5C161JEA304304' not found
[2026-05-19T06:16:57Z] 5C161JEA304304  re-apply tcp:4566 FAILED
[2026-05-19T06:17:12Z] 5C161JEA304304  missing tcp:8080 — re-applying
adb: device '5C161JEA304304' not found
[2026-05-19T06:17:12Z] 5C161JEA304304  re-apply tcp:8080 FAILED
[2026-05-19T06:17:12Z] 5C161JEA304304  missing tcp:8081 — re-applying
adb: device '5C161JEA304304' not found
[2026-05-19T06:17:12Z] 5C161JEA304304  re-apply tcp:8081 FAILED
[2026-05-19T06:17:12Z] 5C161JEA304304  missing tcp:4566 — re-applying
adb: device '5C161JEA304304' not found
[2026-05-19T06:17:12Z] 5C161JEA304304  re-apply tcp:4566 FAILED
[2026-05-19T06:17:27Z] 5C161JEA304304  missing tcp:8080 — re-applying
adb: device '5C161JEA304304' not found
[2026-05-19T06:17:27Z] 5C161JEA304304  re-apply tcp:8080 FAILED
[2026-05-19T06:17:27Z] 5C161JEA304304  missing tcp:8081 — re-applying
adb: device '5C161JEA304304' not found
[2026-05-19T06:17:27Z] 5C161JEA304304  re-apply tcp:8081 FAILED
[2026-05-19T06:17:27Z] 5C161JEA304304  missing tcp:4566 — re-applying
adb: device '5C161JEA304304' not found
[2026-05-19T06:17:27Z] 5C161JEA304304  re-apply tcp:4566 FAILED
[2026-05-19T06:17:42Z] 5C161JEA304304  missing tcp:8080 — re-applying
adb: device '5C161JEA304304' not found
[2026-05-19T06:17:42Z] 5C161JEA304304  re-apply tcp:8080 FAILED
[2026-05-19T06:17:42Z] 5C161JEA304304  missing tcp:8081 — re-applying
adb: device '5C161JEA304304' not found
[2026-05-19T06:17:42Z] 5C161JEA304304  re-apply tcp:8081 FAILED
[2026-05-19T06:17:42Z] 5C161JEA304304  missing tcp:4566 — re-applying
adb: device '5C161JEA304304' not found
[2026-05-19T06:17:42Z] 5C161JEA304304  re-apply tcp:4566 FAILED
[2026-05-19T06:17:57Z] 5C161JEA304304  missing tcp:8080 — re-applying
adb: device '5C161JEA304304' not found
[2026-05-19T06:17:57Z] 5C161JEA304304  re-apply tcp:8080 FAILED
[2026-05-19T06:17:57Z] 5C161JEA304304  missing tcp:8081 — re-applying
adb: device '5C161JEA304304' not found
[2026-05-19T06:17:57Z] 5C161JEA304304  re-apply tcp:8081 FAILED
[2026-05-19T06:17:57Z] 5C161JEA304304  missing tcp:4566 — re-applying
adb: device '5C161JEA304304' not found
[2026-05-19T06:17:57Z] 5C161JEA304304  re-apply tcp:4566 FAILED
[2026-05-19T06:18:12Z] 5C161JEA304304  missing tcp:8080 — re-applying
adb: device '5C161JEA304304' not found
[2026-05-19T06:18:12Z] 5C161JEA304304  re-apply tcp:8080 FAILED
[2026-05-19T06:18:12Z] 5C161JEA304304  missing tcp:8081 — re-applying
adb: device '5C161JEA304304' not found
[2026-05-19T06:18:12Z] 5C161JEA304304  re-apply tcp:8081 FAILED
[2026-05-19T06:18:12Z] 5C161JEA304304  missing tcp:4566 — re-applying
adb: device '5C161JEA304304' not found
[2026-05-19T06:18:12Z] 5C161JEA304304  re-apply tcp:4566 FAILED
[2026-05-19T06:18:28Z] 5C161JEA304304  missing tcp:8080 — re-applying
adb: device '5C161JEA304304' not found
[2026-05-19T06:18:28Z] 5C161JEA304304  re-apply tcp:8080 FAILED
[2026-05-19T06:18:28Z] 5C161JEA304304  missing tcp:8081 — re-applying
adb: device '5C161JEA304304' not found
[2026-05-19T06:18:28Z] 5C161JEA304304  re-apply tcp:8081 FAILED
[2026-05-19T06:18:28Z] 5C161JEA304304  missing tcp:4566 — re-applying
adb: device '5C161JEA304304' not found
[2026-05-19T06:18:28Z] 5C161JEA304304  re-apply tcp:4566 FAILED
[2026-05-19T06:18:43Z] 5C161JEA304304  missing tcp:8080 — re-applying
adb: device '5C161JEA304304' not found
[2026-05-19T06:18:43Z] 5C161JEA304304  re-apply tcp:8080 FAILED
[2026-05-19T06:18:43Z] 5C161JEA304304  missing tcp:8081 — re-applying
adb: device '5C161JEA304304' not found
[2026-05-19T06:18:43Z] 5C161JEA304304  re-apply tcp:8081 FAILED
[2026-05-19T06:18:43Z] 5C161JEA304304  missing tcp:4566 — re-applying
adb: device '5C161JEA304304' not found
[2026-05-19T06:18:43Z] 5C161JEA304304  re-apply tcp:4566 FAILED
[2026-05-19T06:18:58Z] 5C161JEA304304  missing tcp:8080 — re-applying
adb: device '5C161JEA304304' not found
[2026-05-19T06:18:58Z] 5C161JEA304304  re-apply tcp:8080 FAILED
[2026-05-19T06:18:58Z] 5C161JEA304304  missing tcp:8081 — re-applying
adb: device '5C161JEA304304' not found
[2026-05-19T06:18:58Z] 5C161JEA304304  re-apply tcp:8081 FAILED
[2026-05-19T06:18:58Z] 5C161JEA304304  missing tcp:4566 — re-applying
adb: device '5C161JEA304304' not found
[2026-05-19T06:18:58Z] 5C161JEA304304  re-apply tcp:4566 FAILED
[2026-05-19T06:19:13Z] 5C161JEA304304  missing tcp:8080 — re-applying
adb: device '5C161JEA304304' not found
[2026-05-19T06:19:13Z] 5C161JEA304304  re-apply tcp:8080 FAILED
[2026-05-19T06:19:13Z] 5C161JEA304304  missing tcp:8081 — re-applying
adb: device '5C161JEA304304' not found
[2026-05-19T06:19:13Z] 5C161JEA304304  re-apply tcp:8081 FAILED
[2026-05-19T06:19:13Z] 5C161JEA304304  missing tcp:4566 — re-applying
adb: device '5C161JEA304304' not found
[2026-05-19T06:19:13Z] 5C161JEA304304  re-apply tcp:4566 FAILED
[2026-05-19T06:19:28Z] 5C161JEA304304  missing tcp:8080 — re-applying
adb: device '5C161JEA304304' not found
[2026-05-19T06:19:28Z] 5C161JEA304304  re-apply tcp:8080 FAILED
[2026-05-19T06:19:28Z] 5C161JEA304304  missing tcp:8081 — re-applying
adb: device '5C161JEA304304' not found
[2026-05-19T06:19:28Z] 5C161JEA304304  re-apply tcp:8081 FAILED
[2026-05-19T06:19:28Z] 5C161JEA304304  missing tcp:4566 — re-applying
adb: device '5C161JEA304304' not found
[2026-05-19T06:19:28Z] 5C161JEA304304  re-apply tcp:4566 FAILED
[2026-05-19T06:19:43Z] 5C161JEA304304  missing tcp:8080 — re-applying
adb: device '5C161JEA304304' not found
[2026-05-19T06:19:43Z] 5C161JEA304304  re-apply tcp:8080 FAILED
[2026-05-19T06:19:43Z] 5C161JEA304304  missing tcp:8081 — re-applying
adb: device '5C161JEA304304' not found
[2026-05-19T06:19:43Z] 5C161JEA304304  re-apply tcp:8081 FAILED
[2026-05-19T06:19:43Z] 5C161JEA304304  missing tcp:4566 — re-applying
adb: device '5C161JEA304304' not found
[2026-05-19T06:19:43Z] 5C161JEA304304  re-apply tcp:4566 FAILED
[2026-05-19T06:19:58Z] 5C161JEA304304  missing tcp:8080 — re-applying
adb: device '5C161JEA304304' not found
[2026-05-19T06:19:58Z] 5C161JEA304304  re-apply tcp:8080 FAILED
[2026-05-19T06:19:58Z] 5C161JEA304304  missing tcp:8081 — re-applying
adb: device '5C161JEA304304' not found
[2026-05-19T06:19:58Z] 5C161JEA304304  re-apply tcp:8081 FAILED
[2026-05-19T06:19:58Z] 5C161JEA304304  missing tcp:4566 — re-applying
adb: device '5C161JEA304304' not found
[2026-05-19T06:19:58Z] 5C161JEA304304  re-apply tcp:4566 FAILED
[2026-05-19T06:20:13Z] 5C161JEA304304  missing tcp:8080 — re-applying
adb: device '5C161JEA304304' not found
[2026-05-19T06:20:13Z] 5C161JEA304304  re-apply tcp:8080 FAILED
[2026-05-19T06:20:13Z] 5C161JEA304304  missing tcp:8081 — re-applying
adb: device '5C161JEA304304' not found
[2026-05-19T06:20:13Z] 5C161JEA304304  re-apply tcp:8081 FAILED
[2026-05-19T06:20:13Z] 5C161JEA304304  missing tcp:4566 — re-applying
adb: device '5C161JEA304304' not found
[2026-05-19T06:20:13Z] 5C161JEA304304  re-apply tcp:4566 FAILED
[2026-05-19T06:20:29Z] 5C161JEA304304  missing tcp:8080 — re-applying
adb: device '5C161JEA304304' not found
[2026-05-19T06:20:29Z] 5C161JEA304304  re-apply tcp:8080 FAILED
[2026-05-19T06:20:29Z] 5C161JEA304304  missing tcp:8081 — re-applying
adb: device '5C161JEA304304' not found
[2026-05-19T06:20:29Z] 5C161JEA304304  re-apply tcp:8081 FAILED
[2026-05-19T06:20:29Z] 5C161JEA304304  missing tcp:4566 — re-applying
adb: device '5C161JEA304304' not found
[2026-05-19T06:20:29Z] 5C161JEA304304  re-apply tcp:4566 FAILED
[2026-05-19T06:20:44Z] 5C161JEA304304  missing tcp:8080 — re-applying
adb: device '5C161JEA304304' not found
[2026-05-19T06:20:44Z] 5C161JEA304304  re-apply tcp:8080 FAILED
[2026-05-19T06:20:44Z] 5C161JEA304304  missing tcp:8081 — re-applying
adb: device '5C161JEA304304' not found
[2026-05-19T06:20:44Z] 5C161JEA304304  re-apply tcp:8081 FAILED
[2026-05-19T06:20:44Z] 5C161JEA304304  missing tcp:4566 — re-applying
adb: device '5C161JEA304304' not found
[2026-05-19T06:20:44Z] 5C161JEA304304  re-apply tcp:4566 FAILED
[2026-05-19T06:20:59Z] 5C161JEA304304  missing tcp:8080 — re-applying
adb: device '5C161JEA304304' not found
[2026-05-19T06:20:59Z] 5C161JEA304304  re-apply tcp:8080 FAILED
[2026-05-19T06:20:59Z] 5C161JEA304304  missing tcp:8081 — re-applying
adb: device '5C161JEA304304' not found
[2026-05-19T06:20:59Z] 5C161JEA304304  re-apply tcp:8081 FAILED
[2026-05-19T06:20:59Z] 5C161JEA304304  missing tcp:4566 — re-applying
adb: device '5C161JEA304304' not found
[2026-05-19T06:20:59Z] 5C161JEA304304  re-apply tcp:4566 FAILED
[2026-05-19T06:21:14Z] 5C161JEA304304  missing tcp:8080 — re-applying
adb: device '5C161JEA304304' not found
[2026-05-19T06:21:14Z] 5C161JEA304304  re-apply tcp:8080 FAILED
[2026-05-19T06:21:14Z] 5C161JEA304304  missing tcp:8081 — re-applying
adb: device '5C161JEA304304' not found
[2026-05-19T06:21:14Z] 5C161JEA304304  re-apply tcp:8081 FAILED
[2026-05-19T06:21:14Z] 5C161JEA304304  missing tcp:4566 — re-applying
adb: device '5C161JEA304304' not found
[2026-05-19T06:21:14Z] 5C161JEA304304  re-apply tcp:4566 FAILED
[2026-05-19T06:21:29Z] 5C161JEA304304  missing tcp:8080 — re-applying
adb: device '5C161JEA304304' not found
[2026-05-19T06:21:29Z] 5C161JEA304304  re-apply tcp:8080 FAILED
[2026-05-19T06:21:29Z] 5C161JEA304304  missing tcp:8081 — re-applying
adb: device '5C161JEA304304' not found
[2026-05-19T06:21:29Z] 5C161JEA304304  re-apply tcp:8081 FAILED
[2026-05-19T06:21:29Z] 5C161JEA304304  missing tcp:4566 — re-applying
adb: device '5C161JEA304304' not found
[2026-05-19T06:21:29Z] 5C161JEA304304  re-apply tcp:4566 FAILED
[2026-05-19T06:21:44Z] 5C161JEA304304  missing tcp:8080 — re-applying
adb: device '5C161JEA304304' not found
[2026-05-19T06:21:44Z] 5C161JEA304304  re-apply tcp:8080 FAILED
[2026-05-19T06:21:44Z] 5C161JEA304304  missing tcp:8081 — re-applying
adb: device '5C161JEA304304' not found
[2026-05-19T06:21:44Z] 5C161JEA304304  re-apply tcp:8081 FAILED
[2026-05-19T06:21:44Z] 5C161JEA304304  missing tcp:4566 — re-applying
adb: device '5C161JEA304304' not found
[2026-05-19T06:21:44Z] 5C161JEA304304  re-apply tcp:4566 FAILED
[2026-05-19T06:22:00Z] 5C161JEA304304  missing tcp:8080 — re-applying
adb: device '5C161JEA304304' not found
[2026-05-19T06:22:00Z] 5C161JEA304304  re-apply tcp:8080 FAILED
[2026-05-19T06:22:00Z] 5C161JEA304304  missing tcp:8081 — re-applying
adb: device '5C161JEA304304' not found
[2026-05-19T06:22:00Z] 5C161JEA304304  re-apply tcp:8081 FAILED
[2026-05-19T06:22:00Z] 5C161JEA304304  missing tcp:4566 — re-applying
adb: device '5C161JEA304304' not found
[2026-05-19T06:22:00Z] 5C161JEA304304  re-apply tcp:4566 FAILED
[2026-05-19T06:22:15Z] 5C161JEA304304  missing tcp:8080 — re-applying
adb: device '5C161JEA304304' not found
[2026-05-19T06:22:15Z] 5C161JEA304304  re-apply tcp:8080 FAILED
[2026-05-19T06:22:15Z] 5C161JEA304304  missing tcp:8081 — re-applying
adb: device '5C161JEA304304' not found
[2026-05-19T06:22:15Z] 5C161JEA304304  re-apply tcp:8081 FAILED
[2026-05-19T06:22:15Z] 5C161JEA304304  missing tcp:4566 — re-applying
adb: device '5C161JEA304304' not found
[2026-05-19T06:22:15Z] 5C161JEA304304  re-apply tcp:4566 FAILED
[2026-05-19T06:22:30Z] 5C161JEA304304  missing tcp:8080 — re-applying
adb: device '5C161JEA304304' not found
[2026-05-19T06:22:30Z] 5C161JEA304304  re-apply tcp:8080 FAILED
[2026-05-19T06:22:30Z] 5C161JEA304304  missing tcp:8081 — re-applying
adb: device '5C161JEA304304' not found
[2026-05-19T06:22:30Z] 5C161JEA304304  re-apply tcp:8081 FAILED
[2026-05-19T06:22:30Z] 5C161JEA304304  missing tcp:4566 — re-applying
adb: device '5C161JEA304304' not found
[2026-05-19T06:22:30Z] 5C161JEA304304  re-apply tcp:4566 FAILED
[2026-05-19T06:22:45Z] 5C161JEA304304  missing tcp:8080 — re-applying
adb: device '5C161JEA304304' not found
[2026-05-19T06:22:45Z] 5C161JEA304304  re-apply tcp:8080 FAILED
[2026-05-19T06:22:45Z] 5C161JEA304304  missing tcp:8081 — re-applying
adb: device '5C161JEA304304' not found
[2026-05-19T06:22:45Z] 5C161JEA304304  re-apply tcp:8081 FAILED
[2026-05-19T06:22:45Z] 5C161JEA304304  missing tcp:4566 — re-applying
adb: device '5C161JEA304304' not found
[2026-05-19T06:22:45Z] 5C161JEA304304  re-apply tcp:4566 FAILED
[2026-05-19T06:23:00Z] 5C161JEA304304  missing tcp:8080 — re-applying
adb: device '5C161JEA304304' not found
[2026-05-19T06:23:00Z] 5C161JEA304304  re-apply tcp:8080 FAILED
[2026-05-19T06:23:00Z] 5C161JEA304304  missing tcp:8081 — re-applying
adb: device '5C161JEA304304' not found
[2026-05-19T06:23:00Z] 5C161JEA304304  re-apply tcp:8081 FAILED
[2026-05-19T06:23:00Z] 5C161JEA304304  missing tcp:4566 — re-applying
adb: device '5C161JEA304304' not found
[2026-05-19T06:23:00Z] 5C161JEA304304  re-apply tcp:4566 FAILED
[2026-05-19T06:23:15Z] 5C161JEA304304  missing tcp:8080 — re-applying
adb: device '5C161JEA304304' not found
[2026-05-19T06:23:15Z] 5C161JEA304304  re-apply tcp:8080 FAILED
[2026-05-19T06:23:15Z] 5C161JEA304304  missing tcp:8081 — re-applying
adb: device '5C161JEA304304' not found
[2026-05-19T06:23:15Z] 5C161JEA304304  re-apply tcp:8081 FAILED
[2026-05-19T06:23:15Z] 5C161JEA304304  missing tcp:4566 — re-applying
adb: device '5C161JEA304304' not found
[2026-05-19T06:23:15Z] 5C161JEA304304  re-apply tcp:4566 FAILED
[2026-05-19T06:23:30Z] 5C161JEA304304  missing tcp:8080 — re-applying
adb: device '5C161JEA304304' not found
[2026-05-19T06:23:30Z] 5C161JEA304304  re-apply tcp:8080 FAILED
[2026-05-19T06:23:30Z] 5C161JEA304304  missing tcp:8081 — re-applying
adb: device '5C161JEA304304' not found
[2026-05-19T06:23:30Z] 5C161JEA304304  re-apply tcp:8081 FAILED
[2026-05-19T06:23:30Z] 5C161JEA304304  missing tcp:4566 — re-applying
adb: device '5C161JEA304304' not found
[2026-05-19T06:23:30Z] 5C161JEA304304  re-apply tcp:4566 FAILED
[2026-05-19T06:23:45Z] 5C161JEA304304  missing tcp:8080 — re-applying
adb: device '5C161JEA304304' not found
[2026-05-19T06:23:45Z] 5C161JEA304304  re-apply tcp:8080 FAILED
[2026-05-19T06:23:45Z] 5C161JEA304304  missing tcp:8081 — re-applying
adb: device '5C161JEA304304' not found
[2026-05-19T06:23:45Z] 5C161JEA304304  re-apply tcp:8081 FAILED
[2026-05-19T06:23:46Z] 5C161JEA304304  missing tcp:4566 — re-applying
adb: device '5C161JEA304304' not found
[2026-05-19T06:23:46Z] 5C161JEA304304  re-apply tcp:4566 FAILED
[2026-05-19T06:24:01Z] 5C161JEA304304  missing tcp:8080 — re-applying
adb: device '5C161JEA304304' not found
[2026-05-19T06:24:01Z] 5C161JEA304304  re-apply tcp:8080 FAILED
[2026-05-19T06:24:01Z] 5C161JEA304304  missing tcp:8081 — re-applying
adb: device '5C161JEA304304' not found
[2026-05-19T06:24:01Z] 5C161JEA304304  re-apply tcp:8081 FAILED
[2026-05-19T06:24:01Z] 5C161JEA304304  missing tcp:4566 — re-applying
adb: device '5C161JEA304304' not found
[2026-05-19T06:24:01Z] 5C161JEA304304  re-apply tcp:4566 FAILED
[2026-05-19T06:24:16Z] 5C161JEA304304  missing tcp:8080 — re-applying
adb: device '5C161JEA304304' not found
[2026-05-19T06:24:16Z] 5C161JEA304304  re-apply tcp:8080 FAILED
[2026-05-19T06:24:16Z] 5C161JEA304304  missing tcp:8081 — re-applying
adb: device '5C161JEA304304' not found
[2026-05-19T06:24:16Z] 5C161JEA304304  re-apply tcp:8081 FAILED
[2026-05-19T06:24:16Z] 5C161JEA304304  missing tcp:4566 — re-applying
adb: device '5C161JEA304304' not found
[2026-05-19T06:24:16Z] 5C161JEA304304  re-apply tcp:4566 FAILED
[2026-05-19T06:24:31Z] 5C161JEA304304  missing tcp:8080 — re-applying
adb: device '5C161JEA304304' not found
[2026-05-19T06:24:31Z] 5C161JEA304304  re-apply tcp:8080 FAILED
[2026-05-19T06:24:31Z] 5C161JEA304304  missing tcp:8081 — re-applying
adb: device '5C161JEA304304' not found
[2026-05-19T06:24:31Z] 5C161JEA304304  re-apply tcp:8081 FAILED
[2026-05-19T06:24:31Z] 5C161JEA304304  missing tcp:4566 — re-applying
adb: device '5C161JEA304304' not found
[2026-05-19T06:24:31Z] 5C161JEA304304  re-apply tcp:4566 FAILED
[2026-05-19T06:24:46Z] 5C161JEA304304  missing tcp:8080 — re-applying
adb: device '5C161JEA304304' not found
[2026-05-19T06:24:46Z] 5C161JEA304304  re-apply tcp:8080 FAILED
[2026-05-19T06:24:46Z] 5C161JEA304304  missing tcp:8081 — re-applying
adb: device '5C161JEA304304' not found
[2026-05-19T06:24:46Z] 5C161JEA304304  re-apply tcp:8081 FAILED
[2026-05-19T06:24:46Z] 5C161JEA304304  missing tcp:4566 — re-applying
adb: device '5C161JEA304304' not found
[2026-05-19T06:24:46Z] 5C161JEA304304  re-apply tcp:4566 FAILED
[2026-05-19T06:25:01Z] 5C161JEA304304  missing tcp:8080 — re-applying
adb: device '5C161JEA304304' not found
[2026-05-19T06:25:01Z] 5C161JEA304304  re-apply tcp:8080 FAILED
[2026-05-19T06:25:01Z] 5C161JEA304304  missing tcp:8081 — re-applying
adb: device '5C161JEA304304' not found
[2026-05-19T06:25:01Z] 5C161JEA304304  re-apply tcp:8081 FAILED
[2026-05-19T06:25:01Z] 5C161JEA304304  missing tcp:4566 — re-applying
adb: device '5C161JEA304304' not found
[2026-05-19T06:25:01Z] 5C161JEA304304  re-apply tcp:4566 FAILED
[2026-05-19T06:25:16Z] 5C161JEA304304  missing tcp:8080 — re-applying
adb: device '5C161JEA304304' not found
[2026-05-19T06:25:16Z] 5C161JEA304304  re-apply tcp:8080 FAILED
[2026-05-19T06:25:16Z] 5C161JEA304304  missing tcp:8081 — re-applying
adb: device '5C161JEA304304' not found
[2026-05-19T06:25:16Z] 5C161JEA304304  re-apply tcp:8081 FAILED
[2026-05-19T06:25:16Z] 5C161JEA304304  missing tcp:4566 — re-applying
adb: device '5C161JEA304304' not found
[2026-05-19T06:25:16Z] 5C161JEA304304  re-apply tcp:4566 FAILED
[2026-05-19T06:25:31Z] 5C161JEA304304  missing tcp:8080 — re-applying
adb: device '5C161JEA304304' not found
[2026-05-19T06:25:31Z] 5C161JEA304304  re-apply tcp:8080 FAILED
[2026-05-19T06:25:31Z] 5C161JEA304304  missing tcp:8081 — re-applying
adb: device '5C161JEA304304' not found
[2026-05-19T06:25:31Z] 5C161JEA304304  re-apply tcp:8081 FAILED
[2026-05-19T06:25:31Z] 5C161JEA304304  missing tcp:4566 — re-applying
adb: device '5C161JEA304304' not found
[2026-05-19T06:25:31Z] 5C161JEA304304  re-apply tcp:4566 FAILED
[2026-05-19T06:25:47Z] 5C161JEA304304  missing tcp:8080 — re-applying
adb: device '5C161JEA304304' not found
[2026-05-19T06:25:47Z] 5C161JEA304304  re-apply tcp:8080 FAILED
[2026-05-19T06:25:47Z] 5C161JEA304304  missing tcp:8081 — re-applying
adb: device '5C161JEA304304' not found
[2026-05-19T06:25:47Z] 5C161JEA304304  re-apply tcp:8081 FAILED
[2026-05-19T06:25:47Z] 5C161JEA304304  missing tcp:4566 — re-applying
adb: device '5C161JEA304304' not found
[2026-05-19T06:25:47Z] 5C161JEA304304  re-apply tcp:4566 FAILED
[2026-05-19T06:26:02Z] 5C161JEA304304  missing tcp:8080 — re-applying
adb: device '5C161JEA304304' not found
[2026-05-19T06:26:02Z] 5C161JEA304304  re-apply tcp:8080 FAILED
[2026-05-19T06:26:02Z] 5C161JEA304304  missing tcp:8081 — re-applying
adb: device '5C161JEA304304' not found
[2026-05-19T06:26:02Z] 5C161JEA304304  re-apply tcp:8081 FAILED
[2026-05-19T06:26:02Z] 5C161JEA304304  missing tcp:4566 — re-applying
adb: device '5C161JEA304304' not found
[2026-05-19T06:26:02Z] 5C161JEA304304  re-apply tcp:4566 FAILED
[2026-05-19T06:26:17Z] 5C161JEA304304  missing tcp:8080 — re-applying
adb: device '5C161JEA304304' not found
[2026-05-19T06:26:17Z] 5C161JEA304304  re-apply tcp:8080 FAILED
[2026-05-19T06:26:17Z] 5C161JEA304304  missing tcp:8081 — re-applying
adb: device '5C161JEA304304' not found
[2026-05-19T06:26:17Z] 5C161JEA304304  re-apply tcp:8081 FAILED
[2026-05-19T06:26:17Z] 5C161JEA304304  missing tcp:4566 — re-applying
adb: device '5C161JEA304304' not found
[2026-05-19T06:26:17Z] 5C161JEA304304  re-apply tcp:4566 FAILED
[2026-05-19T06:26:32Z] 5C161JEA304304  missing tcp:8080 — re-applying
adb: device '5C161JEA304304' not found
[2026-05-19T06:26:32Z] 5C161JEA304304  re-apply tcp:8080 FAILED
[2026-05-19T06:26:32Z] 5C161JEA304304  missing tcp:8081 — re-applying
adb: device '5C161JEA304304' not found
[2026-05-19T06:26:32Z] 5C161JEA304304  re-apply tcp:8081 FAILED
[2026-05-19T06:26:32Z] 5C161JEA304304  missing tcp:4566 — re-applying
adb: device '5C161JEA304304' not found
[2026-05-19T06:26:32Z] 5C161JEA304304  re-apply tcp:4566 FAILED
[2026-05-19T06:26:47Z] 5C161JEA304304  missing tcp:8080 — re-applying
adb: device '5C161JEA304304' not found
[2026-05-19T06:26:47Z] 5C161JEA304304  re-apply tcp:8080 FAILED
[2026-05-19T06:26:47Z] 5C161JEA304304  missing tcp:8081 — re-applying
adb: device '5C161JEA304304' not found
[2026-05-19T06:26:47Z] 5C161JEA304304  re-apply tcp:8081 FAILED
[2026-05-19T06:26:47Z] 5C161JEA304304  missing tcp:4566 — re-applying
adb: device '5C161JEA304304' not found
[2026-05-19T06:26:47Z] 5C161JEA304304  re-apply tcp:4566 FAILED
[2026-05-19T06:27:02Z] 5C161JEA304304  missing tcp:8080 — re-applying
adb: device '5C161JEA304304' not found
[2026-05-19T06:27:02Z] 5C161JEA304304  re-apply tcp:8080 FAILED
[2026-05-19T06:27:02Z] 5C161JEA304304  missing tcp:8081 — re-applying
adb: device '5C161JEA304304' not found
[2026-05-19T06:27:02Z] 5C161JEA304304  re-apply tcp:8081 FAILED
[2026-05-19T06:27:02Z] 5C161JEA304304  missing tcp:4566 — re-applying
adb: device '5C161JEA304304' not found
[2026-05-19T06:27:02Z] 5C161JEA304304  re-apply tcp:4566 FAILED
[2026-05-19T06:27:17Z] 5C161JEA304304  missing tcp:8080 — re-applying
adb: device '5C161JEA304304' not found
[2026-05-19T06:27:17Z] 5C161JEA304304  re-apply tcp:8080 FAILED
[2026-05-19T06:27:17Z] 5C161JEA304304  missing tcp:8081 — re-applying
adb: device '5C161JEA304304' not found
[2026-05-19T06:27:17Z] 5C161JEA304304  re-apply tcp:8081 FAILED
[2026-05-19T06:27:17Z] 5C161JEA304304  missing tcp:4566 — re-applying
adb: device '5C161JEA304304' not found
[2026-05-19T06:27:17Z] 5C161JEA304304  re-apply tcp:4566 FAILED
[2026-05-19T06:27:33Z] 5C161JEA304304  missing tcp:8080 — re-applying
adb: device '5C161JEA304304' not found
[2026-05-19T06:27:33Z] 5C161JEA304304  re-apply tcp:8080 FAILED
[2026-05-19T06:27:33Z] 5C161JEA304304  missing tcp:8081 — re-applying
adb: device '5C161JEA304304' not found
[2026-05-19T06:27:33Z] 5C161JEA304304  re-apply tcp:8081 FAILED
[2026-05-19T06:27:33Z] 5C161JEA304304  missing tcp:4566 — re-applying
adb: device '5C161JEA304304' not found
[2026-05-19T06:27:33Z] 5C161JEA304304  re-apply tcp:4566 FAILED
[2026-05-19T06:27:48Z] 5C161JEA304304  missing tcp:8080 — re-applying
adb: device '5C161JEA304304' not found
[2026-05-19T06:27:48Z] 5C161JEA304304  re-apply tcp:8080 FAILED
[2026-05-19T06:27:48Z] 5C161JEA304304  missing tcp:8081 — re-applying
adb: device '5C161JEA304304' not found
[2026-05-19T06:27:48Z] 5C161JEA304304  re-apply tcp:8081 FAILED
[2026-05-19T06:27:48Z] 5C161JEA304304  missing tcp:4566 — re-applying
adb: device '5C161JEA304304' not found
[2026-05-19T06:27:48Z] 5C161JEA304304  re-apply tcp:4566 FAILED
[2026-05-19T06:28:03Z] 5C161JEA304304  missing tcp:8080 — re-applying
adb: device '5C161JEA304304' not found
[2026-05-19T06:28:03Z] 5C161JEA304304  re-apply tcp:8080 FAILED
[2026-05-19T06:28:03Z] 5C161JEA304304  missing tcp:8081 — re-applying
adb: device '5C161JEA304304' not found
[2026-05-19T06:28:03Z] 5C161JEA304304  re-apply tcp:8081 FAILED
[2026-05-19T06:28:03Z] 5C161JEA304304  missing tcp:4566 — re-applying
adb: device '5C161JEA304304' not found
[2026-05-19T06:28:03Z] 5C161JEA304304  re-apply tcp:4566 FAILED
[2026-05-19T06:28:18Z] 5C161JEA304304  missing tcp:8080 — re-applying
adb: device '5C161JEA304304' not found
[2026-05-19T06:28:18Z] 5C161JEA304304  re-apply tcp:8080 FAILED
[2026-05-19T06:28:18Z] 5C161JEA304304  missing tcp:8081 — re-applying
adb: device '5C161JEA304304' not found
[2026-05-19T06:28:18Z] 5C161JEA304304  re-apply tcp:8081 FAILED
[2026-05-19T06:28:18Z] 5C161JEA304304  missing tcp:4566 — re-applying
adb: device '5C161JEA304304' not found
[2026-05-19T06:28:18Z] 5C161JEA304304  re-apply tcp:4566 FAILED
[2026-05-19T06:28:33Z] 5C161JEA304304  missing tcp:8080 — re-applying
adb: device '5C161JEA304304' not found
[2026-05-19T06:28:33Z] 5C161JEA304304  re-apply tcp:8080 FAILED
[2026-05-19T06:28:33Z] 5C161JEA304304  missing tcp:8081 — re-applying
adb: device '5C161JEA304304' not found
[2026-05-19T06:28:33Z] 5C161JEA304304  re-apply tcp:8081 FAILED
[2026-05-19T06:28:33Z] 5C161JEA304304  missing tcp:4566 — re-applying
adb: device '5C161JEA304304' not found
[2026-05-19T06:28:33Z] 5C161JEA304304  re-apply tcp:4566 FAILED
[2026-05-19T06:28:48Z] 5C161JEA304304  missing tcp:8080 — re-applying
adb: device '5C161JEA304304' not found
[2026-05-19T06:28:48Z] 5C161JEA304304  re-apply tcp:8080 FAILED
[2026-05-19T06:28:48Z] 5C161JEA304304  missing tcp:8081 — re-applying
adb: device '5C161JEA304304' not found
[2026-05-19T06:28:48Z] 5C161JEA304304  re-apply tcp:8081 FAILED
[2026-05-19T06:28:48Z] 5C161JEA304304  missing tcp:4566 — re-applying
adb: device '5C161JEA304304' not found
[2026-05-19T06:28:48Z] 5C161JEA304304  re-apply tcp:4566 FAILED
[2026-05-19T06:29:03Z] 5C161JEA304304  missing tcp:8080 — re-applying
adb: device '5C161JEA304304' not found
[2026-05-19T06:29:03Z] 5C161JEA304304  re-apply tcp:8080 FAILED
[2026-05-19T06:29:03Z] 5C161JEA304304  missing tcp:8081 — re-applying
adb: device '5C161JEA304304' not found
[2026-05-19T06:29:03Z] 5C161JEA304304  re-apply tcp:8081 FAILED
[2026-05-19T06:29:03Z] 5C161JEA304304  missing tcp:4566 — re-applying
adb: device '5C161JEA304304' not found
[2026-05-19T06:29:03Z] 5C161JEA304304  re-apply tcp:4566 FAILED
[2026-05-19T06:29:18Z] 5C161JEA304304  missing tcp:8080 — re-applying
adb: device '5C161JEA304304' not found
[2026-05-19T06:29:18Z] 5C161JEA304304  re-apply tcp:8080 FAILED
[2026-05-19T06:29:18Z] 5C161JEA304304  missing tcp:8081 — re-applying
adb: device '5C161JEA304304' not found
[2026-05-19T06:29:18Z] 5C161JEA304304  re-apply tcp:8081 FAILED
[2026-05-19T06:29:19Z] 5C161JEA304304  missing tcp:4566 — re-applying
adb: device '5C161JEA304304' not found
[2026-05-19T06:29:19Z] 5C161JEA304304  re-apply tcp:4566 FAILED
[2026-05-19T06:29:34Z] 5C161JEA304304  missing tcp:8080 — re-applying
adb: device '5C161JEA304304' not found
[2026-05-19T06:29:34Z] 5C161JEA304304  re-apply tcp:8080 FAILED
[2026-05-19T06:29:34Z] 5C161JEA304304  missing tcp:8081 — re-applying
adb: device '5C161JEA304304' not found
[2026-05-19T06:29:34Z] 5C161JEA304304  re-apply tcp:8081 FAILED
[2026-05-19T06:29:34Z] 5C161JEA304304  missing tcp:4566 — re-applying
adb: device '5C161JEA304304' not found
[2026-05-19T06:29:34Z] 5C161JEA304304  re-apply tcp:4566 FAILED
[2026-05-19T06:29:49Z] 5C161JEA304304  missing tcp:8080 — re-applying
adb: device '5C161JEA304304' not found
[2026-05-19T06:29:49Z] 5C161JEA304304  re-apply tcp:8080 FAILED
[2026-05-19T06:29:49Z] 5C161JEA304304  missing tcp:8081 — re-applying
adb: device '5C161JEA304304' not found
[2026-05-19T06:29:49Z] 5C161JEA304304  re-apply tcp:8081 FAILED
[2026-05-19T06:29:49Z] 5C161JEA304304  missing tcp:4566 — re-applying
adb: device '5C161JEA304304' not found
[2026-05-19T06:29:49Z] 5C161JEA304304  re-apply tcp:4566 FAILED
[2026-05-19T06:30:04Z] 5C161JEA304304  missing tcp:8080 — re-applying
adb: device '5C161JEA304304' not found
[2026-05-19T06:30:04Z] 5C161JEA304304  re-apply tcp:8080 FAILED
[2026-05-19T06:30:04Z] 5C161JEA304304  missing tcp:8081 — re-applying
adb: device '5C161JEA304304' not found
[2026-05-19T06:30:04Z] 5C161JEA304304  re-apply tcp:8081 FAILED
[2026-05-19T06:30:04Z] 5C161JEA304304  missing tcp:4566 — re-applying
adb: device '5C161JEA304304' not found
[2026-05-19T06:30:04Z] 5C161JEA304304  re-apply tcp:4566 FAILED
[2026-05-19T06:30:19Z] 5C161JEA304304  missing tcp:8080 — re-applying
adb: device '5C161JEA304304' not found
[2026-05-19T06:30:19Z] 5C161JEA304304  re-apply tcp:8080 FAILED
[2026-05-19T06:30:19Z] 5C161JEA304304  missing tcp:8081 — re-applying
adb: device '5C161JEA304304' not found
[2026-05-19T06:30:19Z] 5C161JEA304304  re-apply tcp:8081 FAILED
[2026-05-19T06:30:19Z] 5C161JEA304304  missing tcp:4566 — re-applying
adb: device '5C161JEA304304' not found
[2026-05-19T06:30:19Z] 5C161JEA304304  re-apply tcp:4566 FAILED
[2026-05-19T06:30:34Z] 5C161JEA304304  missing tcp:8080 — re-applying
adb: device '5C161JEA304304' not found
[2026-05-19T06:30:34Z] 5C161JEA304304  re-apply tcp:8080 FAILED
[2026-05-19T06:30:34Z] 5C161JEA304304  missing tcp:8081 — re-applying
adb: device '5C161JEA304304' not found
[2026-05-19T06:30:34Z] 5C161JEA304304  re-apply tcp:8081 FAILED
[2026-05-19T06:30:34Z] 5C161JEA304304  missing tcp:4566 — re-applying
adb: device '5C161JEA304304' not found
[2026-05-19T06:30:34Z] 5C161JEA304304  re-apply tcp:4566 FAILED
[2026-05-19T06:30:49Z] 5C161JEA304304  missing tcp:8080 — re-applying
adb: device '5C161JEA304304' not found
[2026-05-19T06:30:49Z] 5C161JEA304304  re-apply tcp:8080 FAILED
[2026-05-19T06:30:49Z] 5C161JEA304304  missing tcp:8081 — re-applying
adb: device '5C161JEA304304' not found
[2026-05-19T06:30:49Z] 5C161JEA304304  re-apply tcp:8081 FAILED
[2026-05-19T06:30:49Z] 5C161JEA304304  missing tcp:4566 — re-applying
adb: device '5C161JEA304304' not found
[2026-05-19T06:30:49Z] 5C161JEA304304  re-apply tcp:4566 FAILED
[2026-05-19T06:31:04Z] 5C161JEA304304  missing tcp:8080 — re-applying
adb: device '5C161JEA304304' not found
[2026-05-19T06:31:04Z] 5C161JEA304304  re-apply tcp:8080 FAILED
[2026-05-19T06:31:04Z] 5C161JEA304304  missing tcp:8081 — re-applying
adb: device '5C161JEA304304' not found
[2026-05-19T06:31:04Z] 5C161JEA304304  re-apply tcp:8081 FAILED
[2026-05-19T06:31:04Z] 5C161JEA304304  missing tcp:4566 — re-applying
adb: device '5C161JEA304304' not found
[2026-05-19T06:31:04Z] 5C161JEA304304  re-apply tcp:4566 FAILED
[2026-05-19T06:31:20Z] 5C161JEA304304  missing tcp:8080 — re-applying
adb: device '5C161JEA304304' not found
[2026-05-19T06:31:20Z] 5C161JEA304304  re-apply tcp:8080 FAILED
[2026-05-19T06:31:20Z] 5C161JEA304304  missing tcp:8081 — re-applying
adb: device '5C161JEA304304' not found
[2026-05-19T06:31:20Z] 5C161JEA304304  re-apply tcp:8081 FAILED
[2026-05-19T06:31:20Z] 5C161JEA304304  missing tcp:4566 — re-applying
adb: device '5C161JEA304304' not found
[2026-05-19T06:31:20Z] 5C161JEA304304  re-apply tcp:4566 FAILED
[2026-05-19T06:31:35Z] 5C161JEA304304  missing tcp:8080 — re-applying
adb: device '5C161JEA304304' not found
[2026-05-19T06:31:35Z] 5C161JEA304304  re-apply tcp:8080 FAILED
[2026-05-19T06:31:35Z] 5C161JEA304304  missing tcp:8081 — re-applying
adb: device '5C161JEA304304' not found
[2026-05-19T06:31:35Z] 5C161JEA304304  re-apply tcp:8081 FAILED
[2026-05-19T06:31:35Z] 5C161JEA304304  missing tcp:4566 — re-applying
adb: device '5C161JEA304304' not found
[2026-05-19T06:31:35Z] 5C161JEA304304  re-apply tcp:4566 FAILED
[2026-05-19T06:31:50Z] 5C161JEA304304  missing tcp:8080 — re-applying
adb: device '5C161JEA304304' not found
[2026-05-19T06:31:50Z] 5C161JEA304304  re-apply tcp:8080 FAILED
[2026-05-19T06:31:50Z] 5C161JEA304304  missing tcp:8081 — re-applying
adb: device '5C161JEA304304' not found
[2026-05-19T06:31:50Z] 5C161JEA304304  re-apply tcp:8081 FAILED
[2026-05-19T06:31:50Z] 5C161JEA304304  missing tcp:4566 — re-applying
adb: device '5C161JEA304304' not found
[2026-05-19T06:31:50Z] 5C161JEA304304  re-apply tcp:4566 FAILED
[2026-05-19T06:32:05Z] 5C161JEA304304  missing tcp:8080 — re-applying
adb: device '5C161JEA304304' not found
[2026-05-19T06:32:05Z] 5C161JEA304304  re-apply tcp:8080 FAILED
[2026-05-19T06:32:05Z] 5C161JEA304304  missing tcp:8081 — re-applying
adb: device '5C161JEA304304' not found
[2026-05-19T06:32:05Z] 5C161JEA304304  re-apply tcp:8081 FAILED
[2026-05-19T06:32:05Z] 5C161JEA304304  missing tcp:4566 — re-applying
adb: device '5C161JEA304304' not found
[2026-05-19T06:32:05Z] 5C161JEA304304  re-apply tcp:4566 FAILED
[2026-05-19T06:32:20Z] 5C161JEA304304  missing tcp:8080 — re-applying
adb: device '5C161JEA304304' not found
[2026-05-19T06:32:20Z] 5C161JEA304304  re-apply tcp:8080 FAILED
[2026-05-19T06:32:20Z] 5C161JEA304304  missing tcp:8081 — re-applying
adb: device '5C161JEA304304' not found
[2026-05-19T06:32:20Z] 5C161JEA304304  re-apply tcp:8081 FAILED
[2026-05-19T06:32:20Z] 5C161JEA304304  missing tcp:4566 — re-applying
adb: device '5C161JEA304304' not found
[2026-05-19T06:32:20Z] 5C161JEA304304  re-apply tcp:4566 FAILED
[2026-05-19T06:32:35Z] 5C161JEA304304  missing tcp:8080 — re-applying
adb: device '5C161JEA304304' not found
[2026-05-19T06:32:35Z] 5C161JEA304304  re-apply tcp:8080 FAILED
[2026-05-19T06:32:35Z] 5C161JEA304304  missing tcp:8081 — re-applying
adb: device '5C161JEA304304' not found
[2026-05-19T06:32:35Z] 5C161JEA304304  re-apply tcp:8081 FAILED
[2026-05-19T06:32:35Z] 5C161JEA304304  missing tcp:4566 — re-applying
adb: device '5C161JEA304304' not found
[2026-05-19T06:32:35Z] 5C161JEA304304  re-apply tcp:4566 FAILED
[2026-05-19T06:32:50Z] 5C161JEA304304  missing tcp:8080 — re-applying
adb: device '5C161JEA304304' not found
[2026-05-19T06:32:50Z] 5C161JEA304304  re-apply tcp:8080 FAILED
[2026-05-19T06:32:50Z] 5C161JEA304304  missing tcp:8081 — re-applying
adb: device '5C161JEA304304' not found
[2026-05-19T06:32:50Z] 5C161JEA304304  re-apply tcp:8081 FAILED
[2026-05-19T06:32:50Z] 5C161JEA304304  missing tcp:4566 — re-applying
adb: device '5C161JEA304304' not found
[2026-05-19T06:32:50Z] 5C161JEA304304  re-apply tcp:4566 FAILED
[2026-05-19T06:33:05Z] 5C161JEA304304  missing tcp:8080 — re-applying
adb: device '5C161JEA304304' not found
[2026-05-19T06:33:05Z] 5C161JEA304304  re-apply tcp:8080 FAILED
[2026-05-19T06:33:05Z] 5C161JEA304304  missing tcp:8081 — re-applying
adb: device '5C161JEA304304' not found
[2026-05-19T06:33:05Z] 5C161JEA304304  re-apply tcp:8081 FAILED
[2026-05-19T06:33:05Z] 5C161JEA304304  missing tcp:4566 — re-applying
adb: device '5C161JEA304304' not found
[2026-05-19T06:33:05Z] 5C161JEA304304  re-apply tcp:4566 FAILED
[2026-05-19T06:33:21Z] 5C161JEA304304  missing tcp:8080 — re-applying
adb: device '5C161JEA304304' not found
[2026-05-19T06:33:21Z] 5C161JEA304304  re-apply tcp:8080 FAILED
[2026-05-19T06:33:21Z] 5C161JEA304304  missing tcp:8081 — re-applying
adb: device '5C161JEA304304' not found
[2026-05-19T06:33:21Z] 5C161JEA304304  re-apply tcp:8081 FAILED
[2026-05-19T06:33:21Z] 5C161JEA304304  missing tcp:4566 — re-applying
adb: device '5C161JEA304304' not found
[2026-05-19T06:33:21Z] 5C161JEA304304  re-apply tcp:4566 FAILED
[2026-05-19T06:33:36Z] 5C161JEA304304  missing tcp:8080 — re-applying
adb: device '5C161JEA304304' not found
[2026-05-19T06:33:36Z] 5C161JEA304304  re-apply tcp:8080 FAILED
[2026-05-19T06:33:36Z] 5C161JEA304304  missing tcp:8081 — re-applying
adb: device '5C161JEA304304' not found
[2026-05-19T06:33:36Z] 5C161JEA304304  re-apply tcp:8081 FAILED
[2026-05-19T06:33:36Z] 5C161JEA304304  missing tcp:4566 — re-applying
adb: device '5C161JEA304304' not found
[2026-05-19T06:33:36Z] 5C161JEA304304  re-apply tcp:4566 FAILED
[2026-05-19T06:33:51Z] 5C161JEA304304  missing tcp:8080 — re-applying
adb: device '5C161JEA304304' not found
[2026-05-19T06:33:51Z] 5C161JEA304304  re-apply tcp:8080 FAILED
[2026-05-19T06:33:51Z] 5C161JEA304304  missing tcp:8081 — re-applying
adb: device '5C161JEA304304' not found
[2026-05-19T06:33:51Z] 5C161JEA304304  re-apply tcp:8081 FAILED
[2026-05-19T06:33:51Z] 5C161JEA304304  missing tcp:4566 — re-applying
adb: device '5C161JEA304304' not found
[2026-05-19T06:33:51Z] 5C161JEA304304  re-apply tcp:4566 FAILED
[2026-05-19T06:34:06Z] 5C161JEA304304  missing tcp:8080 — re-applying
adb: device '5C161JEA304304' not found
[2026-05-19T06:34:06Z] 5C161JEA304304  re-apply tcp:8080 FAILED
[2026-05-19T06:34:06Z] 5C161JEA304304  missing tcp:8081 — re-applying
adb: device '5C161JEA304304' not found
[2026-05-19T06:34:06Z] 5C161JEA304304  re-apply tcp:8081 FAILED
[2026-05-19T06:34:06Z] 5C161JEA304304  missing tcp:4566 — re-applying
adb: device '5C161JEA304304' not found
[2026-05-19T06:34:06Z] 5C161JEA304304  re-apply tcp:4566 FAILED
[2026-05-19T06:34:21Z] 5C161JEA304304  missing tcp:8080 — re-applying
adb: device '5C161JEA304304' not found
[2026-05-19T06:34:21Z] 5C161JEA304304  re-apply tcp:8080 FAILED
[2026-05-19T06:34:21Z] 5C161JEA304304  missing tcp:8081 — re-applying
adb: device '5C161JEA304304' not found
[2026-05-19T06:34:21Z] 5C161JEA304304  re-apply tcp:8081 FAILED
[2026-05-19T06:34:21Z] 5C161JEA304304  missing tcp:4566 — re-applying
adb: device '5C161JEA304304' not found
[2026-05-19T06:34:21Z] 5C161JEA304304  re-apply tcp:4566 FAILED
[2026-05-19T06:34:36Z] 5C161JEA304304  missing tcp:8080 — re-applying
adb: device '5C161JEA304304' not found
[2026-05-19T06:34:36Z] 5C161JEA304304  re-apply tcp:8080 FAILED
[2026-05-19T06:34:36Z] 5C161JEA304304  missing tcp:8081 — re-applying
adb: device '5C161JEA304304' not found
[2026-05-19T06:34:36Z] 5C161JEA304304  re-apply tcp:8081 FAILED
[2026-05-19T06:34:36Z] 5C161JEA304304  missing tcp:4566 — re-applying
adb: device '5C161JEA304304' not found
[2026-05-19T06:34:36Z] 5C161JEA304304  re-apply tcp:4566 FAILED
[2026-05-19T06:34:51Z] 5C161JEA304304  missing tcp:8080 — re-applying
adb: device '5C161JEA304304' not found
[2026-05-19T06:34:51Z] 5C161JEA304304  re-apply tcp:8080 FAILED
[2026-05-19T06:34:51Z] 5C161JEA304304  missing tcp:8081 — re-applying
adb: device '5C161JEA304304' not found
[2026-05-19T06:34:51Z] 5C161JEA304304  re-apply tcp:8081 FAILED
[2026-05-19T06:34:51Z] 5C161JEA304304  missing tcp:4566 — re-applying
adb: device '5C161JEA304304' not found
[2026-05-19T06:34:51Z] 5C161JEA304304  re-apply tcp:4566 FAILED
[2026-05-19T06:35:07Z] 5C161JEA304304  missing tcp:8080 — re-applying
adb: device '5C161JEA304304' not found
[2026-05-19T06:35:07Z] 5C161JEA304304  re-apply tcp:8080 FAILED
[2026-05-19T06:35:07Z] 5C161JEA304304  missing tcp:8081 — re-applying
adb: device '5C161JEA304304' not found
[2026-05-19T06:35:07Z] 5C161JEA304304  re-apply tcp:8081 FAILED
[2026-05-19T06:35:07Z] 5C161JEA304304  missing tcp:4566 — re-applying
adb: device '5C161JEA304304' not found
[2026-05-19T06:35:07Z] 5C161JEA304304  re-apply tcp:4566 FAILED
[2026-05-19T06:35:22Z] 5C161JEA304304  missing tcp:8080 — re-applying
adb: device '5C161JEA304304' not found
[2026-05-19T06:35:22Z] 5C161JEA304304  re-apply tcp:8080 FAILED
[2026-05-19T06:35:22Z] 5C161JEA304304  missing tcp:8081 — re-applying
adb: device '5C161JEA304304' not found
[2026-05-19T06:35:22Z] 5C161JEA304304  re-apply tcp:8081 FAILED
[2026-05-19T06:35:22Z] 5C161JEA304304  missing tcp:4566 — re-applying
adb: device '5C161JEA304304' not found
[2026-05-19T06:35:22Z] 5C161JEA304304  re-apply tcp:4566 FAILED
[2026-05-19T06:35:37Z] 5C161JEA304304  missing tcp:8080 — re-applying
adb: device '5C161JEA304304' not found
[2026-05-19T06:35:37Z] 5C161JEA304304  re-apply tcp:8080 FAILED
[2026-05-19T06:35:37Z] 5C161JEA304304  missing tcp:8081 — re-applying
adb: device '5C161JEA304304' not found
[2026-05-19T06:35:37Z] 5C161JEA304304  re-apply tcp:8081 FAILED
[2026-05-19T06:35:37Z] 5C161JEA304304  missing tcp:4566 — re-applying
adb: device '5C161JEA304304' not found
[2026-05-19T06:35:37Z] 5C161JEA304304  re-apply tcp:4566 FAILED
[2026-05-19T06:35:52Z] 5C161JEA304304  missing tcp:8080 — re-applying
adb: device '5C161JEA304304' not found
[2026-05-19T06:35:52Z] 5C161JEA304304  re-apply tcp:8080 FAILED
[2026-05-19T06:35:52Z] 5C161JEA304304  missing tcp:8081 — re-applying
adb: device '5C161JEA304304' not found
[2026-05-19T06:35:52Z] 5C161JEA304304  re-apply tcp:8081 FAILED
[2026-05-19T06:35:52Z] 5C161JEA304304  missing tcp:4566 — re-applying
adb: device '5C161JEA304304' not found
[2026-05-19T06:35:52Z] 5C161JEA304304  re-apply tcp:4566 FAILED
[2026-05-19T06:36:07Z] 5C161JEA304304  missing tcp:8080 — re-applying
adb: device '5C161JEA304304' not found
[2026-05-19T06:36:07Z] 5C161JEA304304  re-apply tcp:8080 FAILED
[2026-05-19T06:36:07Z] 5C161JEA304304  missing tcp:8081 — re-applying
adb: device '5C161JEA304304' not found
[2026-05-19T06:36:07Z] 5C161JEA304304  re-apply tcp:8081 FAILED
[2026-05-19T06:36:07Z] 5C161JEA304304  missing tcp:4566 — re-applying
adb: device '5C161JEA304304' not found
[2026-05-19T06:36:07Z] 5C161JEA304304  re-apply tcp:4566 FAILED
[2026-05-19T06:36:22Z] 5C161JEA304304  missing tcp:8080 — re-applying
adb: device '5C161JEA304304' not found
[2026-05-19T06:36:22Z] 5C161JEA304304  re-apply tcp:8080 FAILED
[2026-05-19T06:36:22Z] 5C161JEA304304  missing tcp:8081 — re-applying
adb: device '5C161JEA304304' not found
[2026-05-19T06:36:22Z] 5C161JEA304304  re-apply tcp:8081 FAILED
[2026-05-19T06:36:22Z] 5C161JEA304304  missing tcp:4566 — re-applying
adb: device '5C161JEA304304' not found
[2026-05-19T06:36:22Z] 5C161JEA304304  re-apply tcp:4566 FAILED
[2026-05-19T06:36:37Z] 5C161JEA304304  missing tcp:8080 — re-applying
adb: device '5C161JEA304304' not found
[2026-05-19T06:36:37Z] 5C161JEA304304  re-apply tcp:8080 FAILED
[2026-05-19T06:36:37Z] 5C161JEA304304  missing tcp:8081 — re-applying
adb: device '5C161JEA304304' not found
[2026-05-19T06:36:37Z] 5C161JEA304304  re-apply tcp:8081 FAILED
[2026-05-19T06:36:37Z] 5C161JEA304304  missing tcp:4566 — re-applying
adb: device '5C161JEA304304' not found
[2026-05-19T06:36:37Z] 5C161JEA304304  re-apply tcp:4566 FAILED
[2026-05-19T06:36:52Z] 5C161JEA304304  missing tcp:8080 — re-applying
adb: device '5C161JEA304304' not found
[2026-05-19T06:36:52Z] 5C161JEA304304  re-apply tcp:8080 FAILED
[2026-05-19T06:36:53Z] 5C161JEA304304  missing tcp:8081 — re-applying
adb: device '5C161JEA304304' not found
[2026-05-19T06:36:53Z] 5C161JEA304304  re-apply tcp:8081 FAILED
[2026-05-19T06:36:53Z] 5C161JEA304304  missing tcp:4566 — re-applying
adb: device '5C161JEA304304' not found
[2026-05-19T06:36:53Z] 5C161JEA304304  re-apply tcp:4566 FAILED
[2026-05-19T06:37:08Z] 5C161JEA304304  missing tcp:8080 — re-applying
adb: device '5C161JEA304304' not found
[2026-05-19T06:37:08Z] 5C161JEA304304  re-apply tcp:8080 FAILED
[2026-05-19T06:37:08Z] 5C161JEA304304  missing tcp:8081 — re-applying
adb: device '5C161JEA304304' not found
[2026-05-19T06:37:08Z] 5C161JEA304304  re-apply tcp:8081 FAILED
[2026-05-19T06:37:08Z] 5C161JEA304304  missing tcp:4566 — re-applying
adb: device '5C161JEA304304' not found
[2026-05-19T06:37:08Z] 5C161JEA304304  re-apply tcp:4566 FAILED
[2026-05-19T06:37:23Z] 5C161JEA304304  missing tcp:8080 — re-applying
adb: device '5C161JEA304304' not found
[2026-05-19T06:37:23Z] 5C161JEA304304  re-apply tcp:8080 FAILED
[2026-05-19T06:37:23Z] 5C161JEA304304  missing tcp:8081 — re-applying
adb: device '5C161JEA304304' not found
[2026-05-19T06:37:23Z] 5C161JEA304304  re-apply tcp:8081 FAILED
[2026-05-19T06:37:23Z] 5C161JEA304304  missing tcp:4566 — re-applying
adb: device '5C161JEA304304' not found
[2026-05-19T06:37:23Z] 5C161JEA304304  re-apply tcp:4566 FAILED
[2026-05-19T06:37:38Z] 5C161JEA304304  missing tcp:8080 — re-applying
adb: device '5C161JEA304304' not found
[2026-05-19T06:37:38Z] 5C161JEA304304  re-apply tcp:8080 FAILED
[2026-05-19T06:37:38Z] 5C161JEA304304  missing tcp:8081 — re-applying
adb: device '5C161JEA304304' not found
[2026-05-19T06:37:38Z] 5C161JEA304304  re-apply tcp:8081 FAILED
[2026-05-19T06:37:38Z] 5C161JEA304304  missing tcp:4566 — re-applying
adb: device '5C161JEA304304' not found
[2026-05-19T06:37:38Z] 5C161JEA304304  re-apply tcp:4566 FAILED
[2026-05-19T06:37:53Z] 5C161JEA304304  missing tcp:8080 — re-applying
adb: device '5C161JEA304304' not found
[2026-05-19T06:37:53Z] 5C161JEA304304  re-apply tcp:8080 FAILED
[2026-05-19T06:37:53Z] 5C161JEA304304  missing tcp:8081 — re-applying
adb: device '5C161JEA304304' not found
[2026-05-19T06:37:53Z] 5C161JEA304304  re-apply tcp:8081 FAILED
[2026-05-19T06:37:53Z] 5C161JEA304304  missing tcp:4566 — re-applying
adb: device '5C161JEA304304' not found
[2026-05-19T06:37:53Z] 5C161JEA304304  re-apply tcp:4566 FAILED
[2026-05-19T06:38:08Z] 5C161JEA304304  missing tcp:8080 — re-applying
adb: device '5C161JEA304304' not found
[2026-05-19T06:38:08Z] 5C161JEA304304  re-apply tcp:8080 FAILED
[2026-05-19T06:38:08Z] 5C161JEA304304  missing tcp:8081 — re-applying
adb: device '5C161JEA304304' not found
[2026-05-19T06:38:08Z] 5C161JEA304304  re-apply tcp:8081 FAILED
[2026-05-19T06:38:08Z] 5C161JEA304304  missing tcp:4566 — re-applying
adb: device '5C161JEA304304' not found
[2026-05-19T06:38:08Z] 5C161JEA304304  re-apply tcp:4566 FAILED
[2026-05-19T06:38:23Z] 5C161JEA304304  missing tcp:8080 — re-applying
adb: device '5C161JEA304304' not found
[2026-05-19T06:38:23Z] 5C161JEA304304  re-apply tcp:8080 FAILED
[2026-05-19T06:38:23Z] 5C161JEA304304  missing tcp:8081 — re-applying
adb: device '5C161JEA304304' not found
[2026-05-19T06:38:23Z] 5C161JEA304304  re-apply tcp:8081 FAILED
[2026-05-19T06:38:23Z] 5C161JEA304304  missing tcp:4566 — re-applying
adb: device '5C161JEA304304' not found
[2026-05-19T06:38:23Z] 5C161JEA304304  re-apply tcp:4566 FAILED
[2026-05-19T06:38:38Z] 5C161JEA304304  missing tcp:8080 — re-applying
adb: device '5C161JEA304304' not found
[2026-05-19T06:38:38Z] 5C161JEA304304  re-apply tcp:8080 FAILED
[2026-05-19T06:38:38Z] 5C161JEA304304  missing tcp:8081 — re-applying
adb: device '5C161JEA304304' not found
[2026-05-19T06:38:38Z] 5C161JEA304304  re-apply tcp:8081 FAILED
[2026-05-19T06:38:38Z] 5C161JEA304304  missing tcp:4566 — re-applying
adb: device '5C161JEA304304' not found
[2026-05-19T06:38:38Z] 5C161JEA304304  re-apply tcp:4566 FAILED
[2026-05-19T06:38:54Z] 5C161JEA304304  missing tcp:8080 — re-applying
adb: device '5C161JEA304304' not found
[2026-05-19T06:38:54Z] 5C161JEA304304  re-apply tcp:8080 FAILED
[2026-05-19T06:38:54Z] 5C161JEA304304  missing tcp:8081 — re-applying
adb: device '5C161JEA304304' not found
[2026-05-19T06:38:54Z] 5C161JEA304304  re-apply tcp:8081 FAILED
[2026-05-19T06:38:54Z] 5C161JEA304304  missing tcp:4566 — re-applying
adb: device '5C161JEA304304' not found
[2026-05-19T06:38:54Z] 5C161JEA304304  re-apply tcp:4566 FAILED
[2026-05-19T06:39:09Z] 5C161JEA304304  missing tcp:8080 — re-applying
adb: device '5C161JEA304304' not found
[2026-05-19T06:39:09Z] 5C161JEA304304  re-apply tcp:8080 FAILED
[2026-05-19T06:39:09Z] 5C161JEA304304  missing tcp:8081 — re-applying
adb: device '5C161JEA304304' not found
[2026-05-19T06:39:09Z] 5C161JEA304304  re-apply tcp:8081 FAILED
[2026-05-19T06:39:09Z] 5C161JEA304304  missing tcp:4566 — re-applying
adb: device '5C161JEA304304' not found
[2026-05-19T06:39:09Z] 5C161JEA304304  re-apply tcp:4566 FAILED
[2026-05-19T06:39:24Z] 5C161JEA304304  missing tcp:8080 — re-applying
adb: device '5C161JEA304304' not found
[2026-05-19T06:39:24Z] 5C161JEA304304  re-apply tcp:8080 FAILED
[2026-05-19T06:39:24Z] 5C161JEA304304  missing tcp:8081 — re-applying
adb: device '5C161JEA304304' not found
[2026-05-19T06:39:24Z] 5C161JEA304304  re-apply tcp:8081 FAILED
[2026-05-19T06:39:24Z] 5C161JEA304304  missing tcp:4566 — re-applying
adb: device '5C161JEA304304' not found
[2026-05-19T06:39:24Z] 5C161JEA304304  re-apply tcp:4566 FAILED
[2026-05-19T06:39:39Z] 5C161JEA304304  missing tcp:8080 — re-applying
adb: device '5C161JEA304304' not found
[2026-05-19T06:39:39Z] 5C161JEA304304  re-apply tcp:8080 FAILED
[2026-05-19T06:39:39Z] 5C161JEA304304  missing tcp:8081 — re-applying
adb: device '5C161JEA304304' not found
[2026-05-19T06:39:39Z] 5C161JEA304304  re-apply tcp:8081 FAILED
[2026-05-19T06:39:39Z] 5C161JEA304304  missing tcp:4566 — re-applying
adb: device '5C161JEA304304' not found
[2026-05-19T06:39:39Z] 5C161JEA304304  re-apply tcp:4566 FAILED
[2026-05-19T06:39:54Z] 5C161JEA304304  missing tcp:8080 — re-applying
adb: device '5C161JEA304304' not found
[2026-05-19T06:39:54Z] 5C161JEA304304  re-apply tcp:8080 FAILED
[2026-05-19T06:39:54Z] 5C161JEA304304  missing tcp:8081 — re-applying
adb: device '5C161JEA304304' not found
[2026-05-19T06:39:54Z] 5C161JEA304304  re-apply tcp:8081 FAILED
[2026-05-19T06:39:54Z] 5C161JEA304304  missing tcp:4566 — re-applying
adb: device '5C161JEA304304' not found
[2026-05-19T06:39:54Z] 5C161JEA304304  re-apply tcp:4566 FAILED
[2026-05-19T06:40:09Z] 5C161JEA304304  missing tcp:8080 — re-applying
adb: device '5C161JEA304304' not found
[2026-05-19T06:40:09Z] 5C161JEA304304  re-apply tcp:8080 FAILED
[2026-05-19T06:40:09Z] 5C161JEA304304  missing tcp:8081 — re-applying
adb: device '5C161JEA304304' not found
[2026-05-19T06:40:09Z] 5C161JEA304304  re-apply tcp:8081 FAILED
[2026-05-19T06:40:09Z] 5C161JEA304304  missing tcp:4566 — re-applying
adb: device '5C161JEA304304' not found
[2026-05-19T06:40:09Z] 5C161JEA304304  re-apply tcp:4566 FAILED
[2026-05-19T06:40:24Z] 5C161JEA304304  missing tcp:8080 — re-applying
adb: device '5C161JEA304304' not found
[2026-05-19T06:40:24Z] 5C161JEA304304  re-apply tcp:8080 FAILED
[2026-05-19T06:40:24Z] 5C161JEA304304  missing tcp:8081 — re-applying
adb: device '5C161JEA304304' not found
[2026-05-19T06:40:24Z] 5C161JEA304304  re-apply tcp:8081 FAILED
[2026-05-19T06:40:24Z] 5C161JEA304304  missing tcp:4566 — re-applying
adb: device '5C161JEA304304' not found
[2026-05-19T06:40:24Z] 5C161JEA304304  re-apply tcp:4566 FAILED
[2026-05-19T06:40:39Z] 5C161JEA304304  missing tcp:8080 — re-applying
adb: device '5C161JEA304304' not found
[2026-05-19T06:40:39Z] 5C161JEA304304  re-apply tcp:8080 FAILED
[2026-05-19T06:40:39Z] 5C161JEA304304  missing tcp:8081 — re-applying
adb: device '5C161JEA304304' not found
[2026-05-19T06:40:39Z] 5C161JEA304304  re-apply tcp:8081 FAILED
[2026-05-19T06:40:40Z] 5C161JEA304304  missing tcp:4566 — re-applying
adb: device '5C161JEA304304' not found
[2026-05-19T06:40:40Z] 5C161JEA304304  re-apply tcp:4566 FAILED
[2026-05-19T06:40:55Z] 5C161JEA304304  missing tcp:8080 — re-applying
adb: device '5C161JEA304304' not found
[2026-05-19T06:40:55Z] 5C161JEA304304  re-apply tcp:8080 FAILED
[2026-05-19T06:40:55Z] 5C161JEA304304  missing tcp:8081 — re-applying
adb: device '5C161JEA304304' not found
[2026-05-19T06:40:55Z] 5C161JEA304304  re-apply tcp:8081 FAILED
[2026-05-19T06:40:55Z] 5C161JEA304304  missing tcp:4566 — re-applying
adb: device '5C161JEA304304' not found
[2026-05-19T06:40:55Z] 5C161JEA304304  re-apply tcp:4566 FAILED
[2026-05-19T06:41:10Z] 5C161JEA304304  missing tcp:8080 — re-applying
adb: device '5C161JEA304304' not found
[2026-05-19T06:41:10Z] 5C161JEA304304  re-apply tcp:8080 FAILED
[2026-05-19T06:41:10Z] 5C161JEA304304  missing tcp:8081 — re-applying
adb: device '5C161JEA304304' not found
[2026-05-19T06:41:10Z] 5C161JEA304304  re-apply tcp:8081 FAILED
[2026-05-19T06:41:10Z] 5C161JEA304304  missing tcp:4566 — re-applying
adb: device '5C161JEA304304' not found
[2026-05-19T06:41:10Z] 5C161JEA304304  re-apply tcp:4566 FAILED
[2026-05-19T06:41:25Z] 5C161JEA304304  missing tcp:8080 — re-applying
adb: device '5C161JEA304304' not found
[2026-05-19T06:41:25Z] 5C161JEA304304  re-apply tcp:8080 FAILED
[2026-05-19T06:41:25Z] 5C161JEA304304  missing tcp:8081 — re-applying
adb: device '5C161JEA304304' not found
[2026-05-19T06:41:25Z] 5C161JEA304304  re-apply tcp:8081 FAILED
[2026-05-19T06:41:25Z] 5C161JEA304304  missing tcp:4566 — re-applying
adb: device '5C161JEA304304' not found
[2026-05-19T06:41:25Z] 5C161JEA304304  re-apply tcp:4566 FAILED
[2026-05-19T06:41:40Z] 5C161JEA304304  missing tcp:8080 — re-applying
adb: device '5C161JEA304304' not found
[2026-05-19T06:41:40Z] 5C161JEA304304  re-apply tcp:8080 FAILED
[2026-05-19T06:41:40Z] 5C161JEA304304  missing tcp:8081 — re-applying
adb: device '5C161JEA304304' not found
[2026-05-19T06:41:40Z] 5C161JEA304304  re-apply tcp:8081 FAILED
[2026-05-19T06:41:40Z] 5C161JEA304304  missing tcp:4566 — re-applying
adb: device '5C161JEA304304' not found
[2026-05-19T06:41:40Z] 5C161JEA304304  re-apply tcp:4566 FAILED
[2026-05-19T06:41:55Z] 5C161JEA304304  missing tcp:8080 — re-applying
adb: device '5C161JEA304304' not found
[2026-05-19T06:41:55Z] 5C161JEA304304  re-apply tcp:8080 FAILED
[2026-05-19T06:41:55Z] 5C161JEA304304  missing tcp:8081 — re-applying
adb: device '5C161JEA304304' not found
[2026-05-19T06:41:55Z] 5C161JEA304304  re-apply tcp:8081 FAILED
[2026-05-19T06:41:55Z] 5C161JEA304304  missing tcp:4566 — re-applying
adb: device '5C161JEA304304' not found
[2026-05-19T06:41:55Z] 5C161JEA304304  re-apply tcp:4566 FAILED
[2026-05-19T06:42:10Z] 5C161JEA304304  missing tcp:8080 — re-applying
adb: device '5C161JEA304304' not found
[2026-05-19T06:42:10Z] 5C161JEA304304  re-apply tcp:8080 FAILED
[2026-05-19T06:42:10Z] 5C161JEA304304  missing tcp:8081 — re-applying
adb: device '5C161JEA304304' not found
[2026-05-19T06:42:10Z] 5C161JEA304304  re-apply tcp:8081 FAILED
[2026-05-19T06:42:10Z] 5C161JEA304304  missing tcp:4566 — re-applying
adb: device '5C161JEA304304' not found
[2026-05-19T06:42:10Z] 5C161JEA304304  re-apply tcp:4566 FAILED
[2026-05-19T06:42:25Z] 5C161JEA304304  missing tcp:8080 — re-applying
adb: device '5C161JEA304304' not found
[2026-05-19T06:42:25Z] 5C161JEA304304  re-apply tcp:8080 FAILED
[2026-05-19T06:42:25Z] 5C161JEA304304  missing tcp:8081 — re-applying
adb: device '5C161JEA304304' not found
[2026-05-19T06:42:25Z] 5C161JEA304304  re-apply tcp:8081 FAILED
[2026-05-19T06:42:25Z] 5C161JEA304304  missing tcp:4566 — re-applying
adb: device '5C161JEA304304' not found
[2026-05-19T06:42:25Z] 5C161JEA304304  re-apply tcp:4566 FAILED
[2026-05-19T06:42:41Z] 5C161JEA304304  missing tcp:8080 — re-applying
adb: device '5C161JEA304304' not found
[2026-05-19T06:42:41Z] 5C161JEA304304  re-apply tcp:8080 FAILED
[2026-05-19T06:42:41Z] 5C161JEA304304  missing tcp:8081 — re-applying
adb: device '5C161JEA304304' not found
[2026-05-19T06:42:41Z] 5C161JEA304304  re-apply tcp:8081 FAILED
[2026-05-19T06:42:41Z] 5C161JEA304304  missing tcp:4566 — re-applying
adb: device '5C161JEA304304' not found
[2026-05-19T06:42:41Z] 5C161JEA304304  re-apply tcp:4566 FAILED
[2026-05-19T06:42:56Z] 5C161JEA304304  missing tcp:8080 — re-applying
adb: device '5C161JEA304304' not found
[2026-05-19T06:42:56Z] 5C161JEA304304  re-apply tcp:8080 FAILED
[2026-05-19T06:42:56Z] 5C161JEA304304  missing tcp:8081 — re-applying
adb: device '5C161JEA304304' not found
[2026-05-19T06:42:56Z] 5C161JEA304304  re-apply tcp:8081 FAILED
[2026-05-19T06:42:56Z] 5C161JEA304304  missing tcp:4566 — re-applying
adb: device '5C161JEA304304' not found
[2026-05-19T06:42:56Z] 5C161JEA304304  re-apply tcp:4566 FAILED
[2026-05-19T06:43:11Z] 5C161JEA304304  missing tcp:8080 — re-applying
adb: device '5C161JEA304304' not found
[2026-05-19T06:43:11Z] 5C161JEA304304  re-apply tcp:8080 FAILED
[2026-05-19T06:43:11Z] 5C161JEA304304  missing tcp:8081 — re-applying
adb: device '5C161JEA304304' not found
[2026-05-19T06:43:11Z] 5C161JEA304304  re-apply tcp:8081 FAILED
[2026-05-19T06:43:11Z] 5C161JEA304304  missing tcp:4566 — re-applying
adb: device '5C161JEA304304' not found
[2026-05-19T06:43:11Z] 5C161JEA304304  re-apply tcp:4566 FAILED
[2026-05-19T06:43:26Z] 5C161JEA304304  missing tcp:8080 — re-applying
adb: device '5C161JEA304304' not found
[2026-05-19T06:43:26Z] 5C161JEA304304  re-apply tcp:8080 FAILED
[2026-05-19T06:43:26Z] 5C161JEA304304  missing tcp:8081 — re-applying
adb: device '5C161JEA304304' not found
[2026-05-19T06:43:26Z] 5C161JEA304304  re-apply tcp:8081 FAILED
[2026-05-19T06:43:26Z] 5C161JEA304304  missing tcp:4566 — re-applying
adb: device '5C161JEA304304' not found
[2026-05-19T06:43:26Z] 5C161JEA304304  re-apply tcp:4566 FAILED
[2026-05-19T06:43:41Z] 5C161JEA304304  missing tcp:8080 — re-applying
adb: device '5C161JEA304304' not found
[2026-05-19T06:43:41Z] 5C161JEA304304  re-apply tcp:8080 FAILED
[2026-05-19T06:43:41Z] 5C161JEA304304  missing tcp:8081 — re-applying
adb: device '5C161JEA304304' not found
[2026-05-19T06:43:41Z] 5C161JEA304304  re-apply tcp:8081 FAILED
[2026-05-19T06:43:41Z] 5C161JEA304304  missing tcp:4566 — re-applying
adb: device '5C161JEA304304' not found
[2026-05-19T06:43:41Z] 5C161JEA304304  re-apply tcp:4566 FAILED
[2026-05-19T06:43:56Z] 5C161JEA304304  missing tcp:8080 — re-applying
adb: device '5C161JEA304304' not found
[2026-05-19T06:43:56Z] 5C161JEA304304  re-apply tcp:8080 FAILED
[2026-05-19T06:43:56Z] 5C161JEA304304  missing tcp:8081 — re-applying
adb: device '5C161JEA304304' not found
[2026-05-19T06:43:56Z] 5C161JEA304304  re-apply tcp:8081 FAILED
[2026-05-19T06:43:56Z] 5C161JEA304304  missing tcp:4566 — re-applying
adb: device '5C161JEA304304' not found
[2026-05-19T06:43:56Z] 5C161JEA304304  re-apply tcp:4566 FAILED
[2026-05-19T06:44:11Z] 5C161JEA304304  missing tcp:8080 — re-applying
adb: device '5C161JEA304304' not found
[2026-05-19T06:44:11Z] 5C161JEA304304  re-apply tcp:8080 FAILED
[2026-05-19T06:44:11Z] 5C161JEA304304  missing tcp:8081 — re-applying
adb: device '5C161JEA304304' not found
[2026-05-19T06:44:11Z] 5C161JEA304304  re-apply tcp:8081 FAILED
[2026-05-19T06:44:11Z] 5C161JEA304304  missing tcp:4566 — re-applying
adb: device '5C161JEA304304' not found
[2026-05-19T06:44:11Z] 5C161JEA304304  re-apply tcp:4566 FAILED
[2026-05-19T06:44:26Z] 5C161JEA304304  missing tcp:8080 — re-applying
adb: device '5C161JEA304304' not found
[2026-05-19T06:44:26Z] 5C161JEA304304  re-apply tcp:8080 FAILED
[2026-05-19T06:44:27Z] 5C161JEA304304  missing tcp:8081 — re-applying
adb: device '5C161JEA304304' not found
[2026-05-19T06:44:27Z] 5C161JEA304304  re-apply tcp:8081 FAILED
[2026-05-19T06:44:27Z] 5C161JEA304304  missing tcp:4566 — re-applying
adb: device '5C161JEA304304' not found
[2026-05-19T06:44:27Z] 5C161JEA304304  re-apply tcp:4566 FAILED
[2026-05-19T06:44:42Z] 5C161JEA304304  missing tcp:8080 — re-applying
adb: device '5C161JEA304304' not found
[2026-05-19T06:44:42Z] 5C161JEA304304  re-apply tcp:8080 FAILED
[2026-05-19T06:44:42Z] 5C161JEA304304  missing tcp:8081 — re-applying
adb: device '5C161JEA304304' not found
[2026-05-19T06:44:42Z] 5C161JEA304304  re-apply tcp:8081 FAILED
[2026-05-19T06:44:42Z] 5C161JEA304304  missing tcp:4566 — re-applying
adb: device '5C161JEA304304' not found
[2026-05-19T06:44:42Z] 5C161JEA304304  re-apply tcp:4566 FAILED
[2026-05-19T06:44:57Z] 5C161JEA304304  missing tcp:8080 — re-applying
adb: device '5C161JEA304304' not found
[2026-05-19T06:44:57Z] 5C161JEA304304  re-apply tcp:8080 FAILED
[2026-05-19T06:44:57Z] 5C161JEA304304  missing tcp:8081 — re-applying
adb: device '5C161JEA304304' not found
[2026-05-19T06:44:57Z] 5C161JEA304304  re-apply tcp:8081 FAILED
[2026-05-19T06:44:57Z] 5C161JEA304304  missing tcp:4566 — re-applying
adb: device '5C161JEA304304' not found
[2026-05-19T06:44:57Z] 5C161JEA304304  re-apply tcp:4566 FAILED
[2026-05-19T06:45:12Z] 5C161JEA304304  missing tcp:8080 — re-applying
adb: device '5C161JEA304304' not found
[2026-05-19T06:45:12Z] 5C161JEA304304  re-apply tcp:8080 FAILED
[2026-05-19T06:45:12Z] 5C161JEA304304  missing tcp:8081 — re-applying
adb: device '5C161JEA304304' not found
[2026-05-19T06:45:12Z] 5C161JEA304304  re-apply tcp:8081 FAILED
[2026-05-19T06:45:12Z] 5C161JEA304304  missing tcp:4566 — re-applying
adb: device '5C161JEA304304' not found
[2026-05-19T06:45:12Z] 5C161JEA304304  re-apply tcp:4566 FAILED
[2026-05-19T06:45:27Z] 5C161JEA304304  missing tcp:8080 — re-applying
adb: device '5C161JEA304304' not found
[2026-05-19T06:45:27Z] 5C161JEA304304  re-apply tcp:8080 FAILED
[2026-05-19T06:45:27Z] 5C161JEA304304  missing tcp:8081 — re-applying
adb: device '5C161JEA304304' not found
[2026-05-19T06:45:27Z] 5C161JEA304304  re-apply tcp:8081 FAILED
[2026-05-19T06:45:27Z] 5C161JEA304304  missing tcp:4566 — re-applying
adb: device '5C161JEA304304' not found
[2026-05-19T06:45:27Z] 5C161JEA304304  re-apply tcp:4566 FAILED
[2026-05-19T06:45:42Z] 5C161JEA304304  missing tcp:8080 — re-applying
adb: device '5C161JEA304304' not found
[2026-05-19T06:45:42Z] 5C161JEA304304  re-apply tcp:8080 FAILED
[2026-05-19T06:45:42Z] 5C161JEA304304  missing tcp:8081 — re-applying
adb: device '5C161JEA304304' not found
[2026-05-19T06:45:42Z] 5C161JEA304304  re-apply tcp:8081 FAILED
[2026-05-19T06:45:42Z] 5C161JEA304304  missing tcp:4566 — re-applying
adb: device '5C161JEA304304' not found
[2026-05-19T06:45:42Z] 5C161JEA304304  re-apply tcp:4566 FAILED
[2026-05-19T06:45:57Z] 5C161JEA304304  missing tcp:8080 — re-applying
adb: device '5C161JEA304304' not found
[2026-05-19T06:45:57Z] 5C161JEA304304  re-apply tcp:8080 FAILED
[2026-05-19T06:45:57Z] 5C161JEA304304  missing tcp:8081 — re-applying
adb: device '5C161JEA304304' not found
[2026-05-19T06:45:57Z] 5C161JEA304304  re-apply tcp:8081 FAILED
[2026-05-19T06:45:57Z] 5C161JEA304304  missing tcp:4566 — re-applying
adb: device '5C161JEA304304' not found
[2026-05-19T06:45:57Z] 5C161JEA304304  re-apply tcp:4566 FAILED
[2026-05-19T06:46:12Z] 5C161JEA304304  missing tcp:8080 — re-applying
adb: device '5C161JEA304304' not found
[2026-05-19T06:46:12Z] 5C161JEA304304  re-apply tcp:8080 FAILED
[2026-05-19T06:46:12Z] 5C161JEA304304  missing tcp:8081 — re-applying
adb: device '5C161JEA304304' not found
[2026-05-19T06:46:12Z] 5C161JEA304304  re-apply tcp:8081 FAILED
[2026-05-19T06:46:12Z] 5C161JEA304304  missing tcp:4566 — re-applying
adb: device '5C161JEA304304' not found
[2026-05-19T06:46:12Z] 5C161JEA304304  re-apply tcp:4566 FAILED
[2026-05-19T06:46:28Z] 5C161JEA304304  missing tcp:8080 — re-applying
adb: device '5C161JEA304304' not found
[2026-05-19T06:46:28Z] 5C161JEA304304  re-apply tcp:8080 FAILED
[2026-05-19T06:46:28Z] 5C161JEA304304  missing tcp:8081 — re-applying
adb: device '5C161JEA304304' not found
[2026-05-19T06:46:28Z] 5C161JEA304304  re-apply tcp:8081 FAILED
[2026-05-19T06:46:28Z] 5C161JEA304304  missing tcp:4566 — re-applying
adb: device '5C161JEA304304' not found
[2026-05-19T06:46:28Z] 5C161JEA304304  re-apply tcp:4566 FAILED
[2026-05-19T06:46:43Z] 5C161JEA304304  missing tcp:8080 — re-applying
adb: device '5C161JEA304304' not found
[2026-05-19T06:46:43Z] 5C161JEA304304  re-apply tcp:8080 FAILED
[2026-05-19T06:46:43Z] 5C161JEA304304  missing tcp:8081 — re-applying
adb: device '5C161JEA304304' not found
[2026-05-19T06:46:43Z] 5C161JEA304304  re-apply tcp:8081 FAILED
[2026-05-19T06:46:43Z] 5C161JEA304304  missing tcp:4566 — re-applying
adb: device '5C161JEA304304' not found
[2026-05-19T06:46:43Z] 5C161JEA304304  re-apply tcp:4566 FAILED
[2026-05-19T06:46:58Z] 5C161JEA304304  missing tcp:8080 — re-applying
adb: device '5C161JEA304304' not found
[2026-05-19T06:46:58Z] 5C161JEA304304  re-apply tcp:8080 FAILED
[2026-05-19T06:46:58Z] 5C161JEA304304  missing tcp:8081 — re-applying
adb: device '5C161JEA304304' not found
[2026-05-19T06:46:58Z] 5C161JEA304304  re-apply tcp:8081 FAILED
[2026-05-19T06:46:58Z] 5C161JEA304304  missing tcp:4566 — re-applying
adb: device '5C161JEA304304' not found
[2026-05-19T06:46:58Z] 5C161JEA304304  re-apply tcp:4566 FAILED
[2026-05-19T06:47:13Z] 5C161JEA304304  missing tcp:8080 — re-applying
adb: device '5C161JEA304304' not found
[2026-05-19T06:47:13Z] 5C161JEA304304  re-apply tcp:8080 FAILED
[2026-05-19T06:47:13Z] 5C161JEA304304  missing tcp:8081 — re-applying
adb: device '5C161JEA304304' not found
[2026-05-19T06:47:13Z] 5C161JEA304304  re-apply tcp:8081 FAILED
[2026-05-19T06:47:13Z] 5C161JEA304304  missing tcp:4566 — re-applying
adb: device '5C161JEA304304' not found
[2026-05-19T06:47:13Z] 5C161JEA304304  re-apply tcp:4566 FAILED
[2026-05-19T06:47:28Z] 5C161JEA304304  missing tcp:8080 — re-applying
adb: device '5C161JEA304304' not found
[2026-05-19T06:47:28Z] 5C161JEA304304  re-apply tcp:8080 FAILED
[2026-05-19T06:47:28Z] 5C161JEA304304  missing tcp:8081 — re-applying
adb: device '5C161JEA304304' not found
[2026-05-19T06:47:28Z] 5C161JEA304304  re-apply tcp:8081 FAILED
[2026-05-19T06:47:28Z] 5C161JEA304304  missing tcp:4566 — re-applying
adb: device '5C161JEA304304' not found
[2026-05-19T06:47:28Z] 5C161JEA304304  re-apply tcp:4566 FAILED
[2026-05-19T06:47:43Z] 5C161JEA304304  missing tcp:8080 — re-applying
adb: device '5C161JEA304304' not found
[2026-05-19T06:47:43Z] 5C161JEA304304  re-apply tcp:8080 FAILED
[2026-05-19T06:47:43Z] 5C161JEA304304  missing tcp:8081 — re-applying
adb: device '5C161JEA304304' not found
[2026-05-19T06:47:43Z] 5C161JEA304304  re-apply tcp:8081 FAILED
[2026-05-19T06:47:43Z] 5C161JEA304304  missing tcp:4566 — re-applying
adb: device '5C161JEA304304' not found
[2026-05-19T06:47:43Z] 5C161JEA304304  re-apply tcp:4566 FAILED
[2026-05-19T06:47:58Z] 5C161JEA304304  missing tcp:8080 — re-applying
adb: device '5C161JEA304304' not found
[2026-05-19T06:47:58Z] 5C161JEA304304  re-apply tcp:8080 FAILED
[2026-05-19T06:47:58Z] 5C161JEA304304  missing tcp:8081 — re-applying
adb: device '5C161JEA304304' not found
[2026-05-19T06:47:58Z] 5C161JEA304304  re-apply tcp:8081 FAILED
[2026-05-19T06:47:58Z] 5C161JEA304304  missing tcp:4566 — re-applying
adb: device '5C161JEA304304' not found
[2026-05-19T06:47:58Z] 5C161JEA304304  re-apply tcp:4566 FAILED
[2026-05-19T06:48:13Z] 5C161JEA304304  missing tcp:8080 — re-applying
adb: device '5C161JEA304304' not found
[2026-05-19T06:48:13Z] 5C161JEA304304  re-apply tcp:8080 FAILED
[2026-05-19T06:48:14Z] 5C161JEA304304  missing tcp:8081 — re-applying
adb: device '5C161JEA304304' not found
[2026-05-19T06:48:14Z] 5C161JEA304304  re-apply tcp:8081 FAILED
[2026-05-19T06:48:14Z] 5C161JEA304304  missing tcp:4566 — re-applying
adb: device '5C161JEA304304' not found
[2026-05-19T06:48:14Z] 5C161JEA304304  re-apply tcp:4566 FAILED
[2026-05-19T06:48:29Z] 5C161JEA304304  missing tcp:8080 — re-applying
adb: device '5C161JEA304304' not found
[2026-05-19T06:48:29Z] 5C161JEA304304  re-apply tcp:8080 FAILED
[2026-05-19T06:48:29Z] 5C161JEA304304  missing tcp:8081 — re-applying
adb: device '5C161JEA304304' not found
[2026-05-19T06:48:29Z] 5C161JEA304304  re-apply tcp:8081 FAILED
[2026-05-19T06:48:29Z] 5C161JEA304304  missing tcp:4566 — re-applying
adb: device '5C161JEA304304' not found
[2026-05-19T06:48:29Z] 5C161JEA304304  re-apply tcp:4566 FAILED
[2026-05-19T06:48:44Z] 5C161JEA304304  missing tcp:8080 — re-applying
adb: device '5C161JEA304304' not found
[2026-05-19T06:48:44Z] 5C161JEA304304  re-apply tcp:8080 FAILED
[2026-05-19T06:48:44Z] 5C161JEA304304  missing tcp:8081 — re-applying
adb: device '5C161JEA304304' not found
[2026-05-19T06:48:44Z] 5C161JEA304304  re-apply tcp:8081 FAILED
[2026-05-19T06:48:44Z] 5C161JEA304304  missing tcp:4566 — re-applying
adb: device '5C161JEA304304' not found
[2026-05-19T06:48:44Z] 5C161JEA304304  re-apply tcp:4566 FAILED
[2026-05-19T06:48:59Z] 5C161JEA304304  missing tcp:8080 — re-applying
adb: device '5C161JEA304304' not found
[2026-05-19T06:48:59Z] 5C161JEA304304  re-apply tcp:8080 FAILED
[2026-05-19T06:48:59Z] 5C161JEA304304  missing tcp:8081 — re-applying
adb: device '5C161JEA304304' not found
[2026-05-19T06:48:59Z] 5C161JEA304304  re-apply tcp:8081 FAILED
[2026-05-19T06:48:59Z] 5C161JEA304304  missing tcp:4566 — re-applying
adb: device '5C161JEA304304' not found
[2026-05-19T06:48:59Z] 5C161JEA304304  re-apply tcp:4566 FAILED
[2026-05-19T06:49:14Z] 5C161JEA304304  missing tcp:8080 — re-applying
adb: device '5C161JEA304304' not found
[2026-05-19T06:49:14Z] 5C161JEA304304  re-apply tcp:8080 FAILED
[2026-05-19T06:49:14Z] 5C161JEA304304  missing tcp:8081 — re-applying
adb: device '5C161JEA304304' not found
[2026-05-19T06:49:14Z] 5C161JEA304304  re-apply tcp:8081 FAILED
[2026-05-19T06:49:14Z] 5C161JEA304304  missing tcp:4566 — re-applying
adb: device '5C161JEA304304' not found
[2026-05-19T06:49:14Z] 5C161JEA304304  re-apply tcp:4566 FAILED
[2026-05-19T06:49:29Z] 5C161JEA304304  missing tcp:8080 — re-applying
adb: device '5C161JEA304304' not found
[2026-05-19T06:49:29Z] 5C161JEA304304  re-apply tcp:8080 FAILED
[2026-05-19T06:49:29Z] 5C161JEA304304  missing tcp:8081 — re-applying
adb: device '5C161JEA304304' not found
[2026-05-19T06:49:29Z] 5C161JEA304304  re-apply tcp:8081 FAILED
[2026-05-19T06:49:29Z] 5C161JEA304304  missing tcp:4566 — re-applying
adb: device '5C161JEA304304' not found
[2026-05-19T06:49:29Z] 5C161JEA304304  re-apply tcp:4566 FAILED
[2026-05-19T06:49:44Z] 5C161JEA304304  missing tcp:8080 — re-applying
adb: device '5C161JEA304304' not found
[2026-05-19T06:49:44Z] 5C161JEA304304  re-apply tcp:8080 FAILED
[2026-05-19T06:49:44Z] 5C161JEA304304  missing tcp:8081 — re-applying
adb: device '5C161JEA304304' not found
[2026-05-19T06:49:44Z] 5C161JEA304304  re-apply tcp:8081 FAILED
[2026-05-19T06:49:44Z] 5C161JEA304304  missing tcp:4566 — re-applying
adb: device '5C161JEA304304' not found
[2026-05-19T06:49:44Z] 5C161JEA304304  re-apply tcp:4566 FAILED
[2026-05-19T06:50:00Z] 5C161JEA304304  missing tcp:8080 — re-applying
adb: device '5C161JEA304304' not found
[2026-05-19T06:50:00Z] 5C161JEA304304  re-apply tcp:8080 FAILED
[2026-05-19T06:50:00Z] 5C161JEA304304  missing tcp:8081 — re-applying
adb: device '5C161JEA304304' not found
[2026-05-19T06:50:00Z] 5C161JEA304304  re-apply tcp:8081 FAILED
[2026-05-19T06:50:00Z] 5C161JEA304304  missing tcp:4566 — re-applying
adb: device '5C161JEA304304' not found
[2026-05-19T06:50:00Z] 5C161JEA304304  re-apply tcp:4566 FAILED
[2026-05-19T06:50:15Z] 5C161JEA304304  missing tcp:8080 — re-applying
adb: device '5C161JEA304304' not found
[2026-05-19T06:50:15Z] 5C161JEA304304  re-apply tcp:8080 FAILED
[2026-05-19T06:50:15Z] 5C161JEA304304  missing tcp:8081 — re-applying
adb: device '5C161JEA304304' not found
[2026-05-19T06:50:15Z] 5C161JEA304304  re-apply tcp:8081 FAILED
[2026-05-19T06:50:15Z] 5C161JEA304304  missing tcp:4566 — re-applying
adb: device '5C161JEA304304' not found
[2026-05-19T06:50:15Z] 5C161JEA304304  re-apply tcp:4566 FAILED
[2026-05-19T06:50:30Z] 5C161JEA304304  missing tcp:8080 — re-applying
adb: device '5C161JEA304304' not found
[2026-05-19T06:50:30Z] 5C161JEA304304  re-apply tcp:8080 FAILED
[2026-05-19T06:50:30Z] 5C161JEA304304  missing tcp:8081 — re-applying
adb: device '5C161JEA304304' not found
[2026-05-19T06:50:30Z] 5C161JEA304304  re-apply tcp:8081 FAILED
[2026-05-19T06:50:30Z] 5C161JEA304304  missing tcp:4566 — re-applying
adb: device '5C161JEA304304' not found
[2026-05-19T06:50:30Z] 5C161JEA304304  re-apply tcp:4566 FAILED
[2026-05-19T06:50:45Z] 5C161JEA304304  missing tcp:8080 — re-applying
adb: device '5C161JEA304304' not found
[2026-05-19T06:50:45Z] 5C161JEA304304  re-apply tcp:8080 FAILED
[2026-05-19T06:50:45Z] 5C161JEA304304  missing tcp:8081 — re-applying
adb: device '5C161JEA304304' not found
[2026-05-19T06:50:45Z] 5C161JEA304304  re-apply tcp:8081 FAILED
[2026-05-19T06:50:45Z] 5C161JEA304304  missing tcp:4566 — re-applying
adb: device '5C161JEA304304' not found
[2026-05-19T06:50:45Z] 5C161JEA304304  re-apply tcp:4566 FAILED
[2026-05-19T06:51:00Z] 5C161JEA304304  missing tcp:8080 — re-applying
adb: device '5C161JEA304304' not found
[2026-05-19T06:51:00Z] 5C161JEA304304  re-apply tcp:8080 FAILED
[2026-05-19T06:51:00Z] 5C161JEA304304  missing tcp:8081 — re-applying
adb: device '5C161JEA304304' not found
[2026-05-19T06:51:00Z] 5C161JEA304304  re-apply tcp:8081 FAILED
[2026-05-19T06:51:00Z] 5C161JEA304304  missing tcp:4566 — re-applying
adb: device '5C161JEA304304' not found
[2026-05-19T06:51:00Z] 5C161JEA304304  re-apply tcp:4566 FAILED
[2026-05-19T06:51:15Z] 5C161JEA304304  missing tcp:8080 — re-applying
adb: device '5C161JEA304304' not found
[2026-05-19T06:51:15Z] 5C161JEA304304  re-apply tcp:8080 FAILED
[2026-05-19T06:51:15Z] 5C161JEA304304  missing tcp:8081 — re-applying
adb: device '5C161JEA304304' not found
[2026-05-19T06:51:15Z] 5C161JEA304304  re-apply tcp:8081 FAILED
[2026-05-19T06:51:15Z] 5C161JEA304304  missing tcp:4566 — re-applying
adb: device '5C161JEA304304' not found
[2026-05-19T06:51:15Z] 5C161JEA304304  re-apply tcp:4566 FAILED
[2026-05-19T06:51:30Z] 5C161JEA304304  missing tcp:8080 — re-applying
adb: device '5C161JEA304304' not found
[2026-05-19T06:51:30Z] 5C161JEA304304  re-apply tcp:8080 FAILED
[2026-05-19T06:51:30Z] 5C161JEA304304  missing tcp:8081 — re-applying
adb: device '5C161JEA304304' not found
[2026-05-19T06:51:30Z] 5C161JEA304304  re-apply tcp:8081 FAILED
[2026-05-19T06:51:30Z] 5C161JEA304304  missing tcp:4566 — re-applying
adb: device '5C161JEA304304' not found
[2026-05-19T06:51:30Z] 5C161JEA304304  re-apply tcp:4566 FAILED
[2026-05-19T06:51:46Z] 5C161JEA304304  missing tcp:8080 — re-applying
adb: device '5C161JEA304304' not found
[2026-05-19T06:51:46Z] 5C161JEA304304  re-apply tcp:8080 FAILED
[2026-05-19T06:51:46Z] 5C161JEA304304  missing tcp:8081 — re-applying
adb: device '5C161JEA304304' not found
[2026-05-19T06:51:46Z] 5C161JEA304304  re-apply tcp:8081 FAILED
[2026-05-19T06:51:46Z] 5C161JEA304304  missing tcp:4566 — re-applying
adb: device '5C161JEA304304' not found
[2026-05-19T06:51:46Z] 5C161JEA304304  re-apply tcp:4566 FAILED
[2026-05-19T06:52:01Z] 5C161JEA304304  missing tcp:8080 — re-applying
adb: device '5C161JEA304304' not found
[2026-05-19T06:52:01Z] 5C161JEA304304  re-apply tcp:8080 FAILED
[2026-05-19T06:52:01Z] 5C161JEA304304  missing tcp:8081 — re-applying
adb: device '5C161JEA304304' not found
[2026-05-19T06:52:01Z] 5C161JEA304304  re-apply tcp:8081 FAILED
[2026-05-19T06:52:01Z] 5C161JEA304304  missing tcp:4566 — re-applying
adb: device '5C161JEA304304' not found
[2026-05-19T06:52:01Z] 5C161JEA304304  re-apply tcp:4566 FAILED
[2026-05-19T06:52:16Z] 5C161JEA304304  missing tcp:8080 — re-applying
adb: device '5C161JEA304304' not found
[2026-05-19T06:52:16Z] 5C161JEA304304  re-apply tcp:8080 FAILED
[2026-05-19T06:52:16Z] 5C161JEA304304  missing tcp:8081 — re-applying
adb: device '5C161JEA304304' not found
[2026-05-19T06:52:16Z] 5C161JEA304304  re-apply tcp:8081 FAILED
[2026-05-19T06:52:16Z] 5C161JEA304304  missing tcp:4566 — re-applying
adb: device '5C161JEA304304' not found
[2026-05-19T06:52:16Z] 5C161JEA304304  re-apply tcp:4566 FAILED
[2026-05-19T06:52:31Z] 5C161JEA304304  missing tcp:8080 — re-applying
adb: device '5C161JEA304304' not found
[2026-05-19T06:52:31Z] 5C161JEA304304  re-apply tcp:8080 FAILED
[2026-05-19T06:52:31Z] 5C161JEA304304  missing tcp:8081 — re-applying
adb: device '5C161JEA304304' not found
[2026-05-19T06:52:31Z] 5C161JEA304304  re-apply tcp:8081 FAILED
[2026-05-19T06:52:31Z] 5C161JEA304304  missing tcp:4566 — re-applying
adb: device '5C161JEA304304' not found
[2026-05-19T06:52:31Z] 5C161JEA304304  re-apply tcp:4566 FAILED
[2026-05-19T06:52:46Z] 5C161JEA304304  missing tcp:8080 — re-applying
adb: device '5C161JEA304304' not found
[2026-05-19T06:52:46Z] 5C161JEA304304  re-apply tcp:8080 FAILED
[2026-05-19T06:52:46Z] 5C161JEA304304  missing tcp:8081 — re-applying
adb: device '5C161JEA304304' not found
[2026-05-19T06:52:46Z] 5C161JEA304304  re-apply tcp:8081 FAILED
[2026-05-19T06:52:46Z] 5C161JEA304304  missing tcp:4566 — re-applying
adb: device '5C161JEA304304' not found
[2026-05-19T06:52:46Z] 5C161JEA304304  re-apply tcp:4566 FAILED
[2026-05-19T06:53:01Z] 5C161JEA304304  missing tcp:8080 — re-applying
adb: device '5C161JEA304304' not found
[2026-05-19T06:53:01Z] 5C161JEA304304  re-apply tcp:8080 FAILED
[2026-05-19T06:53:01Z] 5C161JEA304304  missing tcp:8081 — re-applying
adb: device '5C161JEA304304' not found
[2026-05-19T06:53:01Z] 5C161JEA304304  re-apply tcp:8081 FAILED
[2026-05-19T06:53:01Z] 5C161JEA304304  missing tcp:4566 — re-applying
adb: device '5C161JEA304304' not found
[2026-05-19T06:53:01Z] 5C161JEA304304  re-apply tcp:4566 FAILED
[2026-05-19T06:53:16Z] 5C161JEA304304  missing tcp:8080 — re-applying
adb: device '5C161JEA304304' not found
[2026-05-19T06:53:16Z] 5C161JEA304304  re-apply tcp:8080 FAILED
[2026-05-19T06:53:16Z] 5C161JEA304304  missing tcp:8081 — re-applying
adb: device '5C161JEA304304' not found
[2026-05-19T06:53:16Z] 5C161JEA304304  re-apply tcp:8081 FAILED
[2026-05-19T06:53:16Z] 5C161JEA304304  missing tcp:4566 — re-applying
adb: device '5C161JEA304304' not found
[2026-05-19T06:53:16Z] 5C161JEA304304  re-apply tcp:4566 FAILED
[2026-05-19T06:53:31Z] 5C161JEA304304  missing tcp:8080 — re-applying
adb: device '5C161JEA304304' not found
[2026-05-19T06:53:31Z] 5C161JEA304304  re-apply tcp:8080 FAILED
[2026-05-19T06:53:31Z] 5C161JEA304304  missing tcp:8081 — re-applying
adb: device '5C161JEA304304' not found
[2026-05-19T06:53:31Z] 5C161JEA304304  re-apply tcp:8081 FAILED
[2026-05-19T06:53:31Z] 5C161JEA304304  missing tcp:4566 — re-applying
adb: device '5C161JEA304304' not found
[2026-05-19T06:53:31Z] 5C161JEA304304  re-apply tcp:4566 FAILED
[2026-05-19T06:53:47Z] 5C161JEA304304  missing tcp:8080 — re-applying
adb: device '5C161JEA304304' not found
[2026-05-19T06:53:47Z] 5C161JEA304304  re-apply tcp:8080 FAILED
[2026-05-19T06:53:47Z] 5C161JEA304304  missing tcp:8081 — re-applying
adb: device '5C161JEA304304' not found
[2026-05-19T06:53:47Z] 5C161JEA304304  re-apply tcp:8081 FAILED
[2026-05-19T06:53:47Z] 5C161JEA304304  missing tcp:4566 — re-applying
adb: device '5C161JEA304304' not found
[2026-05-19T06:53:47Z] 5C161JEA304304  re-apply tcp:4566 FAILED
[2026-05-19T06:54:02Z] 5C161JEA304304  missing tcp:8080 — re-applying
adb: device '5C161JEA304304' not found
[2026-05-19T06:54:02Z] 5C161JEA304304  re-apply tcp:8080 FAILED
[2026-05-19T06:54:02Z] 5C161JEA304304  missing tcp:8081 — re-applying
adb: device '5C161JEA304304' not found
[2026-05-19T06:54:02Z] 5C161JEA304304  re-apply tcp:8081 FAILED
[2026-05-19T06:54:02Z] 5C161JEA304304  missing tcp:4566 — re-applying
adb: device '5C161JEA304304' not found
[2026-05-19T06:54:02Z] 5C161JEA304304  re-apply tcp:4566 FAILED
[2026-05-19T06:54:17Z] 5C161JEA304304  missing tcp:8080 — re-applying
adb: device '5C161JEA304304' not found
[2026-05-19T06:54:17Z] 5C161JEA304304  re-apply tcp:8080 FAILED
[2026-05-19T06:54:17Z] 5C161JEA304304  missing tcp:8081 — re-applying
adb: device '5C161JEA304304' not found
[2026-05-19T06:54:17Z] 5C161JEA304304  re-apply tcp:8081 FAILED
[2026-05-19T06:54:17Z] 5C161JEA304304  missing tcp:4566 — re-applying
adb: device '5C161JEA304304' not found
[2026-05-19T06:54:17Z] 5C161JEA304304  re-apply tcp:4566 FAILED
[2026-05-19T06:54:32Z] 5C161JEA304304  missing tcp:8080 — re-applying
adb: device '5C161JEA304304' not found
[2026-05-19T06:54:32Z] 5C161JEA304304  re-apply tcp:8080 FAILED
[2026-05-19T06:54:32Z] 5C161JEA304304  missing tcp:8081 — re-applying
adb: device '5C161JEA304304' not found
[2026-05-19T06:54:32Z] 5C161JEA304304  re-apply tcp:8081 FAILED
[2026-05-19T06:54:32Z] 5C161JEA304304  missing tcp:4566 — re-applying
adb: device '5C161JEA304304' not found
[2026-05-19T06:54:32Z] 5C161JEA304304  re-apply tcp:4566 FAILED
[2026-05-19T06:54:47Z] 5C161JEA304304  missing tcp:8080 — re-applying
adb: device '5C161JEA304304' not found
[2026-05-19T06:54:47Z] 5C161JEA304304  re-apply tcp:8080 FAILED
[2026-05-19T06:54:47Z] 5C161JEA304304  missing tcp:8081 — re-applying
adb: device '5C161JEA304304' not found
[2026-05-19T06:54:47Z] 5C161JEA304304  re-apply tcp:8081 FAILED
[2026-05-19T06:54:47Z] 5C161JEA304304  missing tcp:4566 — re-applying
adb: device '5C161JEA304304' not found
[2026-05-19T06:54:47Z] 5C161JEA304304  re-apply tcp:4566 FAILED
[2026-05-19T06:55:02Z] 5C161JEA304304  missing tcp:8080 — re-applying
adb: device '5C161JEA304304' not found
[2026-05-19T06:55:02Z] 5C161JEA304304  re-apply tcp:8080 FAILED
[2026-05-19T06:55:02Z] 5C161JEA304304  missing tcp:8081 — re-applying
adb: device '5C161JEA304304' not found
[2026-05-19T06:55:02Z] 5C161JEA304304  re-apply tcp:8081 FAILED
[2026-05-19T06:55:02Z] 5C161JEA304304  missing tcp:4566 — re-applying
adb: device '5C161JEA304304' not found
[2026-05-19T06:55:02Z] 5C161JEA304304  re-apply tcp:4566 FAILED
[2026-05-19T06:55:17Z] 5C161JEA304304  missing tcp:8080 — re-applying
adb: device '5C161JEA304304' not found
[2026-05-19T06:55:17Z] 5C161JEA304304  re-apply tcp:8080 FAILED
[2026-05-19T06:55:17Z] 5C161JEA304304  missing tcp:8081 — re-applying
adb: device '5C161JEA304304' not found
[2026-05-19T06:55:17Z] 5C161JEA304304  re-apply tcp:8081 FAILED
[2026-05-19T06:55:17Z] 5C161JEA304304  missing tcp:4566 — re-applying
adb: device '5C161JEA304304' not found
[2026-05-19T06:55:17Z] 5C161JEA304304  re-apply tcp:4566 FAILED
[2026-05-19T06:55:33Z] 5C161JEA304304  missing tcp:8080 — re-applying
adb: device '5C161JEA304304' not found
[2026-05-19T06:55:33Z] 5C161JEA304304  re-apply tcp:8080 FAILED
[2026-05-19T06:55:33Z] 5C161JEA304304  missing tcp:8081 — re-applying
adb: device '5C161JEA304304' not found
[2026-05-19T06:55:33Z] 5C161JEA304304  re-apply tcp:8081 FAILED
[2026-05-19T06:55:33Z] 5C161JEA304304  missing tcp:4566 — re-applying
adb: device '5C161JEA304304' not found
[2026-05-19T06:55:33Z] 5C161JEA304304  re-apply tcp:4566 FAILED
[2026-05-19T06:55:48Z] 5C161JEA304304  missing tcp:8080 — re-applying
adb: device '5C161JEA304304' not found
[2026-05-19T06:55:48Z] 5C161JEA304304  re-apply tcp:8080 FAILED
[2026-05-19T06:55:48Z] 5C161JEA304304  missing tcp:8081 — re-applying
adb: device '5C161JEA304304' not found
[2026-05-19T06:55:48Z] 5C161JEA304304  re-apply tcp:8081 FAILED
[2026-05-19T06:55:48Z] 5C161JEA304304  missing tcp:4566 — re-applying
adb: device '5C161JEA304304' not found
[2026-05-19T06:55:48Z] 5C161JEA304304  re-apply tcp:4566 FAILED
[2026-05-19T06:56:03Z] 5C161JEA304304  missing tcp:8080 — re-applying
adb: device '5C161JEA304304' not found
[2026-05-19T06:56:03Z] 5C161JEA304304  re-apply tcp:8080 FAILED
[2026-05-19T06:56:03Z] 5C161JEA304304  missing tcp:8081 — re-applying
adb: device '5C161JEA304304' not found
[2026-05-19T06:56:03Z] 5C161JEA304304  re-apply tcp:8081 FAILED
[2026-05-19T06:56:03Z] 5C161JEA304304  missing tcp:4566 — re-applying
adb: device '5C161JEA304304' not found
[2026-05-19T06:56:03Z] 5C161JEA304304  re-apply tcp:4566 FAILED
[2026-05-19T06:56:18Z] 5C161JEA304304  missing tcp:8080 — re-applying
adb: device '5C161JEA304304' not found
[2026-05-19T06:56:18Z] 5C161JEA304304  re-apply tcp:8080 FAILED
[2026-05-19T06:56:18Z] 5C161JEA304304  missing tcp:8081 — re-applying
adb: device '5C161JEA304304' not found
[2026-05-19T06:56:18Z] 5C161JEA304304  re-apply tcp:8081 FAILED
[2026-05-19T06:56:18Z] 5C161JEA304304  missing tcp:4566 — re-applying
adb: device '5C161JEA304304' not found
[2026-05-19T06:56:18Z] 5C161JEA304304  re-apply tcp:4566 FAILED
[2026-05-19T06:56:33Z] 5C161JEA304304  missing tcp:8080 — re-applying
adb: device '5C161JEA304304' not found
[2026-05-19T06:56:33Z] 5C161JEA304304  re-apply tcp:8080 FAILED
[2026-05-19T06:56:33Z] 5C161JEA304304  missing tcp:8081 — re-applying
adb: device '5C161JEA304304' not found
[2026-05-19T06:56:33Z] 5C161JEA304304  re-apply tcp:8081 FAILED
[2026-05-19T06:56:33Z] 5C161JEA304304  missing tcp:4566 — re-applying
adb: device '5C161JEA304304' not found
[2026-05-19T06:56:33Z] 5C161JEA304304  re-apply tcp:4566 FAILED
[2026-05-19T06:56:48Z] 5C161JEA304304  missing tcp:8080 — re-applying
adb: device '5C161JEA304304' not found
[2026-05-19T06:56:48Z] 5C161JEA304304  re-apply tcp:8080 FAILED
[2026-05-19T06:56:48Z] 5C161JEA304304  missing tcp:8081 — re-applying
adb: device '5C161JEA304304' not found
[2026-05-19T06:56:48Z] 5C161JEA304304  re-apply tcp:8081 FAILED
[2026-05-19T06:56:48Z] 5C161JEA304304  missing tcp:4566 — re-applying
adb: device '5C161JEA304304' not found
[2026-05-19T06:56:48Z] 5C161JEA304304  re-apply tcp:4566 FAILED
[2026-05-19T06:57:03Z] 5C161JEA304304  missing tcp:8080 — re-applying
adb: device '5C161JEA304304' not found
[2026-05-19T06:57:03Z] 5C161JEA304304  re-apply tcp:8080 FAILED
[2026-05-19T06:57:03Z] 5C161JEA304304  missing tcp:8081 — re-applying
adb: device '5C161JEA304304' not found
[2026-05-19T06:57:03Z] 5C161JEA304304  re-apply tcp:8081 FAILED
[2026-05-19T06:57:03Z] 5C161JEA304304  missing tcp:4566 — re-applying
adb: device '5C161JEA304304' not found
[2026-05-19T06:57:03Z] 5C161JEA304304  re-apply tcp:4566 FAILED
[2026-05-19T06:57:19Z] 5C161JEA304304  missing tcp:8080 — re-applying
adb: device '5C161JEA304304' not found
[2026-05-19T06:57:19Z] 5C161JEA304304  re-apply tcp:8080 FAILED
[2026-05-19T06:57:19Z] 5C161JEA304304  missing tcp:8081 — re-applying
adb: device '5C161JEA304304' not found
[2026-05-19T06:57:19Z] 5C161JEA304304  re-apply tcp:8081 FAILED
[2026-05-19T06:57:19Z] 5C161JEA304304  missing tcp:4566 — re-applying
adb: device '5C161JEA304304' not found
[2026-05-19T06:57:19Z] 5C161JEA304304  re-apply tcp:4566 FAILED
[2026-05-19T06:57:34Z] 5C161JEA304304  missing tcp:8080 — re-applying
adb: device '5C161JEA304304' not found
[2026-05-19T06:57:34Z] 5C161JEA304304  re-apply tcp:8080 FAILED
[2026-05-19T06:57:34Z] 5C161JEA304304  missing tcp:8081 — re-applying
adb: device '5C161JEA304304' not found
[2026-05-19T06:57:34Z] 5C161JEA304304  re-apply tcp:8081 FAILED
[2026-05-19T06:57:34Z] 5C161JEA304304  missing tcp:4566 — re-applying
adb: device '5C161JEA304304' not found
[2026-05-19T06:57:34Z] 5C161JEA304304  re-apply tcp:4566 FAILED
[2026-05-19T06:57:49Z] 5C161JEA304304  missing tcp:8080 — re-applying
adb: device '5C161JEA304304' not found
[2026-05-19T06:57:49Z] 5C161JEA304304  re-apply tcp:8080 FAILED
[2026-05-19T06:57:49Z] 5C161JEA304304  missing tcp:8081 — re-applying
adb: device '5C161JEA304304' not found
[2026-05-19T06:57:49Z] 5C161JEA304304  re-apply tcp:8081 FAILED
[2026-05-19T06:57:49Z] 5C161JEA304304  missing tcp:4566 — re-applying
adb: device '5C161JEA304304' not found
[2026-05-19T06:57:49Z] 5C161JEA304304  re-apply tcp:4566 FAILED
[2026-05-19T06:58:04Z] 5C161JEA304304  missing tcp:8080 — re-applying
adb: device '5C161JEA304304' not found
[2026-05-19T06:58:04Z] 5C161JEA304304  re-apply tcp:8080 FAILED
[2026-05-19T06:58:04Z] 5C161JEA304304  missing tcp:8081 — re-applying
adb: device '5C161JEA304304' not found
[2026-05-19T06:58:04Z] 5C161JEA304304  re-apply tcp:8081 FAILED
[2026-05-19T06:58:04Z] 5C161JEA304304  missing tcp:4566 — re-applying
adb: device '5C161JEA304304' not found
[2026-05-19T06:58:04Z] 5C161JEA304304  re-apply tcp:4566 FAILED
[2026-05-19T06:58:19Z] 5C161JEA304304  missing tcp:8080 — re-applying
adb: device '5C161JEA304304' not found
[2026-05-19T06:58:19Z] 5C161JEA304304  re-apply tcp:8080 FAILED
[2026-05-19T06:58:19Z] 5C161JEA304304  missing tcp:8081 — re-applying
adb: device '5C161JEA304304' not found
[2026-05-19T06:58:19Z] 5C161JEA304304  re-apply tcp:8081 FAILED
[2026-05-19T06:58:19Z] 5C161JEA304304  missing tcp:4566 — re-applying
adb: device '5C161JEA304304' not found
[2026-05-19T06:58:19Z] 5C161JEA304304  re-apply tcp:4566 FAILED
[2026-05-19T06:58:34Z] 5C161JEA304304  missing tcp:8080 — re-applying
adb: device '5C161JEA304304' not found
[2026-05-19T06:58:34Z] 5C161JEA304304  re-apply tcp:8080 FAILED
[2026-05-19T06:58:34Z] 5C161JEA304304  missing tcp:8081 — re-applying
adb: device '5C161JEA304304' not found
[2026-05-19T06:58:34Z] 5C161JEA304304  re-apply tcp:8081 FAILED
[2026-05-19T06:58:34Z] 5C161JEA304304  missing tcp:4566 — re-applying
adb: device '5C161JEA304304' not found
[2026-05-19T06:58:34Z] 5C161JEA304304  re-apply tcp:4566 FAILED
[2026-05-19T06:58:49Z] 5C161JEA304304  missing tcp:8080 — re-applying
adb: device '5C161JEA304304' not found
[2026-05-19T06:58:49Z] 5C161JEA304304  re-apply tcp:8080 FAILED
[2026-05-19T06:58:49Z] 5C161JEA304304  missing tcp:8081 — re-applying
adb: device '5C161JEA304304' not found
[2026-05-19T06:58:49Z] 5C161JEA304304  re-apply tcp:8081 FAILED
[2026-05-19T06:58:49Z] 5C161JEA304304  missing tcp:4566 — re-applying
adb: device '5C161JEA304304' not found
[2026-05-19T06:58:49Z] 5C161JEA304304  re-apply tcp:4566 FAILED
[2026-05-19T06:59:04Z] 5C161JEA304304  missing tcp:8080 — re-applying
adb: device '5C161JEA304304' not found
[2026-05-19T06:59:04Z] 5C161JEA304304  re-apply tcp:8080 FAILED
[2026-05-19T06:59:04Z] 5C161JEA304304  missing tcp:8081 — re-applying
adb: device '5C161JEA304304' not found
[2026-05-19T06:59:04Z] 5C161JEA304304  re-apply tcp:8081 FAILED
[2026-05-19T06:59:04Z] 5C161JEA304304  missing tcp:4566 — re-applying
adb: device '5C161JEA304304' not found
[2026-05-19T06:59:04Z] 5C161JEA304304  re-apply tcp:4566 FAILED
[2026-05-19T06:59:20Z] 5C161JEA304304  missing tcp:8080 — re-applying
adb: device '5C161JEA304304' not found
[2026-05-19T06:59:20Z] 5C161JEA304304  re-apply tcp:8080 FAILED
[2026-05-19T06:59:20Z] 5C161JEA304304  missing tcp:8081 — re-applying
adb: device '5C161JEA304304' not found
[2026-05-19T06:59:20Z] 5C161JEA304304  re-apply tcp:8081 FAILED
[2026-05-19T06:59:20Z] 5C161JEA304304  missing tcp:4566 — re-applying
adb: device '5C161JEA304304' not found
[2026-05-19T06:59:20Z] 5C161JEA304304  re-apply tcp:4566 FAILED
[2026-05-19T06:59:35Z] 5C161JEA304304  missing tcp:8080 — re-applying
adb: device '5C161JEA304304' not found
[2026-05-19T06:59:35Z] 5C161JEA304304  re-apply tcp:8080 FAILED
[2026-05-19T06:59:35Z] 5C161JEA304304  missing tcp:8081 — re-applying
adb: device '5C161JEA304304' not found
[2026-05-19T06:59:35Z] 5C161JEA304304  re-apply tcp:8081 FAILED
[2026-05-19T06:59:35Z] 5C161JEA304304  missing tcp:4566 — re-applying
adb: device '5C161JEA304304' not found
[2026-05-19T06:59:35Z] 5C161JEA304304  re-apply tcp:4566 FAILED
[2026-05-19T06:59:50Z] 5C161JEA304304  missing tcp:8080 — re-applying
adb: device '5C161JEA304304' not found
[2026-05-19T06:59:50Z] 5C161JEA304304  re-apply tcp:8080 FAILED
[2026-05-19T06:59:50Z] 5C161JEA304304  missing tcp:8081 — re-applying
adb: device '5C161JEA304304' not found
[2026-05-19T06:59:50Z] 5C161JEA304304  re-apply tcp:8081 FAILED
[2026-05-19T06:59:50Z] 5C161JEA304304  missing tcp:4566 — re-applying
adb: device '5C161JEA304304' not found
[2026-05-19T06:59:50Z] 5C161JEA304304  re-apply tcp:4566 FAILED
[2026-05-19T07:00:05Z] 5C161JEA304304  missing tcp:8080 — re-applying
adb: device '5C161JEA304304' not found
[2026-05-19T07:00:05Z] 5C161JEA304304  re-apply tcp:8080 FAILED
[2026-05-19T07:00:05Z] 5C161JEA304304  missing tcp:8081 — re-applying
adb: device '5C161JEA304304' not found
[2026-05-19T07:00:05Z] 5C161JEA304304  re-apply tcp:8081 FAILED
[2026-05-19T07:00:05Z] 5C161JEA304304  missing tcp:4566 — re-applying
adb: device '5C161JEA304304' not found
[2026-05-19T07:00:05Z] 5C161JEA304304  re-apply tcp:4566 FAILED
[2026-05-19T07:00:20Z] 5C161JEA304304  missing tcp:8080 — re-applying
adb: device '5C161JEA304304' not found
[2026-05-19T07:00:20Z] 5C161JEA304304  re-apply tcp:8080 FAILED
[2026-05-19T07:00:20Z] 5C161JEA304304  missing tcp:8081 — re-applying
adb: device '5C161JEA304304' not found
[2026-05-19T07:00:20Z] 5C161JEA304304  re-apply tcp:8081 FAILED
[2026-05-19T07:00:20Z] 5C161JEA304304  missing tcp:4566 — re-applying
adb: device '5C161JEA304304' not found
[2026-05-19T07:00:20Z] 5C161JEA304304  re-apply tcp:4566 FAILED
[2026-05-19T07:00:35Z] 5C161JEA304304  missing tcp:8080 — re-applying
adb: device '5C161JEA304304' not found
[2026-05-19T07:00:35Z] 5C161JEA304304  re-apply tcp:8080 FAILED
[2026-05-19T07:00:35Z] 5C161JEA304304  missing tcp:8081 — re-applying
adb: device '5C161JEA304304' not found
[2026-05-19T07:00:35Z] 5C161JEA304304  re-apply tcp:8081 FAILED
[2026-05-19T07:00:35Z] 5C161JEA304304  missing tcp:4566 — re-applying
adb: device '5C161JEA304304' not found
[2026-05-19T07:00:35Z] 5C161JEA304304  re-apply tcp:4566 FAILED
[2026-05-19T07:00:50Z] 5C161JEA304304  missing tcp:8080 — re-applying
adb: device '5C161JEA304304' not found
[2026-05-19T07:00:50Z] 5C161JEA304304  re-apply tcp:8080 FAILED
[2026-05-19T07:00:50Z] 5C161JEA304304  missing tcp:8081 — re-applying
adb: device '5C161JEA304304' not found
[2026-05-19T07:00:50Z] 5C161JEA304304  re-apply tcp:8081 FAILED
[2026-05-19T07:00:50Z] 5C161JEA304304  missing tcp:4566 — re-applying
adb: device '5C161JEA304304' not found
[2026-05-19T07:00:50Z] 5C161JEA304304  re-apply tcp:4566 FAILED
[2026-05-19T07:01:06Z] 5C161JEA304304  missing tcp:8080 — re-applying
adb: device '5C161JEA304304' not found
[2026-05-19T07:01:06Z] 5C161JEA304304  re-apply tcp:8080 FAILED
[2026-05-19T07:01:06Z] 5C161JEA304304  missing tcp:8081 — re-applying
adb: device '5C161JEA304304' not found
[2026-05-19T07:01:06Z] 5C161JEA304304  re-apply tcp:8081 FAILED
[2026-05-19T07:01:06Z] 5C161JEA304304  missing tcp:4566 — re-applying
adb: device '5C161JEA304304' not found
[2026-05-19T07:01:06Z] 5C161JEA304304  re-apply tcp:4566 FAILED
[2026-05-19T07:01:21Z] 5C161JEA304304  missing tcp:8080 — re-applying
adb: device '5C161JEA304304' not found
[2026-05-19T07:01:21Z] 5C161JEA304304  re-apply tcp:8080 FAILED
[2026-05-19T07:01:21Z] 5C161JEA304304  missing tcp:8081 — re-applying
adb: device '5C161JEA304304' not found
[2026-05-19T07:01:21Z] 5C161JEA304304  re-apply tcp:8081 FAILED
[2026-05-19T07:01:21Z] 5C161JEA304304  missing tcp:4566 — re-applying
adb: device '5C161JEA304304' not found
[2026-05-19T07:01:21Z] 5C161JEA304304  re-apply tcp:4566 FAILED
[2026-05-19T07:01:36Z] 5C161JEA304304  missing tcp:8080 — re-applying
adb: device '5C161JEA304304' not found
[2026-05-19T07:01:36Z] 5C161JEA304304  re-apply tcp:8080 FAILED
[2026-05-19T07:01:36Z] 5C161JEA304304  missing tcp:8081 — re-applying
adb: device '5C161JEA304304' not found
[2026-05-19T07:01:36Z] 5C161JEA304304  re-apply tcp:8081 FAILED
[2026-05-19T07:01:36Z] 5C161JEA304304  missing tcp:4566 — re-applying
adb: device '5C161JEA304304' not found
[2026-05-19T07:01:36Z] 5C161JEA304304  re-apply tcp:4566 FAILED
[2026-05-19T07:01:51Z] 5C161JEA304304  missing tcp:8080 — re-applying
adb: device '5C161JEA304304' not found
[2026-05-19T07:01:51Z] 5C161JEA304304  re-apply tcp:8080 FAILED
[2026-05-19T07:01:51Z] 5C161JEA304304  missing tcp:8081 — re-applying
adb: device '5C161JEA304304' not found
[2026-05-19T07:01:51Z] 5C161JEA304304  re-apply tcp:8081 FAILED
[2026-05-19T07:01:51Z] 5C161JEA304304  missing tcp:4566 — re-applying
adb: device '5C161JEA304304' not found
[2026-05-19T07:01:51Z] 5C161JEA304304  re-apply tcp:4566 FAILED
[2026-05-19T07:02:06Z] 5C161JEA304304  missing tcp:8080 — re-applying
adb: device '5C161JEA304304' not found
[2026-05-19T07:02:06Z] 5C161JEA304304  re-apply tcp:8080 FAILED
[2026-05-19T07:02:06Z] 5C161JEA304304  missing tcp:8081 — re-applying
adb: device '5C161JEA304304' not found
[2026-05-19T07:02:06Z] 5C161JEA304304  re-apply tcp:8081 FAILED
[2026-05-19T07:02:06Z] 5C161JEA304304  missing tcp:4566 — re-applying
adb: device '5C161JEA304304' not found
[2026-05-19T07:02:06Z] 5C161JEA304304  re-apply tcp:4566 FAILED
[2026-05-19T07:02:21Z] 5C161JEA304304  missing tcp:8080 — re-applying
adb: device '5C161JEA304304' not found
[2026-05-19T07:02:21Z] 5C161JEA304304  re-apply tcp:8080 FAILED
[2026-05-19T07:02:21Z] 5C161JEA304304  missing tcp:8081 — re-applying
adb: device '5C161JEA304304' not found
[2026-05-19T07:02:21Z] 5C161JEA304304  re-apply tcp:8081 FAILED
[2026-05-19T07:02:21Z] 5C161JEA304304  missing tcp:4566 — re-applying
adb: device '5C161JEA304304' not found
[2026-05-19T07:02:21Z] 5C161JEA304304  re-apply tcp:4566 FAILED
[2026-05-19T07:02:36Z] 5C161JEA304304  missing tcp:8080 — re-applying
adb: device '5C161JEA304304' not found
[2026-05-19T07:02:36Z] 5C161JEA304304  re-apply tcp:8080 FAILED
[2026-05-19T07:02:36Z] 5C161JEA304304  missing tcp:8081 — re-applying
adb: device '5C161JEA304304' not found
[2026-05-19T07:02:36Z] 5C161JEA304304  re-apply tcp:8081 FAILED
[2026-05-19T07:02:36Z] 5C161JEA304304  missing tcp:4566 — re-applying
adb: device '5C161JEA304304' not found
[2026-05-19T07:02:36Z] 5C161JEA304304  re-apply tcp:4566 FAILED
[2026-05-19T07:02:51Z] 5C161JEA304304  missing tcp:8080 — re-applying
adb: device '5C161JEA304304' not found
[2026-05-19T07:02:51Z] 5C161JEA304304  re-apply tcp:8080 FAILED
[2026-05-19T07:02:52Z] 5C161JEA304304  missing tcp:8081 — re-applying
adb: device '5C161JEA304304' not found
[2026-05-19T07:02:52Z] 5C161JEA304304  re-apply tcp:8081 FAILED
[2026-05-19T07:02:52Z] 5C161JEA304304  missing tcp:4566 — re-applying
adb: device '5C161JEA304304' not found
[2026-05-19T07:02:52Z] 5C161JEA304304  re-apply tcp:4566 FAILED
[2026-05-19T07:03:07Z] 5C161JEA304304  missing tcp:8080 — re-applying
adb: device '5C161JEA304304' not found
[2026-05-19T07:03:07Z] 5C161JEA304304  re-apply tcp:8080 FAILED
[2026-05-19T07:03:07Z] 5C161JEA304304  missing tcp:8081 — re-applying
adb: device '5C161JEA304304' not found
[2026-05-19T07:03:07Z] 5C161JEA304304  re-apply tcp:8081 FAILED
[2026-05-19T07:03:07Z] 5C161JEA304304  missing tcp:4566 — re-applying
adb: device '5C161JEA304304' not found
[2026-05-19T07:03:07Z] 5C161JEA304304  re-apply tcp:4566 FAILED
[2026-05-19T07:03:22Z] 5C161JEA304304  missing tcp:8080 — re-applying
adb: device '5C161JEA304304' not found
[2026-05-19T07:03:22Z] 5C161JEA304304  re-apply tcp:8080 FAILED
[2026-05-19T07:03:22Z] 5C161JEA304304  missing tcp:8081 — re-applying
adb: device '5C161JEA304304' not found
[2026-05-19T07:03:22Z] 5C161JEA304304  re-apply tcp:8081 FAILED
[2026-05-19T07:03:22Z] 5C161JEA304304  missing tcp:4566 — re-applying
adb: device '5C161JEA304304' not found
[2026-05-19T07:03:22Z] 5C161JEA304304  re-apply tcp:4566 FAILED
[2026-05-19T07:03:37Z] 5C161JEA304304  missing tcp:8080 — re-applying
adb: device '5C161JEA304304' not found
[2026-05-19T07:03:37Z] 5C161JEA304304  re-apply tcp:8080 FAILED
[2026-05-19T07:03:37Z] 5C161JEA304304  missing tcp:8081 — re-applying
adb: device '5C161JEA304304' not found
[2026-05-19T07:03:37Z] 5C161JEA304304  re-apply tcp:8081 FAILED
[2026-05-19T07:03:37Z] 5C161JEA304304  missing tcp:4566 — re-applying
adb: device '5C161JEA304304' not found
[2026-05-19T07:03:37Z] 5C161JEA304304  re-apply tcp:4566 FAILED
[2026-05-19T07:03:52Z] 5C161JEA304304  missing tcp:8080 — re-applying
adb: device '5C161JEA304304' not found
[2026-05-19T07:03:52Z] 5C161JEA304304  re-apply tcp:8080 FAILED
[2026-05-19T07:03:52Z] 5C161JEA304304  missing tcp:8081 — re-applying
adb: device '5C161JEA304304' not found
[2026-05-19T07:03:52Z] 5C161JEA304304  re-apply tcp:8081 FAILED
[2026-05-19T07:03:52Z] 5C161JEA304304  missing tcp:4566 — re-applying
adb: device '5C161JEA304304' not found
[2026-05-19T07:03:52Z] 5C161JEA304304  re-apply tcp:4566 FAILED
[2026-05-19T07:04:07Z] 5C161JEA304304  missing tcp:8080 — re-applying
adb: device '5C161JEA304304' not found
[2026-05-19T07:04:07Z] 5C161JEA304304  re-apply tcp:8080 FAILED
[2026-05-19T07:04:07Z] 5C161JEA304304  missing tcp:8081 — re-applying
adb: device '5C161JEA304304' not found
[2026-05-19T07:04:07Z] 5C161JEA304304  re-apply tcp:8081 FAILED
[2026-05-19T07:04:07Z] 5C161JEA304304  missing tcp:4566 — re-applying
adb: device '5C161JEA304304' not found
[2026-05-19T07:04:07Z] 5C161JEA304304  re-apply tcp:4566 FAILED
[2026-05-19T07:04:22Z] 5C161JEA304304  missing tcp:8080 — re-applying
adb: device '5C161JEA304304' not found
[2026-05-19T07:04:22Z] 5C161JEA304304  re-apply tcp:8080 FAILED
[2026-05-19T07:04:22Z] 5C161JEA304304  missing tcp:8081 — re-applying
adb: device '5C161JEA304304' not found
[2026-05-19T07:04:22Z] 5C161JEA304304  re-apply tcp:8081 FAILED
[2026-05-19T07:04:22Z] 5C161JEA304304  missing tcp:4566 — re-applying
adb: device '5C161JEA304304' not found
[2026-05-19T07:04:22Z] 5C161JEA304304  re-apply tcp:4566 FAILED
[2026-05-19T07:04:37Z] 5C161JEA304304  missing tcp:8080 — re-applying
adb: device '5C161JEA304304' not found
[2026-05-19T07:04:37Z] 5C161JEA304304  re-apply tcp:8080 FAILED
[2026-05-19T07:04:37Z] 5C161JEA304304  missing tcp:8081 — re-applying
adb: device '5C161JEA304304' not found
[2026-05-19T07:04:37Z] 5C161JEA304304  re-apply tcp:8081 FAILED
[2026-05-19T07:04:37Z] 5C161JEA304304  missing tcp:4566 — re-applying
adb: device '5C161JEA304304' not found
[2026-05-19T07:04:37Z] 5C161JEA304304  re-apply tcp:4566 FAILED
[2026-05-19T07:04:53Z] 5C161JEA304304  missing tcp:8080 — re-applying
adb: device '5C161JEA304304' not found
[2026-05-19T07:04:53Z] 5C161JEA304304  re-apply tcp:8080 FAILED
[2026-05-19T07:04:53Z] 5C161JEA304304  missing tcp:8081 — re-applying
adb: device '5C161JEA304304' not found
[2026-05-19T07:04:53Z] 5C161JEA304304  re-apply tcp:8081 FAILED
[2026-05-19T07:04:53Z] 5C161JEA304304  missing tcp:4566 — re-applying
adb: device '5C161JEA304304' not found
[2026-05-19T07:04:53Z] 5C161JEA304304  re-apply tcp:4566 FAILED
[2026-05-19T07:05:08Z] 5C161JEA304304  missing tcp:8080 — re-applying
adb: device '5C161JEA304304' not found
[2026-05-19T07:05:08Z] 5C161JEA304304  re-apply tcp:8080 FAILED
[2026-05-19T07:05:08Z] 5C161JEA304304  missing tcp:8081 — re-applying
adb: device '5C161JEA304304' not found
[2026-05-19T07:05:08Z] 5C161JEA304304  re-apply tcp:8081 FAILED
[2026-05-19T07:05:08Z] 5C161JEA304304  missing tcp:4566 — re-applying
adb: device '5C161JEA304304' not found
[2026-05-19T07:05:08Z] 5C161JEA304304  re-apply tcp:4566 FAILED
[2026-05-19T07:05:23Z] 5C161JEA304304  missing tcp:8080 — re-applying
adb: device '5C161JEA304304' not found
[2026-05-19T07:05:23Z] 5C161JEA304304  re-apply tcp:8080 FAILED
[2026-05-19T07:05:23Z] 5C161JEA304304  missing tcp:8081 — re-applying
adb: device '5C161JEA304304' not found
[2026-05-19T07:05:23Z] 5C161JEA304304  re-apply tcp:8081 FAILED
[2026-05-19T07:05:23Z] 5C161JEA304304  missing tcp:4566 — re-applying
adb: device '5C161JEA304304' not found
[2026-05-19T07:05:23Z] 5C161JEA304304  re-apply tcp:4566 FAILED
[2026-05-19T07:05:38Z] 5C161JEA304304  missing tcp:8080 — re-applying
adb: device '5C161JEA304304' not found
[2026-05-19T07:05:38Z] 5C161JEA304304  re-apply tcp:8080 FAILED
[2026-05-19T07:05:38Z] 5C161JEA304304  missing tcp:8081 — re-applying
adb: device '5C161JEA304304' not found
[2026-05-19T07:05:38Z] 5C161JEA304304  re-apply tcp:8081 FAILED
[2026-05-19T07:05:38Z] 5C161JEA304304  missing tcp:4566 — re-applying
adb: device '5C161JEA304304' not found
[2026-05-19T07:05:38Z] 5C161JEA304304  re-apply tcp:4566 FAILED
[2026-05-19T07:05:53Z] 5C161JEA304304  missing tcp:8080 — re-applying
adb: device '5C161JEA304304' not found
[2026-05-19T07:05:53Z] 5C161JEA304304  re-apply tcp:8080 FAILED
[2026-05-19T07:05:53Z] 5C161JEA304304  missing tcp:8081 — re-applying
adb: device '5C161JEA304304' not found
[2026-05-19T07:05:53Z] 5C161JEA304304  re-apply tcp:8081 FAILED
[2026-05-19T07:05:53Z] 5C161JEA304304  missing tcp:4566 — re-applying
adb: device '5C161JEA304304' not found
[2026-05-19T07:05:53Z] 5C161JEA304304  re-apply tcp:4566 FAILED
[2026-05-19T07:06:08Z] 5C161JEA304304  missing tcp:8080 — re-applying
adb: device '5C161JEA304304' not found
[2026-05-19T07:06:08Z] 5C161JEA304304  re-apply tcp:8080 FAILED
[2026-05-19T07:06:08Z] 5C161JEA304304  missing tcp:8081 — re-applying
adb: device '5C161JEA304304' not found
[2026-05-19T07:06:08Z] 5C161JEA304304  re-apply tcp:8081 FAILED
[2026-05-19T07:06:08Z] 5C161JEA304304  missing tcp:4566 — re-applying
adb: device '5C161JEA304304' not found
[2026-05-19T07:06:08Z] 5C161JEA304304  re-apply tcp:4566 FAILED
[2026-05-19T07:06:23Z] 5C161JEA304304  missing tcp:8080 — re-applying
adb: device '5C161JEA304304' not found
[2026-05-19T07:06:23Z] 5C161JEA304304  re-apply tcp:8080 FAILED
[2026-05-19T07:06:23Z] 5C161JEA304304  missing tcp:8081 — re-applying
adb: device '5C161JEA304304' not found
[2026-05-19T07:06:23Z] 5C161JEA304304  re-apply tcp:8081 FAILED
[2026-05-19T07:06:23Z] 5C161JEA304304  missing tcp:4566 — re-applying
adb: device '5C161JEA304304' not found
[2026-05-19T07:06:23Z] 5C161JEA304304  re-apply tcp:4566 FAILED
[2026-05-19T07:06:38Z] 5C161JEA304304  missing tcp:8080 — re-applying
adb: device '5C161JEA304304' not found
[2026-05-19T07:06:38Z] 5C161JEA304304  re-apply tcp:8080 FAILED
[2026-05-19T07:06:38Z] 5C161JEA304304  missing tcp:8081 — re-applying
adb: device '5C161JEA304304' not found
[2026-05-19T07:06:38Z] 5C161JEA304304  re-apply tcp:8081 FAILED
[2026-05-19T07:06:38Z] 5C161JEA304304  missing tcp:4566 — re-applying
adb: device '5C161JEA304304' not found
[2026-05-19T07:06:38Z] 5C161JEA304304  re-apply tcp:4566 FAILED
[2026-05-19T07:06:54Z] 5C161JEA304304  missing tcp:8080 — re-applying
adb: device '5C161JEA304304' not found
[2026-05-19T07:06:54Z] 5C161JEA304304  re-apply tcp:8080 FAILED
[2026-05-19T07:06:54Z] 5C161JEA304304  missing tcp:8081 — re-applying
adb: device '5C161JEA304304' not found
[2026-05-19T07:06:54Z] 5C161JEA304304  re-apply tcp:8081 FAILED
[2026-05-19T07:06:54Z] 5C161JEA304304  missing tcp:4566 — re-applying
adb: device '5C161JEA304304' not found
[2026-05-19T07:06:54Z] 5C161JEA304304  re-apply tcp:4566 FAILED
[2026-05-19T07:07:09Z] 5C161JEA304304  missing tcp:8080 — re-applying
adb: device '5C161JEA304304' not found
[2026-05-19T07:07:09Z] 5C161JEA304304  re-apply tcp:8080 FAILED
[2026-05-19T07:07:09Z] 5C161JEA304304  missing tcp:8081 — re-applying
adb: device '5C161JEA304304' not found
[2026-05-19T07:07:09Z] 5C161JEA304304  re-apply tcp:8081 FAILED
[2026-05-19T07:07:09Z] 5C161JEA304304  missing tcp:4566 — re-applying
adb: device '5C161JEA304304' not found
[2026-05-19T07:07:09Z] 5C161JEA304304  re-apply tcp:4566 FAILED
[2026-05-19T07:07:24Z] 5C161JEA304304  missing tcp:8080 — re-applying
adb: device '5C161JEA304304' not found
[2026-05-19T07:07:24Z] 5C161JEA304304  re-apply tcp:8080 FAILED
[2026-05-19T07:07:24Z] 5C161JEA304304  missing tcp:8081 — re-applying
adb: device '5C161JEA304304' not found
[2026-05-19T07:07:24Z] 5C161JEA304304  re-apply tcp:8081 FAILED
[2026-05-19T07:07:24Z] 5C161JEA304304  missing tcp:4566 — re-applying
adb: device '5C161JEA304304' not found
[2026-05-19T07:07:24Z] 5C161JEA304304  re-apply tcp:4566 FAILED
[2026-05-19T07:07:39Z] 5C161JEA304304  missing tcp:8080 — re-applying
adb: device '5C161JEA304304' not found
[2026-05-19T07:07:39Z] 5C161JEA304304  re-apply tcp:8080 FAILED
[2026-05-19T07:07:39Z] 5C161JEA304304  missing tcp:8081 — re-applying
adb: device '5C161JEA304304' not found
[2026-05-19T07:07:39Z] 5C161JEA304304  re-apply tcp:8081 FAILED
[2026-05-19T07:07:39Z] 5C161JEA304304  missing tcp:4566 — re-applying
adb: device '5C161JEA304304' not found
[2026-05-19T07:07:39Z] 5C161JEA304304  re-apply tcp:4566 FAILED
[2026-05-19T07:07:54Z] 5C161JEA304304  missing tcp:8080 — re-applying
adb: device '5C161JEA304304' not found
[2026-05-19T07:07:54Z] 5C161JEA304304  re-apply tcp:8080 FAILED
[2026-05-19T07:07:54Z] 5C161JEA304304  missing tcp:8081 — re-applying
adb: device '5C161JEA304304' not found
[2026-05-19T07:07:54Z] 5C161JEA304304  re-apply tcp:8081 FAILED
[2026-05-19T07:07:54Z] 5C161JEA304304  missing tcp:4566 — re-applying
adb: device '5C161JEA304304' not found
[2026-05-19T07:07:54Z] 5C161JEA304304  re-apply tcp:4566 FAILED
[2026-05-19T07:08:09Z] 5C161JEA304304  missing tcp:8080 — re-applying
adb: device '5C161JEA304304' not found
[2026-05-19T07:08:09Z] 5C161JEA304304  re-apply tcp:8080 FAILED
[2026-05-19T07:08:09Z] 5C161JEA304304  missing tcp:8081 — re-applying
adb: device '5C161JEA304304' not found
[2026-05-19T07:08:09Z] 5C161JEA304304  re-apply tcp:8081 FAILED
[2026-05-19T07:08:09Z] 5C161JEA304304  missing tcp:4566 — re-applying
adb: device '5C161JEA304304' not found
[2026-05-19T07:08:09Z] 5C161JEA304304  re-apply tcp:4566 FAILED
[2026-05-19T07:08:24Z] 5C161JEA304304  missing tcp:8080 — re-applying
adb: device '5C161JEA304304' not found
[2026-05-19T07:08:24Z] 5C161JEA304304  re-apply tcp:8080 FAILED
[2026-05-19T07:08:24Z] 5C161JEA304304  missing tcp:8081 — re-applying
adb: device '5C161JEA304304' not found
[2026-05-19T07:08:24Z] 5C161JEA304304  re-apply tcp:8081 FAILED
[2026-05-19T07:08:24Z] 5C161JEA304304  missing tcp:4566 — re-applying
adb: device '5C161JEA304304' not found
[2026-05-19T07:08:24Z] 5C161JEA304304  re-apply tcp:4566 FAILED
[2026-05-19T07:08:39Z] 5C161JEA304304  missing tcp:8080 — re-applying
adb: device '5C161JEA304304' not found
[2026-05-19T07:08:39Z] 5C161JEA304304  re-apply tcp:8080 FAILED
[2026-05-19T07:08:39Z] 5C161JEA304304  missing tcp:8081 — re-applying
adb: device '5C161JEA304304' not found
[2026-05-19T07:08:39Z] 5C161JEA304304  re-apply tcp:8081 FAILED
[2026-05-19T07:08:39Z] 5C161JEA304304  missing tcp:4566 — re-applying
adb: device '5C161JEA304304' not found
[2026-05-19T07:08:39Z] 5C161JEA304304  re-apply tcp:4566 FAILED
[2026-05-19T07:08:55Z] 5C161JEA304304  missing tcp:8080 — re-applying
adb: device '5C161JEA304304' not found
[2026-05-19T07:08:55Z] 5C161JEA304304  re-apply tcp:8080 FAILED
[2026-05-19T07:08:55Z] 5C161JEA304304  missing tcp:8081 — re-applying
adb: device '5C161JEA304304' not found
[2026-05-19T07:08:55Z] 5C161JEA304304  re-apply tcp:8081 FAILED
[2026-05-19T07:08:55Z] 5C161JEA304304  missing tcp:4566 — re-applying
adb: device '5C161JEA304304' not found
[2026-05-19T07:08:55Z] 5C161JEA304304  re-apply tcp:4566 FAILED
[2026-05-19T07:09:10Z] 5C161JEA304304  missing tcp:8080 — re-applying
adb: device '5C161JEA304304' not found
[2026-05-19T07:09:10Z] 5C161JEA304304  re-apply tcp:8080 FAILED
[2026-05-19T07:09:10Z] 5C161JEA304304  missing tcp:8081 — re-applying
adb: device '5C161JEA304304' not found
[2026-05-19T07:09:10Z] 5C161JEA304304  re-apply tcp:8081 FAILED
[2026-05-19T07:09:10Z] 5C161JEA304304  missing tcp:4566 — re-applying
adb: device '5C161JEA304304' not found
[2026-05-19T07:09:10Z] 5C161JEA304304  re-apply tcp:4566 FAILED
[2026-05-19T07:09:25Z] 5C161JEA304304  missing tcp:8080 — re-applying
adb: device '5C161JEA304304' not found
[2026-05-19T07:09:25Z] 5C161JEA304304  re-apply tcp:8080 FAILED
[2026-05-19T07:09:25Z] 5C161JEA304304  missing tcp:8081 — re-applying
adb: device '5C161JEA304304' not found
[2026-05-19T07:09:25Z] 5C161JEA304304  re-apply tcp:8081 FAILED
[2026-05-19T07:09:25Z] 5C161JEA304304  missing tcp:4566 — re-applying
adb: device '5C161JEA304304' not found
[2026-05-19T07:09:25Z] 5C161JEA304304  re-apply tcp:4566 FAILED
[2026-05-19T07:09:40Z] 5C161JEA304304  missing tcp:8080 — re-applying
adb: device '5C161JEA304304' not found
[2026-05-19T07:09:40Z] 5C161JEA304304  re-apply tcp:8080 FAILED
[2026-05-19T07:09:40Z] 5C161JEA304304  missing tcp:8081 — re-applying
adb: device '5C161JEA304304' not found
[2026-05-19T07:09:40Z] 5C161JEA304304  re-apply tcp:8081 FAILED
[2026-05-19T07:09:40Z] 5C161JEA304304  missing tcp:4566 — re-applying
adb: device '5C161JEA304304' not found
[2026-05-19T07:09:40Z] 5C161JEA304304  re-apply tcp:4566 FAILED
[2026-05-19T07:09:55Z] 5C161JEA304304  missing tcp:8080 — re-applying
adb: device '5C161JEA304304' not found
[2026-05-19T07:09:55Z] 5C161JEA304304  re-apply tcp:8080 FAILED
[2026-05-19T07:09:55Z] 5C161JEA304304  missing tcp:8081 — re-applying
adb: device '5C161JEA304304' not found
[2026-05-19T07:09:55Z] 5C161JEA304304  re-apply tcp:8081 FAILED
[2026-05-19T07:09:55Z] 5C161JEA304304  missing tcp:4566 — re-applying
adb: device '5C161JEA304304' not found
[2026-05-19T07:09:55Z] 5C161JEA304304  re-apply tcp:4566 FAILED
[2026-05-19T07:10:10Z] 5C161JEA304304  missing tcp:8080 — re-applying
adb: device '5C161JEA304304' not found
[2026-05-19T07:10:10Z] 5C161JEA304304  re-apply tcp:8080 FAILED
[2026-05-19T07:10:10Z] 5C161JEA304304  missing tcp:8081 — re-applying
adb: device '5C161JEA304304' not found
[2026-05-19T07:10:10Z] 5C161JEA304304  re-apply tcp:8081 FAILED
[2026-05-19T07:10:10Z] 5C161JEA304304  missing tcp:4566 — re-applying
adb: device '5C161JEA304304' not found
[2026-05-19T07:10:10Z] 5C161JEA304304  re-apply tcp:4566 FAILED
[2026-05-19T07:10:25Z] 5C161JEA304304  missing tcp:8080 — re-applying
adb: device '5C161JEA304304' not found
[2026-05-19T07:10:25Z] 5C161JEA304304  re-apply tcp:8080 FAILED
[2026-05-19T07:10:25Z] 5C161JEA304304  missing tcp:8081 — re-applying
adb: device '5C161JEA304304' not found
[2026-05-19T07:10:25Z] 5C161JEA304304  re-apply tcp:8081 FAILED
[2026-05-19T07:10:25Z] 5C161JEA304304  missing tcp:4566 — re-applying
adb: device '5C161JEA304304' not found
[2026-05-19T07:10:25Z] 5C161JEA304304  re-apply tcp:4566 FAILED
[2026-05-19T07:10:40Z] 5C161JEA304304  missing tcp:8080 — re-applying
adb: device '5C161JEA304304' not found
[2026-05-19T07:10:40Z] 5C161JEA304304  re-apply tcp:8080 FAILED
[2026-05-19T07:10:40Z] 5C161JEA304304  missing tcp:8081 — re-applying
adb: device '5C161JEA304304' not found
[2026-05-19T07:10:40Z] 5C161JEA304304  re-apply tcp:8081 FAILED
[2026-05-19T07:10:40Z] 5C161JEA304304  missing tcp:4566 — re-applying
adb: device '5C161JEA304304' not found
[2026-05-19T07:10:40Z] 5C161JEA304304  re-apply tcp:4566 FAILED
[2026-05-19T07:10:56Z] 5C161JEA304304  missing tcp:8080 — re-applying
adb: device '5C161JEA304304' not found
[2026-05-19T07:10:56Z] 5C161JEA304304  re-apply tcp:8080 FAILED
[2026-05-19T07:10:56Z] 5C161JEA304304  missing tcp:8081 — re-applying
adb: device '5C161JEA304304' not found
[2026-05-19T07:10:56Z] 5C161JEA304304  re-apply tcp:8081 FAILED
[2026-05-19T07:10:56Z] 5C161JEA304304  missing tcp:4566 — re-applying
adb: device '5C161JEA304304' not found
[2026-05-19T07:10:56Z] 5C161JEA304304  re-apply tcp:4566 FAILED
[2026-05-19T07:11:11Z] 5C161JEA304304  missing tcp:8080 — re-applying
adb: device '5C161JEA304304' not found
[2026-05-19T07:11:11Z] 5C161JEA304304  re-apply tcp:8080 FAILED
[2026-05-19T07:11:11Z] 5C161JEA304304  missing tcp:8081 — re-applying
adb: device '5C161JEA304304' not found
[2026-05-19T07:11:11Z] 5C161JEA304304  re-apply tcp:8081 FAILED
[2026-05-19T07:11:11Z] 5C161JEA304304  missing tcp:4566 — re-applying
adb: device '5C161JEA304304' not found
[2026-05-19T07:11:11Z] 5C161JEA304304  re-apply tcp:4566 FAILED
[2026-05-19T07:11:26Z] 5C161JEA304304  missing tcp:8080 — re-applying
adb: device '5C161JEA304304' not found
[2026-05-19T07:11:26Z] 5C161JEA304304  re-apply tcp:8080 FAILED
[2026-05-19T07:11:26Z] 5C161JEA304304  missing tcp:8081 — re-applying
adb: device '5C161JEA304304' not found
[2026-05-19T07:11:26Z] 5C161JEA304304  re-apply tcp:8081 FAILED
[2026-05-19T07:11:26Z] 5C161JEA304304  missing tcp:4566 — re-applying
adb: device '5C161JEA304304' not found
[2026-05-19T07:11:26Z] 5C161JEA304304  re-apply tcp:4566 FAILED
[2026-05-19T07:11:41Z] 5C161JEA304304  missing tcp:8080 — re-applying
adb: device '5C161JEA304304' not found
[2026-05-19T07:11:41Z] 5C161JEA304304  re-apply tcp:8080 FAILED
[2026-05-19T07:11:41Z] 5C161JEA304304  missing tcp:8081 — re-applying
adb: device '5C161JEA304304' not found
[2026-05-19T07:11:41Z] 5C161JEA304304  re-apply tcp:8081 FAILED
[2026-05-19T07:11:41Z] 5C161JEA304304  missing tcp:4566 — re-applying
adb: device '5C161JEA304304' not found
[2026-05-19T07:11:41Z] 5C161JEA304304  re-apply tcp:4566 FAILED
[2026-05-19T07:11:56Z] 5C161JEA304304  missing tcp:8080 — re-applying
adb: device '5C161JEA304304' not found
[2026-05-19T07:11:56Z] 5C161JEA304304  re-apply tcp:8080 FAILED
[2026-05-19T07:11:56Z] 5C161JEA304304  missing tcp:8081 — re-applying
adb: device '5C161JEA304304' not found
[2026-05-19T07:11:56Z] 5C161JEA304304  re-apply tcp:8081 FAILED
[2026-05-19T07:11:56Z] 5C161JEA304304  missing tcp:4566 — re-applying
adb: device '5C161JEA304304' not found
[2026-05-19T07:11:56Z] 5C161JEA304304  re-apply tcp:4566 FAILED
[2026-05-19T07:12:11Z] 5C161JEA304304  missing tcp:8080 — re-applying
adb: device '5C161JEA304304' not found
[2026-05-19T07:12:11Z] 5C161JEA304304  re-apply tcp:8080 FAILED
[2026-05-19T07:12:11Z] 5C161JEA304304  missing tcp:8081 — re-applying
adb: device '5C161JEA304304' not found
[2026-05-19T07:12:11Z] 5C161JEA304304  re-apply tcp:8081 FAILED
[2026-05-19T07:12:11Z] 5C161JEA304304  missing tcp:4566 — re-applying
adb: device '5C161JEA304304' not found
[2026-05-19T07:12:11Z] 5C161JEA304304  re-apply tcp:4566 FAILED
[2026-05-19T07:12:26Z] 5C161JEA304304  missing tcp:8080 — re-applying
adb: device '5C161JEA304304' not found
[2026-05-19T07:12:26Z] 5C161JEA304304  re-apply tcp:8080 FAILED
[2026-05-19T07:12:26Z] 5C161JEA304304  missing tcp:8081 — re-applying
adb: device '5C161JEA304304' not found
[2026-05-19T07:12:26Z] 5C161JEA304304  re-apply tcp:8081 FAILED
[2026-05-19T07:12:26Z] 5C161JEA304304  missing tcp:4566 — re-applying
adb: device '5C161JEA304304' not found
[2026-05-19T07:12:26Z] 5C161JEA304304  re-apply tcp:4566 FAILED
[2026-05-19T07:12:42Z] 5C161JEA304304  missing tcp:8080 — re-applying
adb: device '5C161JEA304304' not found
[2026-05-19T07:12:42Z] 5C161JEA304304  re-apply tcp:8080 FAILED
[2026-05-19T07:12:42Z] 5C161JEA304304  missing tcp:8081 — re-applying
adb: device '5C161JEA304304' not found
[2026-05-19T07:12:42Z] 5C161JEA304304  re-apply tcp:8081 FAILED
[2026-05-19T07:12:42Z] 5C161JEA304304  missing tcp:4566 — re-applying
adb: device '5C161JEA304304' not found
[2026-05-19T07:12:42Z] 5C161JEA304304  re-apply tcp:4566 FAILED
[2026-05-19T07:12:57Z] 5C161JEA304304  missing tcp:8080 — re-applying
adb: device '5C161JEA304304' not found
[2026-05-19T07:12:57Z] 5C161JEA304304  re-apply tcp:8080 FAILED
[2026-05-19T07:12:57Z] 5C161JEA304304  missing tcp:8081 — re-applying
adb: device '5C161JEA304304' not found
[2026-05-19T07:12:57Z] 5C161JEA304304  re-apply tcp:8081 FAILED
[2026-05-19T07:12:57Z] 5C161JEA304304  missing tcp:4566 — re-applying
adb: device '5C161JEA304304' not found
[2026-05-19T07:12:57Z] 5C161JEA304304  re-apply tcp:4566 FAILED
[2026-05-19T07:13:12Z] 5C161JEA304304  missing tcp:8080 — re-applying
adb: device '5C161JEA304304' not found
[2026-05-19T07:13:12Z] 5C161JEA304304  re-apply tcp:8080 FAILED
[2026-05-19T07:13:12Z] 5C161JEA304304  missing tcp:8081 — re-applying
adb: device '5C161JEA304304' not found
[2026-05-19T07:13:12Z] 5C161JEA304304  re-apply tcp:8081 FAILED
[2026-05-19T07:13:12Z] 5C161JEA304304  missing tcp:4566 — re-applying
adb: device '5C161JEA304304' not found
[2026-05-19T07:13:12Z] 5C161JEA304304  re-apply tcp:4566 FAILED
[2026-05-19T07:13:27Z] 5C161JEA304304  missing tcp:8080 — re-applying
adb: device '5C161JEA304304' not found
[2026-05-19T07:13:27Z] 5C161JEA304304  re-apply tcp:8080 FAILED
[2026-05-19T07:13:27Z] 5C161JEA304304  missing tcp:8081 — re-applying
adb: device '5C161JEA304304' not found
[2026-05-19T07:13:27Z] 5C161JEA304304  re-apply tcp:8081 FAILED
[2026-05-19T07:13:27Z] 5C161JEA304304  missing tcp:4566 — re-applying
adb: device '5C161JEA304304' not found
[2026-05-19T07:13:27Z] 5C161JEA304304  re-apply tcp:4566 FAILED
[2026-05-19T07:13:42Z] 5C161JEA304304  missing tcp:8080 — re-applying
adb: device '5C161JEA304304' not found
[2026-05-19T07:13:42Z] 5C161JEA304304  re-apply tcp:8080 FAILED
[2026-05-19T07:13:42Z] 5C161JEA304304  missing tcp:8081 — re-applying
adb: device '5C161JEA304304' not found
[2026-05-19T07:13:42Z] 5C161JEA304304  re-apply tcp:8081 FAILED
[2026-05-19T07:13:42Z] 5C161JEA304304  missing tcp:4566 — re-applying
adb: device '5C161JEA304304' not found
[2026-05-19T07:13:42Z] 5C161JEA304304  re-apply tcp:4566 FAILED
[2026-05-19T07:15:59Z] 5C161JEA304304  missing tcp:8080 — re-applying
adb: device '5C161JEA304304' not found
[2026-05-19T07:15:59Z] 5C161JEA304304  re-apply tcp:8080 FAILED
[2026-05-19T07:15:59Z] 5C161JEA304304  missing tcp:8081 — re-applying
adb: device '5C161JEA304304' not found
[2026-05-19T07:15:59Z] 5C161JEA304304  re-apply tcp:8081 FAILED
[2026-05-19T07:15:59Z] 5C161JEA304304  missing tcp:4566 — re-applying
adb: device '5C161JEA304304' not found
[2026-05-19T07:15:59Z] 5C161JEA304304  re-apply tcp:4566 FAILED
[2026-05-19T07:19:03Z] 5C161JEA304304  missing tcp:8080 — re-applying
adb: device '5C161JEA304304' not found
[2026-05-19T07:19:03Z] 5C161JEA304304  re-apply tcp:8080 FAILED
[2026-05-19T07:19:03Z] 5C161JEA304304  missing tcp:8081 — re-applying
adb: device '5C161JEA304304' not found
[2026-05-19T07:19:03Z] 5C161JEA304304  re-apply tcp:8081 FAILED
[2026-05-19T07:19:03Z] 5C161JEA304304  missing tcp:4566 — re-applying
adb: device '5C161JEA304304' not found
[2026-05-19T07:19:03Z] 5C161JEA304304  re-apply tcp:4566 FAILED
[2026-05-19T07:19:19Z] 5C161JEA304304  missing tcp:8080 — re-applying
adb: device '5C161JEA304304' not found
[2026-05-19T07:19:19Z] 5C161JEA304304  re-apply tcp:8080 FAILED
[2026-05-19T07:19:19Z] 5C161JEA304304  missing tcp:8081 — re-applying
adb: device '5C161JEA304304' not found
[2026-05-19T07:19:19Z] 5C161JEA304304  re-apply tcp:8081 FAILED
[2026-05-19T07:19:19Z] 5C161JEA304304  missing tcp:4566 — re-applying
adb: device '5C161JEA304304' not found
[2026-05-19T07:19:19Z] 5C161JEA304304  re-apply tcp:4566 FAILED
[2026-05-19T07:19:34Z] 5C161JEA304304  missing tcp:8080 — re-applying
adb: device '5C161JEA304304' not found
[2026-05-19T07:19:34Z] 5C161JEA304304  re-apply tcp:8080 FAILED
[2026-05-19T07:19:34Z] 5C161JEA304304  missing tcp:8081 — re-applying
adb: device '5C161JEA304304' not found
[2026-05-19T07:19:34Z] 5C161JEA304304  re-apply tcp:8081 FAILED
[2026-05-19T07:19:34Z] 5C161JEA304304  missing tcp:4566 — re-applying
adb: device '5C161JEA304304' not found
[2026-05-19T07:19:34Z] 5C161JEA304304  re-apply tcp:4566 FAILED
[2026-05-19T07:19:49Z] 5C161JEA304304  missing tcp:8080 — re-applying
adb: device '5C161JEA304304' not found
[2026-05-19T07:19:49Z] 5C161JEA304304  re-apply tcp:8080 FAILED
[2026-05-19T07:19:49Z] 5C161JEA304304  missing tcp:8081 — re-applying
adb: device '5C161JEA304304' not found
[2026-05-19T07:19:49Z] 5C161JEA304304  re-apply tcp:8081 FAILED
[2026-05-19T07:19:49Z] 5C161JEA304304  missing tcp:4566 — re-applying
adb: device '5C161JEA304304' not found
[2026-05-19T07:19:49Z] 5C161JEA304304  re-apply tcp:4566 FAILED
[2026-05-19T07:20:04Z] 5C161JEA304304  missing tcp:8080 — re-applying
adb: device '5C161JEA304304' not found
[2026-05-19T07:20:04Z] 5C161JEA304304  re-apply tcp:8080 FAILED
[2026-05-19T07:20:04Z] 5C161JEA304304  missing tcp:8081 — re-applying
adb: device '5C161JEA304304' not found
[2026-05-19T07:20:04Z] 5C161JEA304304  re-apply tcp:8081 FAILED
[2026-05-19T07:20:04Z] 5C161JEA304304  missing tcp:4566 — re-applying
adb: device '5C161JEA304304' not found
[2026-05-19T07:20:04Z] 5C161JEA304304  re-apply tcp:4566 FAILED
[2026-05-19T07:20:19Z] 5C161JEA304304  missing tcp:8080 — re-applying
adb: device '5C161JEA304304' not found
[2026-05-19T07:20:19Z] 5C161JEA304304  re-apply tcp:8080 FAILED
[2026-05-19T07:20:19Z] 5C161JEA304304  missing tcp:8081 — re-applying
adb: device '5C161JEA304304' not found
[2026-05-19T07:20:19Z] 5C161JEA304304  re-apply tcp:8081 FAILED
[2026-05-19T07:20:19Z] 5C161JEA304304  missing tcp:4566 — re-applying
adb: device '5C161JEA304304' not found
[2026-05-19T07:20:19Z] 5C161JEA304304  re-apply tcp:4566 FAILED
[2026-05-19T07:20:34Z] 5C161JEA304304  missing tcp:8080 — re-applying
adb: device '5C161JEA304304' not found
[2026-05-19T07:20:34Z] 5C161JEA304304  re-apply tcp:8080 FAILED
[2026-05-19T07:20:34Z] 5C161JEA304304  missing tcp:8081 — re-applying
adb: device '5C161JEA304304' not found
[2026-05-19T07:20:34Z] 5C161JEA304304  re-apply tcp:8081 FAILED
[2026-05-19T07:20:34Z] 5C161JEA304304  missing tcp:4566 — re-applying
adb: device '5C161JEA304304' not found
[2026-05-19T07:20:34Z] 5C161JEA304304  re-apply tcp:4566 FAILED
[2026-05-19T07:20:49Z] 5C161JEA304304  missing tcp:8080 — re-applying
adb: device '5C161JEA304304' not found
[2026-05-19T07:20:49Z] 5C161JEA304304  re-apply tcp:8080 FAILED
[2026-05-19T07:20:49Z] 5C161JEA304304  missing tcp:8081 — re-applying
adb: device '5C161JEA304304' not found
[2026-05-19T07:20:49Z] 5C161JEA304304  re-apply tcp:8081 FAILED
[2026-05-19T07:20:49Z] 5C161JEA304304  missing tcp:4566 — re-applying
adb: device '5C161JEA304304' not found
[2026-05-19T07:20:49Z] 5C161JEA304304  re-apply tcp:4566 FAILED
[2026-05-19T07:21:04Z] 5C161JEA304304  missing tcp:8080 — re-applying
adb: device '5C161JEA304304' not found
[2026-05-19T07:21:04Z] 5C161JEA304304  re-apply tcp:8080 FAILED
[2026-05-19T07:21:05Z] 5C161JEA304304  missing tcp:8081 — re-applying
adb: device '5C161JEA304304' not found
[2026-05-19T07:21:05Z] 5C161JEA304304  re-apply tcp:8081 FAILED
[2026-05-19T07:21:05Z] 5C161JEA304304  missing tcp:4566 — re-applying
adb: device '5C161JEA304304' not found
[2026-05-19T07:21:05Z] 5C161JEA304304  re-apply tcp:4566 FAILED
[2026-05-19T07:21:20Z] 5C161JEA304304  missing tcp:8080 — re-applying
adb: device '5C161JEA304304' not found
[2026-05-19T07:21:20Z] 5C161JEA304304  re-apply tcp:8080 FAILED
[2026-05-19T07:21:20Z] 5C161JEA304304  missing tcp:8081 — re-applying
adb: device '5C161JEA304304' not found
[2026-05-19T07:21:20Z] 5C161JEA304304  re-apply tcp:8081 FAILED
[2026-05-19T07:21:20Z] 5C161JEA304304  missing tcp:4566 — re-applying
adb: device '5C161JEA304304' not found
[2026-05-19T07:21:20Z] 5C161JEA304304  re-apply tcp:4566 FAILED
[2026-05-19T07:21:35Z] 5C161JEA304304  missing tcp:8080 — re-applying
adb: device '5C161JEA304304' not found
[2026-05-19T07:21:35Z] 5C161JEA304304  re-apply tcp:8080 FAILED
[2026-05-19T07:21:35Z] 5C161JEA304304  missing tcp:8081 — re-applying
adb: device '5C161JEA304304' not found
[2026-05-19T07:21:35Z] 5C161JEA304304  re-apply tcp:8081 FAILED
[2026-05-19T07:21:35Z] 5C161JEA304304  missing tcp:4566 — re-applying
adb: device '5C161JEA304304' not found
[2026-05-19T07:21:35Z] 5C161JEA304304  re-apply tcp:4566 FAILED
[2026-05-19T07:21:50Z] 5C161JEA304304  missing tcp:8080 — re-applying
adb: device '5C161JEA304304' not found
[2026-05-19T07:21:50Z] 5C161JEA304304  re-apply tcp:8080 FAILED
[2026-05-19T07:21:50Z] 5C161JEA304304  missing tcp:8081 — re-applying
adb: device '5C161JEA304304' not found
[2026-05-19T07:21:50Z] 5C161JEA304304  re-apply tcp:8081 FAILED
[2026-05-19T07:21:50Z] 5C161JEA304304  missing tcp:4566 — re-applying
adb: device '5C161JEA304304' not found
[2026-05-19T07:21:50Z] 5C161JEA304304  re-apply tcp:4566 FAILED
[2026-05-19T07:22:05Z] 5C161JEA304304  missing tcp:8080 — re-applying
adb: device '5C161JEA304304' not found
[2026-05-19T07:22:05Z] 5C161JEA304304  re-apply tcp:8080 FAILED
[2026-05-19T07:22:05Z] 5C161JEA304304  missing tcp:8081 — re-applying
adb: device '5C161JEA304304' not found
[2026-05-19T07:22:05Z] 5C161JEA304304  re-apply tcp:8081 FAILED
[2026-05-19T07:22:05Z] 5C161JEA304304  missing tcp:4566 — re-applying
adb: device '5C161JEA304304' not found
[2026-05-19T07:22:05Z] 5C161JEA304304  re-apply tcp:4566 FAILED
[2026-05-19T07:22:20Z] 5C161JEA304304  missing tcp:8080 — re-applying
adb: device '5C161JEA304304' not found
[2026-05-19T07:22:20Z] 5C161JEA304304  re-apply tcp:8080 FAILED
[2026-05-19T07:22:20Z] 5C161JEA304304  missing tcp:8081 — re-applying
adb: device '5C161JEA304304' not found
[2026-05-19T07:22:20Z] 5C161JEA304304  re-apply tcp:8081 FAILED
[2026-05-19T07:22:20Z] 5C161JEA304304  missing tcp:4566 — re-applying
adb: device '5C161JEA304304' not found
[2026-05-19T07:22:20Z] 5C161JEA304304  re-apply tcp:4566 FAILED
[2026-05-19T07:22:35Z] 5C161JEA304304  missing tcp:8080 — re-applying
adb: device '5C161JEA304304' not found
[2026-05-19T07:22:35Z] 5C161JEA304304  re-apply tcp:8080 FAILED
[2026-05-19T07:22:35Z] 5C161JEA304304  missing tcp:8081 — re-applying
adb: device '5C161JEA304304' not found
[2026-05-19T07:22:35Z] 5C161JEA304304  re-apply tcp:8081 FAILED
[2026-05-19T07:22:35Z] 5C161JEA304304  missing tcp:4566 — re-applying
adb: device '5C161JEA304304' not found
[2026-05-19T07:22:35Z] 5C161JEA304304  re-apply tcp:4566 FAILED
[2026-05-19T07:22:50Z] 5C161JEA304304  missing tcp:8080 — re-applying
adb: device '5C161JEA304304' not found
[2026-05-19T07:22:50Z] 5C161JEA304304  re-apply tcp:8080 FAILED
[2026-05-19T07:22:50Z] 5C161JEA304304  missing tcp:8081 — re-applying
adb: device '5C161JEA304304' not found
[2026-05-19T07:22:50Z] 5C161JEA304304  re-apply tcp:8081 FAILED
[2026-05-19T07:22:51Z] 5C161JEA304304  missing tcp:4566 — re-applying
adb: device '5C161JEA304304' not found
[2026-05-19T07:22:51Z] 5C161JEA304304  re-apply tcp:4566 FAILED
[2026-05-19T07:23:06Z] 5C161JEA304304  missing tcp:8080 — re-applying
adb: device '5C161JEA304304' not found
[2026-05-19T07:23:06Z] 5C161JEA304304  re-apply tcp:8080 FAILED
[2026-05-19T07:23:06Z] 5C161JEA304304  missing tcp:8081 — re-applying
adb: device '5C161JEA304304' not found
[2026-05-19T07:23:06Z] 5C161JEA304304  re-apply tcp:8081 FAILED
[2026-05-19T07:23:06Z] 5C161JEA304304  missing tcp:4566 — re-applying
adb: device '5C161JEA304304' not found
[2026-05-19T07:23:06Z] 5C161JEA304304  re-apply tcp:4566 FAILED
[2026-05-19T07:23:21Z] 5C161JEA304304  missing tcp:8080 — re-applying
adb: device '5C161JEA304304' not found
[2026-05-19T07:23:21Z] 5C161JEA304304  re-apply tcp:8080 FAILED
[2026-05-19T07:23:21Z] 5C161JEA304304  missing tcp:8081 — re-applying
adb: device '5C161JEA304304' not found
[2026-05-19T07:23:21Z] 5C161JEA304304  re-apply tcp:8081 FAILED
[2026-05-19T07:23:21Z] 5C161JEA304304  missing tcp:4566 — re-applying
adb: device '5C161JEA304304' not found
[2026-05-19T07:23:21Z] 5C161JEA304304  re-apply tcp:4566 FAILED
[2026-05-19T07:23:36Z] 5C161JEA304304  missing tcp:8080 — re-applying
adb: device '5C161JEA304304' not found
[2026-05-19T07:23:36Z] 5C161JEA304304  re-apply tcp:8080 FAILED
[2026-05-19T07:23:36Z] 5C161JEA304304  missing tcp:8081 — re-applying
adb: device '5C161JEA304304' not found
[2026-05-19T07:23:36Z] 5C161JEA304304  re-apply tcp:8081 FAILED
[2026-05-19T07:23:36Z] 5C161JEA304304  missing tcp:4566 — re-applying
adb: device '5C161JEA304304' not found
[2026-05-19T07:23:36Z] 5C161JEA304304  re-apply tcp:4566 FAILED
[2026-05-19T07:23:51Z] 5C161JEA304304  missing tcp:8080 — re-applying
adb: device '5C161JEA304304' not found
[2026-05-19T07:23:51Z] 5C161JEA304304  re-apply tcp:8080 FAILED
[2026-05-19T07:23:51Z] 5C161JEA304304  missing tcp:8081 — re-applying
adb: device '5C161JEA304304' not found
[2026-05-19T07:23:51Z] 5C161JEA304304  re-apply tcp:8081 FAILED
[2026-05-19T07:23:51Z] 5C161JEA304304  missing tcp:4566 — re-applying
adb: device '5C161JEA304304' not found
[2026-05-19T07:23:51Z] 5C161JEA304304  re-apply tcp:4566 FAILED
[2026-05-19T07:24:06Z] 5C161JEA304304  missing tcp:8080 — re-applying
adb: device '5C161JEA304304' not found
[2026-05-19T07:24:06Z] 5C161JEA304304  re-apply tcp:8080 FAILED
[2026-05-19T07:24:06Z] 5C161JEA304304  missing tcp:8081 — re-applying
adb: device '5C161JEA304304' not found
[2026-05-19T07:24:06Z] 5C161JEA304304  re-apply tcp:8081 FAILED
[2026-05-19T07:24:06Z] 5C161JEA304304  missing tcp:4566 — re-applying
adb: device '5C161JEA304304' not found
[2026-05-19T07:24:06Z] 5C161JEA304304  re-apply tcp:4566 FAILED
[2026-05-19T07:24:21Z] 5C161JEA304304  missing tcp:8080 — re-applying
adb: device '5C161JEA304304' not found
[2026-05-19T07:24:21Z] 5C161JEA304304  re-apply tcp:8080 FAILED
[2026-05-19T07:24:21Z] 5C161JEA304304  missing tcp:8081 — re-applying
adb: device '5C161JEA304304' not found
[2026-05-19T07:24:21Z] 5C161JEA304304  re-apply tcp:8081 FAILED
[2026-05-19T07:24:21Z] 5C161JEA304304  missing tcp:4566 — re-applying
adb: device '5C161JEA304304' not found
[2026-05-19T07:24:21Z] 5C161JEA304304  re-apply tcp:4566 FAILED
[2026-05-19T07:24:36Z] 5C161JEA304304  missing tcp:8080 — re-applying
adb: device '5C161JEA304304' not found
[2026-05-19T07:24:36Z] 5C161JEA304304  re-apply tcp:8080 FAILED
[2026-05-19T07:24:36Z] 5C161JEA304304  missing tcp:8081 — re-applying
adb: device '5C161JEA304304' not found
[2026-05-19T07:24:36Z] 5C161JEA304304  re-apply tcp:8081 FAILED
[2026-05-19T07:24:36Z] 5C161JEA304304  missing tcp:4566 — re-applying
adb: device '5C161JEA304304' not found
[2026-05-19T07:24:36Z] 5C161JEA304304  re-apply tcp:4566 FAILED
[2026-05-19T07:24:52Z] 5C161JEA304304  missing tcp:8080 — re-applying
adb: device '5C161JEA304304' not found
[2026-05-19T07:24:52Z] 5C161JEA304304  re-apply tcp:8080 FAILED
[2026-05-19T07:24:52Z] 5C161JEA304304  missing tcp:8081 — re-applying
adb: device '5C161JEA304304' not found
[2026-05-19T07:24:52Z] 5C161JEA304304  re-apply tcp:8081 FAILED
[2026-05-19T07:24:52Z] 5C161JEA304304  missing tcp:4566 — re-applying
adb: device '5C161JEA304304' not found
[2026-05-19T07:24:52Z] 5C161JEA304304  re-apply tcp:4566 FAILED
[2026-05-19T07:25:07Z] 5C161JEA304304  missing tcp:8080 — re-applying
adb: device '5C161JEA304304' not found
[2026-05-19T07:25:07Z] 5C161JEA304304  re-apply tcp:8080 FAILED
[2026-05-19T07:25:07Z] 5C161JEA304304  missing tcp:8081 — re-applying
adb: device '5C161JEA304304' not found
[2026-05-19T07:25:07Z] 5C161JEA304304  re-apply tcp:8081 FAILED
[2026-05-19T07:25:07Z] 5C161JEA304304  missing tcp:4566 — re-applying
adb: device '5C161JEA304304' not found
[2026-05-19T07:25:07Z] 5C161JEA304304  re-apply tcp:4566 FAILED
[2026-05-19T07:25:22Z] 5C161JEA304304  missing tcp:8080 — re-applying
adb: device '5C161JEA304304' not found
[2026-05-19T07:25:22Z] 5C161JEA304304  re-apply tcp:8080 FAILED
[2026-05-19T07:25:22Z] 5C161JEA304304  missing tcp:8081 — re-applying
adb: device '5C161JEA304304' not found
[2026-05-19T07:25:22Z] 5C161JEA304304  re-apply tcp:8081 FAILED
[2026-05-19T07:25:22Z] 5C161JEA304304  missing tcp:4566 — re-applying
adb: device '5C161JEA304304' not found
[2026-05-19T07:25:22Z] 5C161JEA304304  re-apply tcp:4566 FAILED
[2026-05-19T07:25:37Z] 5C161JEA304304  missing tcp:8080 — re-applying
adb: device '5C161JEA304304' not found
[2026-05-19T07:25:37Z] 5C161JEA304304  re-apply tcp:8080 FAILED
[2026-05-19T07:25:37Z] 5C161JEA304304  missing tcp:8081 — re-applying
adb: device '5C161JEA304304' not found
[2026-05-19T07:25:37Z] 5C161JEA304304  re-apply tcp:8081 FAILED
[2026-05-19T07:25:37Z] 5C161JEA304304  missing tcp:4566 — re-applying
adb: device '5C161JEA304304' not found
[2026-05-19T07:25:37Z] 5C161JEA304304  re-apply tcp:4566 FAILED
[2026-05-19T07:25:52Z] 5C161JEA304304  missing tcp:8080 — re-applying
adb: device '5C161JEA304304' not found
[2026-05-19T07:25:52Z] 5C161JEA304304  re-apply tcp:8080 FAILED
[2026-05-19T07:25:52Z] 5C161JEA304304  missing tcp:8081 — re-applying
adb: device '5C161JEA304304' not found
[2026-05-19T07:25:52Z] 5C161JEA304304  re-apply tcp:8081 FAILED
[2026-05-19T07:25:52Z] 5C161JEA304304  missing tcp:4566 — re-applying
adb: device '5C161JEA304304' not found
[2026-05-19T07:25:52Z] 5C161JEA304304  re-apply tcp:4566 FAILED
[2026-05-19T07:26:07Z] 5C161JEA304304  missing tcp:8080 — re-applying
adb: device '5C161JEA304304' not found
[2026-05-19T07:26:07Z] 5C161JEA304304  re-apply tcp:8080 FAILED
[2026-05-19T07:26:07Z] 5C161JEA304304  missing tcp:8081 — re-applying
adb: device '5C161JEA304304' not found
[2026-05-19T07:26:07Z] 5C161JEA304304  re-apply tcp:8081 FAILED
[2026-05-19T07:26:07Z] 5C161JEA304304  missing tcp:4566 — re-applying
adb: device '5C161JEA304304' not found
[2026-05-19T07:26:07Z] 5C161JEA304304  re-apply tcp:4566 FAILED
[2026-05-19T07:26:22Z] 5C161JEA304304  missing tcp:8080 — re-applying
adb: device '5C161JEA304304' not found
[2026-05-19T07:26:22Z] 5C161JEA304304  re-apply tcp:8080 FAILED
[2026-05-19T07:26:22Z] 5C161JEA304304  missing tcp:8081 — re-applying
adb: device '5C161JEA304304' not found
[2026-05-19T07:26:22Z] 5C161JEA304304  re-apply tcp:8081 FAILED
[2026-05-19T07:26:22Z] 5C161JEA304304  missing tcp:4566 — re-applying
adb: device '5C161JEA304304' not found
[2026-05-19T07:26:22Z] 5C161JEA304304  re-apply tcp:4566 FAILED
[2026-05-19T07:26:38Z] 5C161JEA304304  missing tcp:8080 — re-applying
adb: device '5C161JEA304304' not found
[2026-05-19T07:26:38Z] 5C161JEA304304  re-apply tcp:8080 FAILED
[2026-05-19T07:26:38Z] 5C161JEA304304  missing tcp:8081 — re-applying
adb: device '5C161JEA304304' not found
[2026-05-19T07:26:38Z] 5C161JEA304304  re-apply tcp:8081 FAILED
[2026-05-19T07:26:38Z] 5C161JEA304304  missing tcp:4566 — re-applying
adb: device '5C161JEA304304' not found
[2026-05-19T07:26:38Z] 5C161JEA304304  re-apply tcp:4566 FAILED
[2026-05-19T07:26:53Z] 5C161JEA304304  missing tcp:8080 — re-applying
adb: device '5C161JEA304304' not found
[2026-05-19T07:26:53Z] 5C161JEA304304  re-apply tcp:8080 FAILED
[2026-05-19T07:26:53Z] 5C161JEA304304  missing tcp:8081 — re-applying
adb: device '5C161JEA304304' not found
[2026-05-19T07:26:53Z] 5C161JEA304304  re-apply tcp:8081 FAILED
[2026-05-19T07:26:53Z] 5C161JEA304304  missing tcp:4566 — re-applying
adb: device '5C161JEA304304' not found
[2026-05-19T07:26:53Z] 5C161JEA304304  re-apply tcp:4566 FAILED
[2026-05-19T07:27:08Z] 5C161JEA304304  missing tcp:8080 — re-applying
adb: device '5C161JEA304304' not found
[2026-05-19T07:27:08Z] 5C161JEA304304  re-apply tcp:8080 FAILED
[2026-05-19T07:27:08Z] 5C161JEA304304  missing tcp:8081 — re-applying
adb: device '5C161JEA304304' not found
[2026-05-19T07:27:08Z] 5C161JEA304304  re-apply tcp:8081 FAILED
[2026-05-19T07:27:08Z] 5C161JEA304304  missing tcp:4566 — re-applying
adb: device '5C161JEA304304' not found
[2026-05-19T07:27:08Z] 5C161JEA304304  re-apply tcp:4566 FAILED
[2026-05-19T07:27:23Z] 5C161JEA304304  missing tcp:8080 — re-applying
adb: device '5C161JEA304304' not found
[2026-05-19T07:27:23Z] 5C161JEA304304  re-apply tcp:8080 FAILED
[2026-05-19T07:27:23Z] 5C161JEA304304  missing tcp:8081 — re-applying
adb: device '5C161JEA304304' not found
[2026-05-19T07:27:23Z] 5C161JEA304304  re-apply tcp:8081 FAILED
[2026-05-19T07:27:23Z] 5C161JEA304304  missing tcp:4566 — re-applying
adb: device '5C161JEA304304' not found
[2026-05-19T07:27:23Z] 5C161JEA304304  re-apply tcp:4566 FAILED
[2026-05-19T07:27:38Z] 5C161JEA304304  missing tcp:8080 — re-applying
adb: device '5C161JEA304304' not found
[2026-05-19T07:27:38Z] 5C161JEA304304  re-apply tcp:8080 FAILED
[2026-05-19T07:27:38Z] 5C161JEA304304  missing tcp:8081 — re-applying
adb: device '5C161JEA304304' not found
[2026-05-19T07:27:38Z] 5C161JEA304304  re-apply tcp:8081 FAILED
[2026-05-19T07:27:38Z] 5C161JEA304304  missing tcp:4566 — re-applying
adb: device '5C161JEA304304' not found
[2026-05-19T07:27:38Z] 5C161JEA304304  re-apply tcp:4566 FAILED
[2026-05-19T07:27:53Z] 5C161JEA304304  missing tcp:8080 — re-applying
adb: device '5C161JEA304304' not found
[2026-05-19T07:27:53Z] 5C161JEA304304  re-apply tcp:8080 FAILED
[2026-05-19T07:27:53Z] 5C161JEA304304  missing tcp:8081 — re-applying
adb: device '5C161JEA304304' not found
[2026-05-19T07:27:53Z] 5C161JEA304304  re-apply tcp:8081 FAILED
[2026-05-19T07:27:53Z] 5C161JEA304304  missing tcp:4566 — re-applying
adb: device '5C161JEA304304' not found
[2026-05-19T07:27:53Z] 5C161JEA304304  re-apply tcp:4566 FAILED
[2026-05-19T07:28:08Z] 5C161JEA304304  missing tcp:8080 — re-applying
adb: device '5C161JEA304304' not found
[2026-05-19T07:28:08Z] 5C161JEA304304  re-apply tcp:8080 FAILED
[2026-05-19T07:28:08Z] 5C161JEA304304  missing tcp:8081 — re-applying
adb: device '5C161JEA304304' not found
[2026-05-19T07:28:08Z] 5C161JEA304304  re-apply tcp:8081 FAILED
[2026-05-19T07:28:08Z] 5C161JEA304304  missing tcp:4566 — re-applying
adb: device '5C161JEA304304' not found
[2026-05-19T07:28:08Z] 5C161JEA304304  re-apply tcp:4566 FAILED
[2026-05-19T07:28:23Z] 5C161JEA304304  missing tcp:8080 — re-applying
adb: device '5C161JEA304304' not found
[2026-05-19T07:28:23Z] 5C161JEA304304  re-apply tcp:8080 FAILED
[2026-05-19T07:28:23Z] 5C161JEA304304  missing tcp:8081 — re-applying
adb: device '5C161JEA304304' not found
[2026-05-19T07:28:23Z] 5C161JEA304304  re-apply tcp:8081 FAILED
[2026-05-19T07:28:23Z] 5C161JEA304304  missing tcp:4566 — re-applying
adb: device '5C161JEA304304' not found
[2026-05-19T07:28:23Z] 5C161JEA304304  re-apply tcp:4566 FAILED
[2026-05-19T07:28:39Z] 5C161JEA304304  missing tcp:8080 — re-applying
adb: device '5C161JEA304304' not found
[2026-05-19T07:28:39Z] 5C161JEA304304  re-apply tcp:8080 FAILED
[2026-05-19T07:28:39Z] 5C161JEA304304  missing tcp:8081 — re-applying
adb: device '5C161JEA304304' not found
[2026-05-19T07:28:39Z] 5C161JEA304304  re-apply tcp:8081 FAILED
[2026-05-19T07:28:39Z] 5C161JEA304304  missing tcp:4566 — re-applying
adb: device '5C161JEA304304' not found
[2026-05-19T07:28:39Z] 5C161JEA304304  re-apply tcp:4566 FAILED
[2026-05-19T07:28:54Z] 5C161JEA304304  missing tcp:8080 — re-applying
adb: device '5C161JEA304304' not found
[2026-05-19T07:28:54Z] 5C161JEA304304  re-apply tcp:8080 FAILED
[2026-05-19T07:28:54Z] 5C161JEA304304  missing tcp:8081 — re-applying
adb: device '5C161JEA304304' not found
[2026-05-19T07:28:54Z] 5C161JEA304304  re-apply tcp:8081 FAILED
[2026-05-19T07:28:54Z] 5C161JEA304304  missing tcp:4566 — re-applying
adb: device '5C161JEA304304' not found
[2026-05-19T07:28:54Z] 5C161JEA304304  re-apply tcp:4566 FAILED
[2026-05-19T07:29:09Z] 5C161JEA304304  missing tcp:8080 — re-applying
adb: device '5C161JEA304304' not found
[2026-05-19T07:29:09Z] 5C161JEA304304  re-apply tcp:8080 FAILED
[2026-05-19T07:29:09Z] 5C161JEA304304  missing tcp:8081 — re-applying
adb: device '5C161JEA304304' not found
[2026-05-19T07:29:09Z] 5C161JEA304304  re-apply tcp:8081 FAILED
[2026-05-19T07:29:09Z] 5C161JEA304304  missing tcp:4566 — re-applying
adb: device '5C161JEA304304' not found
[2026-05-19T07:29:09Z] 5C161JEA304304  re-apply tcp:4566 FAILED
[2026-05-19T07:29:24Z] 5C161JEA304304  missing tcp:8080 — re-applying
adb: device '5C161JEA304304' not found
[2026-05-19T07:29:24Z] 5C161JEA304304  re-apply tcp:8080 FAILED
[2026-05-19T07:29:24Z] 5C161JEA304304  missing tcp:8081 — re-applying
adb: device '5C161JEA304304' not found
[2026-05-19T07:29:24Z] 5C161JEA304304  re-apply tcp:8081 FAILED
[2026-05-19T07:29:24Z] 5C161JEA304304  missing tcp:4566 — re-applying
adb: device '5C161JEA304304' not found
[2026-05-19T07:29:24Z] 5C161JEA304304  re-apply tcp:4566 FAILED
[2026-05-19T07:29:39Z] 5C161JEA304304  missing tcp:8080 — re-applying
adb: device '5C161JEA304304' not found
[2026-05-19T07:29:39Z] 5C161JEA304304  re-apply tcp:8080 FAILED
[2026-05-19T07:29:39Z] 5C161JEA304304  missing tcp:8081 — re-applying
adb: device '5C161JEA304304' not found
[2026-05-19T07:29:39Z] 5C161JEA304304  re-apply tcp:8081 FAILED
[2026-05-19T07:29:39Z] 5C161JEA304304  missing tcp:4566 — re-applying
adb: device '5C161JEA304304' not found
[2026-05-19T07:29:39Z] 5C161JEA304304  re-apply tcp:4566 FAILED
[2026-05-19T07:29:54Z] 5C161JEA304304  missing tcp:8080 — re-applying
adb: device '5C161JEA304304' not found
[2026-05-19T07:29:54Z] 5C161JEA304304  re-apply tcp:8080 FAILED
[2026-05-19T07:29:54Z] 5C161JEA304304  missing tcp:8081 — re-applying
adb: device '5C161JEA304304' not found
[2026-05-19T07:29:54Z] 5C161JEA304304  re-apply tcp:8081 FAILED
[2026-05-19T07:29:54Z] 5C161JEA304304  missing tcp:4566 — re-applying
adb: device '5C161JEA304304' not found
[2026-05-19T07:29:54Z] 5C161JEA304304  re-apply tcp:4566 FAILED
[2026-05-19T07:30:10Z] 5C161JEA304304  missing tcp:8080 — re-applying
adb: device '5C161JEA304304' not found
[2026-05-19T07:30:10Z] 5C161JEA304304  re-apply tcp:8080 FAILED
[2026-05-19T07:30:10Z] 5C161JEA304304  missing tcp:8081 — re-applying
adb: device '5C161JEA304304' not found
[2026-05-19T07:30:10Z] 5C161JEA304304  re-apply tcp:8081 FAILED
[2026-05-19T07:30:10Z] 5C161JEA304304  missing tcp:4566 — re-applying
adb: device '5C161JEA304304' not found
[2026-05-19T07:30:10Z] 5C161JEA304304  re-apply tcp:4566 FAILED
[2026-05-19T07:30:25Z] 5C161JEA304304  missing tcp:8080 — re-applying
adb: device '5C161JEA304304' not found
[2026-05-19T07:30:25Z] 5C161JEA304304  re-apply tcp:8080 FAILED
[2026-05-19T07:30:25Z] 5C161JEA304304  missing tcp:8081 — re-applying
adb: device '5C161JEA304304' not found
[2026-05-19T07:30:25Z] 5C161JEA304304  re-apply tcp:8081 FAILED
[2026-05-19T07:30:25Z] 5C161JEA304304  missing tcp:4566 — re-applying
adb: device '5C161JEA304304' not found
[2026-05-19T07:30:25Z] 5C161JEA304304  re-apply tcp:4566 FAILED
[2026-05-19T07:30:40Z] 5C161JEA304304  missing tcp:8080 — re-applying
adb: device '5C161JEA304304' not found
[2026-05-19T07:30:40Z] 5C161JEA304304  re-apply tcp:8080 FAILED
[2026-05-19T07:30:40Z] 5C161JEA304304  missing tcp:8081 — re-applying
adb: device '5C161JEA304304' not found
[2026-05-19T07:30:40Z] 5C161JEA304304  re-apply tcp:8081 FAILED
[2026-05-19T07:30:40Z] 5C161JEA304304  missing tcp:4566 — re-applying
adb: device '5C161JEA304304' not found
[2026-05-19T07:30:40Z] 5C161JEA304304  re-apply tcp:4566 FAILED
[2026-05-19T07:30:55Z] 5C161JEA304304  missing tcp:8080 — re-applying
adb: device '5C161JEA304304' not found
[2026-05-19T07:30:55Z] 5C161JEA304304  re-apply tcp:8080 FAILED
[2026-05-19T07:30:55Z] 5C161JEA304304  missing tcp:8081 — re-applying
adb: device '5C161JEA304304' not found
[2026-05-19T07:30:55Z] 5C161JEA304304  re-apply tcp:8081 FAILED
[2026-05-19T07:30:55Z] 5C161JEA304304  missing tcp:4566 — re-applying
adb: device '5C161JEA304304' not found
[2026-05-19T07:30:55Z] 5C161JEA304304  re-apply tcp:4566 FAILED
[2026-05-19T07:31:10Z] 5C161JEA304304  missing tcp:8080 — re-applying
adb: device '5C161JEA304304' not found
[2026-05-19T07:31:10Z] 5C161JEA304304  re-apply tcp:8080 FAILED
[2026-05-19T07:31:10Z] 5C161JEA304304  missing tcp:8081 — re-applying
adb: device '5C161JEA304304' not found
[2026-05-19T07:31:10Z] 5C161JEA304304  re-apply tcp:8081 FAILED
[2026-05-19T07:31:10Z] 5C161JEA304304  missing tcp:4566 — re-applying
adb: device '5C161JEA304304' not found
[2026-05-19T07:31:10Z] 5C161JEA304304  re-apply tcp:4566 FAILED
[2026-05-19T07:31:25Z] 5C161JEA304304  missing tcp:8080 — re-applying
adb: device '5C161JEA304304' not found
[2026-05-19T07:31:25Z] 5C161JEA304304  re-apply tcp:8080 FAILED
[2026-05-19T07:31:25Z] 5C161JEA304304  missing tcp:8081 — re-applying
adb: device '5C161JEA304304' not found
[2026-05-19T07:31:25Z] 5C161JEA304304  re-apply tcp:8081 FAILED
[2026-05-19T07:31:25Z] 5C161JEA304304  missing tcp:4566 — re-applying
adb: device '5C161JEA304304' not found
[2026-05-19T07:31:25Z] 5C161JEA304304  re-apply tcp:4566 FAILED
[2026-05-19T07:31:40Z] 5C161JEA304304  missing tcp:8080 — re-applying
adb: device '5C161JEA304304' not found
[2026-05-19T07:31:40Z] 5C161JEA304304  re-apply tcp:8080 FAILED
[2026-05-19T07:31:40Z] 5C161JEA304304  missing tcp:8081 — re-applying
adb: device '5C161JEA304304' not found
[2026-05-19T07:31:40Z] 5C161JEA304304  re-apply tcp:8081 FAILED
[2026-05-19T07:31:40Z] 5C161JEA304304  missing tcp:4566 — re-applying
adb: device '5C161JEA304304' not found
[2026-05-19T07:31:40Z] 5C161JEA304304  re-apply tcp:4566 FAILED
[2026-05-19T07:31:55Z] 5C161JEA304304  missing tcp:8080 — re-applying
adb: device '5C161JEA304304' not found
[2026-05-19T07:31:55Z] 5C161JEA304304  re-apply tcp:8080 FAILED
[2026-05-19T07:31:55Z] 5C161JEA304304  missing tcp:8081 — re-applying
adb: device '5C161JEA304304' not found
[2026-05-19T07:31:55Z] 5C161JEA304304  re-apply tcp:8081 FAILED
[2026-05-19T07:31:55Z] 5C161JEA304304  missing tcp:4566 — re-applying
adb: device '5C161JEA304304' not found
[2026-05-19T07:31:55Z] 5C161JEA304304  re-apply tcp:4566 FAILED
[2026-05-19T07:32:11Z] 5C161JEA304304  missing tcp:8080 — re-applying
adb: device '5C161JEA304304' not found
[2026-05-19T07:32:11Z] 5C161JEA304304  re-apply tcp:8080 FAILED
[2026-05-19T07:32:11Z] 5C161JEA304304  missing tcp:8081 — re-applying
adb: device '5C161JEA304304' not found
[2026-05-19T07:32:11Z] 5C161JEA304304  re-apply tcp:8081 FAILED
[2026-05-19T07:32:11Z] 5C161JEA304304  missing tcp:4566 — re-applying
adb: device '5C161JEA304304' not found
[2026-05-19T07:32:11Z] 5C161JEA304304  re-apply tcp:4566 FAILED
[2026-05-19T07:32:26Z] 5C161JEA304304  missing tcp:8080 — re-applying
adb: device '5C161JEA304304' not found
[2026-05-19T07:32:26Z] 5C161JEA304304  re-apply tcp:8080 FAILED
[2026-05-19T07:32:26Z] 5C161JEA304304  missing tcp:8081 — re-applying
adb: device '5C161JEA304304' not found
[2026-05-19T07:32:26Z] 5C161JEA304304  re-apply tcp:8081 FAILED
[2026-05-19T07:32:26Z] 5C161JEA304304  missing tcp:4566 — re-applying
adb: device '5C161JEA304304' not found
[2026-05-19T07:32:26Z] 5C161JEA304304  re-apply tcp:4566 FAILED
[2026-05-19T07:32:41Z] 5C161JEA304304  missing tcp:8080 — re-applying
adb: device '5C161JEA304304' not found
[2026-05-19T07:32:41Z] 5C161JEA304304  re-apply tcp:8080 FAILED
[2026-05-19T07:32:41Z] 5C161JEA304304  missing tcp:8081 — re-applying
adb: device '5C161JEA304304' not found
[2026-05-19T07:32:41Z] 5C161JEA304304  re-apply tcp:8081 FAILED
[2026-05-19T07:32:41Z] 5C161JEA304304  missing tcp:4566 — re-applying
adb: device '5C161JEA304304' not found
[2026-05-19T07:32:41Z] 5C161JEA304304  re-apply tcp:4566 FAILED
[2026-05-19T07:32:56Z] 5C161JEA304304  missing tcp:8080 — re-applying
adb: device '5C161JEA304304' not found
[2026-05-19T07:32:56Z] 5C161JEA304304  re-apply tcp:8080 FAILED
[2026-05-19T07:32:56Z] 5C161JEA304304  missing tcp:8081 — re-applying
adb: device '5C161JEA304304' not found
[2026-05-19T07:32:56Z] 5C161JEA304304  re-apply tcp:8081 FAILED
[2026-05-19T07:32:56Z] 5C161JEA304304  missing tcp:4566 — re-applying
adb: device '5C161JEA304304' not found
[2026-05-19T07:32:56Z] 5C161JEA304304  re-apply tcp:4566 FAILED
[2026-05-19T07:33:11Z] 5C161JEA304304  missing tcp:8080 — re-applying
adb: device '5C161JEA304304' not found
[2026-05-19T07:33:11Z] 5C161JEA304304  re-apply tcp:8080 FAILED
[2026-05-19T07:33:11Z] 5C161JEA304304  missing tcp:8081 — re-applying
adb: device '5C161JEA304304' not found
[2026-05-19T07:33:11Z] 5C161JEA304304  re-apply tcp:8081 FAILED
[2026-05-19T07:33:11Z] 5C161JEA304304  missing tcp:4566 — re-applying
adb: device '5C161JEA304304' not found
[2026-05-19T07:33:11Z] 5C161JEA304304  re-apply tcp:4566 FAILED
[2026-05-19T07:33:26Z] 5C161JEA304304  missing tcp:8080 — re-applying
adb: device '5C161JEA304304' not found
[2026-05-19T07:33:26Z] 5C161JEA304304  re-apply tcp:8080 FAILED
[2026-05-19T07:33:26Z] 5C161JEA304304  missing tcp:8081 — re-applying
adb: device '5C161JEA304304' not found
[2026-05-19T07:33:26Z] 5C161JEA304304  re-apply tcp:8081 FAILED
[2026-05-19T07:33:26Z] 5C161JEA304304  missing tcp:4566 — re-applying
adb: device '5C161JEA304304' not found
[2026-05-19T07:33:26Z] 5C161JEA304304  re-apply tcp:4566 FAILED
[2026-05-19T07:33:41Z] 5C161JEA304304  missing tcp:8080 — re-applying
adb: device '5C161JEA304304' not found
[2026-05-19T07:33:41Z] 5C161JEA304304  re-apply tcp:8080 FAILED
[2026-05-19T07:33:41Z] 5C161JEA304304  missing tcp:8081 — re-applying
adb: device '5C161JEA304304' not found
[2026-05-19T07:33:41Z] 5C161JEA304304  re-apply tcp:8081 FAILED
[2026-05-19T07:33:41Z] 5C161JEA304304  missing tcp:4566 — re-applying
adb: device '5C161JEA304304' not found
[2026-05-19T07:33:41Z] 5C161JEA304304  re-apply tcp:4566 FAILED
[2026-05-19T07:33:56Z] 5C161JEA304304  missing tcp:8080 — re-applying
adb: device '5C161JEA304304' not found
[2026-05-19T07:33:56Z] 5C161JEA304304  re-apply tcp:8080 FAILED
[2026-05-19T07:33:56Z] 5C161JEA304304  missing tcp:8081 — re-applying
adb: device '5C161JEA304304' not found
[2026-05-19T07:33:56Z] 5C161JEA304304  re-apply tcp:8081 FAILED
[2026-05-19T07:33:56Z] 5C161JEA304304  missing tcp:4566 — re-applying
adb: device '5C161JEA304304' not found
[2026-05-19T07:33:56Z] 5C161JEA304304  re-apply tcp:4566 FAILED
[2026-05-19T07:34:11Z] 5C161JEA304304  missing tcp:8080 — re-applying
adb: device '5C161JEA304304' not found
[2026-05-19T07:34:11Z] 5C161JEA304304  re-apply tcp:8080 FAILED
[2026-05-19T07:34:12Z] 5C161JEA304304  missing tcp:8081 — re-applying
adb: device '5C161JEA304304' not found
[2026-05-19T07:34:12Z] 5C161JEA304304  re-apply tcp:8081 FAILED
[2026-05-19T07:34:12Z] 5C161JEA304304  missing tcp:4566 — re-applying
adb: device '5C161JEA304304' not found
[2026-05-19T07:34:12Z] 5C161JEA304304  re-apply tcp:4566 FAILED
[2026-05-19T07:34:27Z] 5C161JEA304304  missing tcp:8080 — re-applying
adb: device '5C161JEA304304' not found
[2026-05-19T07:34:27Z] 5C161JEA304304  re-apply tcp:8080 FAILED
[2026-05-19T07:34:27Z] 5C161JEA304304  missing tcp:8081 — re-applying
adb: device '5C161JEA304304' not found
[2026-05-19T07:34:27Z] 5C161JEA304304  re-apply tcp:8081 FAILED
[2026-05-19T07:34:27Z] 5C161JEA304304  missing tcp:4566 — re-applying
adb: device '5C161JEA304304' not found
[2026-05-19T07:34:27Z] 5C161JEA304304  re-apply tcp:4566 FAILED
[2026-05-19T07:34:42Z] 5C161JEA304304  missing tcp:8080 — re-applying
adb: device '5C161JEA304304' not found
[2026-05-19T07:34:42Z] 5C161JEA304304  re-apply tcp:8080 FAILED
[2026-05-19T07:34:42Z] 5C161JEA304304  missing tcp:8081 — re-applying
adb: device '5C161JEA304304' not found
[2026-05-19T07:34:42Z] 5C161JEA304304  re-apply tcp:8081 FAILED
[2026-05-19T07:34:42Z] 5C161JEA304304  missing tcp:4566 — re-applying
adb: device '5C161JEA304304' not found
[2026-05-19T07:34:42Z] 5C161JEA304304  re-apply tcp:4566 FAILED
[2026-05-19T07:34:57Z] 5C161JEA304304  missing tcp:8080 — re-applying
adb: device '5C161JEA304304' not found
[2026-05-19T07:34:57Z] 5C161JEA304304  re-apply tcp:8080 FAILED
[2026-05-19T07:34:57Z] 5C161JEA304304  missing tcp:8081 — re-applying
adb: device '5C161JEA304304' not found
[2026-05-19T07:34:57Z] 5C161JEA304304  re-apply tcp:8081 FAILED
[2026-05-19T07:34:57Z] 5C161JEA304304  missing tcp:4566 — re-applying
adb: device '5C161JEA304304' not found
[2026-05-19T07:34:57Z] 5C161JEA304304  re-apply tcp:4566 FAILED
[2026-05-19T07:35:12Z] 5C161JEA304304  missing tcp:8080 — re-applying
adb: device '5C161JEA304304' not found
[2026-05-19T07:35:12Z] 5C161JEA304304  re-apply tcp:8080 FAILED
[2026-05-19T07:35:12Z] 5C161JEA304304  missing tcp:8081 — re-applying
adb: device '5C161JEA304304' not found
[2026-05-19T07:35:12Z] 5C161JEA304304  re-apply tcp:8081 FAILED
[2026-05-19T07:35:12Z] 5C161JEA304304  missing tcp:4566 — re-applying
adb: device '5C161JEA304304' not found
[2026-05-19T07:35:12Z] 5C161JEA304304  re-apply tcp:4566 FAILED
[2026-05-19T07:35:27Z] 5C161JEA304304  missing tcp:8080 — re-applying
adb: device '5C161JEA304304' not found
[2026-05-19T07:35:27Z] 5C161JEA304304  re-apply tcp:8080 FAILED
[2026-05-19T07:35:27Z] 5C161JEA304304  missing tcp:8081 — re-applying
adb: device '5C161JEA304304' not found
[2026-05-19T07:35:27Z] 5C161JEA304304  re-apply tcp:8081 FAILED
[2026-05-19T07:35:27Z] 5C161JEA304304  missing tcp:4566 — re-applying
adb: device '5C161JEA304304' not found
[2026-05-19T07:35:27Z] 5C161JEA304304  re-apply tcp:4566 FAILED
[2026-05-19T07:35:42Z] 5C161JEA304304  missing tcp:8080 — re-applying
adb: device '5C161JEA304304' not found
[2026-05-19T07:35:42Z] 5C161JEA304304  re-apply tcp:8080 FAILED
[2026-05-19T07:35:42Z] 5C161JEA304304  missing tcp:8081 — re-applying
adb: device '5C161JEA304304' not found
[2026-05-19T07:35:42Z] 5C161JEA304304  re-apply tcp:8081 FAILED
[2026-05-19T07:35:42Z] 5C161JEA304304  missing tcp:4566 — re-applying
adb: device '5C161JEA304304' not found
[2026-05-19T07:35:42Z] 5C161JEA304304  re-apply tcp:4566 FAILED
[2026-05-19T07:35:57Z] 5C161JEA304304  missing tcp:8080 — re-applying
adb: device '5C161JEA304304' not found
[2026-05-19T07:35:57Z] 5C161JEA304304  re-apply tcp:8080 FAILED
[2026-05-19T07:35:57Z] 5C161JEA304304  missing tcp:8081 — re-applying
adb: device '5C161JEA304304' not found
[2026-05-19T07:35:57Z] 5C161JEA304304  re-apply tcp:8081 FAILED
[2026-05-19T07:35:57Z] 5C161JEA304304  missing tcp:4566 — re-applying
adb: device '5C161JEA304304' not found
[2026-05-19T07:35:57Z] 5C161JEA304304  re-apply tcp:4566 FAILED
[2026-05-19T07:36:13Z] 5C161JEA304304  missing tcp:8080 — re-applying
adb: device '5C161JEA304304' not found
[2026-05-19T07:36:13Z] 5C161JEA304304  re-apply tcp:8080 FAILED
[2026-05-19T07:36:13Z] 5C161JEA304304  missing tcp:8081 — re-applying
adb: device '5C161JEA304304' not found
[2026-05-19T07:36:13Z] 5C161JEA304304  re-apply tcp:8081 FAILED
[2026-05-19T07:36:13Z] 5C161JEA304304  missing tcp:4566 — re-applying
adb: device '5C161JEA304304' not found
[2026-05-19T07:36:13Z] 5C161JEA304304  re-apply tcp:4566 FAILED
[2026-05-19T07:36:28Z] 5C161JEA304304  missing tcp:8080 — re-applying
adb: device '5C161JEA304304' not found
[2026-05-19T07:36:28Z] 5C161JEA304304  re-apply tcp:8080 FAILED
[2026-05-19T07:36:28Z] 5C161JEA304304  missing tcp:8081 — re-applying
adb: device '5C161JEA304304' not found
[2026-05-19T07:36:28Z] 5C161JEA304304  re-apply tcp:8081 FAILED
[2026-05-19T07:36:28Z] 5C161JEA304304  missing tcp:4566 — re-applying
adb: device '5C161JEA304304' not found
[2026-05-19T07:36:28Z] 5C161JEA304304  re-apply tcp:4566 FAILED
[2026-05-19T07:36:43Z] 5C161JEA304304  missing tcp:8080 — re-applying
adb: device '5C161JEA304304' not found
[2026-05-19T07:36:43Z] 5C161JEA304304  re-apply tcp:8080 FAILED
[2026-05-19T07:36:43Z] 5C161JEA304304  missing tcp:8081 — re-applying
adb: device '5C161JEA304304' not found
[2026-05-19T07:36:43Z] 5C161JEA304304  re-apply tcp:8081 FAILED
[2026-05-19T07:36:43Z] 5C161JEA304304  missing tcp:4566 — re-applying
adb: device '5C161JEA304304' not found
[2026-05-19T07:36:43Z] 5C161JEA304304  re-apply tcp:4566 FAILED
[2026-05-19T07:36:58Z] 5C161JEA304304  missing tcp:8080 — re-applying
adb: device '5C161JEA304304' not found
[2026-05-19T07:36:58Z] 5C161JEA304304  re-apply tcp:8080 FAILED
[2026-05-19T07:36:58Z] 5C161JEA304304  missing tcp:8081 — re-applying
adb: device '5C161JEA304304' not found
[2026-05-19T07:36:58Z] 5C161JEA304304  re-apply tcp:8081 FAILED
[2026-05-19T07:36:58Z] 5C161JEA304304  missing tcp:4566 — re-applying
adb: device '5C161JEA304304' not found
[2026-05-19T07:36:58Z] 5C161JEA304304  re-apply tcp:4566 FAILED
[2026-05-19T07:37:13Z] 5C161JEA304304  missing tcp:8080 — re-applying
adb: device '5C161JEA304304' not found
[2026-05-19T07:37:13Z] 5C161JEA304304  re-apply tcp:8080 FAILED
[2026-05-19T07:37:13Z] 5C161JEA304304  missing tcp:8081 — re-applying
adb: device '5C161JEA304304' not found
[2026-05-19T07:37:13Z] 5C161JEA304304  re-apply tcp:8081 FAILED
[2026-05-19T07:37:13Z] 5C161JEA304304  missing tcp:4566 — re-applying
adb: device '5C161JEA304304' not found
[2026-05-19T07:37:13Z] 5C161JEA304304  re-apply tcp:4566 FAILED
[2026-05-19T07:37:28Z] 5C161JEA304304  missing tcp:8080 — re-applying
adb: device '5C161JEA304304' not found
[2026-05-19T07:37:28Z] 5C161JEA304304  re-apply tcp:8080 FAILED
[2026-05-19T07:37:28Z] 5C161JEA304304  missing tcp:8081 — re-applying
adb: device '5C161JEA304304' not found
[2026-05-19T07:37:28Z] 5C161JEA304304  re-apply tcp:8081 FAILED
[2026-05-19T07:37:28Z] 5C161JEA304304  missing tcp:4566 — re-applying
adb: device '5C161JEA304304' not found
[2026-05-19T07:37:28Z] 5C161JEA304304  re-apply tcp:4566 FAILED
[2026-05-19T07:37:43Z] 5C161JEA304304  missing tcp:8080 — re-applying
adb: device '5C161JEA304304' not found
[2026-05-19T07:37:43Z] 5C161JEA304304  re-apply tcp:8080 FAILED
[2026-05-19T07:37:43Z] 5C161JEA304304  missing tcp:8081 — re-applying
adb: device '5C161JEA304304' not found
[2026-05-19T07:37:43Z] 5C161JEA304304  re-apply tcp:8081 FAILED
[2026-05-19T07:37:43Z] 5C161JEA304304  missing tcp:4566 — re-applying
adb: device '5C161JEA304304' not found
[2026-05-19T07:37:43Z] 5C161JEA304304  re-apply tcp:4566 FAILED
[2026-05-19T07:37:58Z] 5C161JEA304304  missing tcp:8080 — re-applying
adb: device '5C161JEA304304' not found
[2026-05-19T07:37:58Z] 5C161JEA304304  re-apply tcp:8080 FAILED
[2026-05-19T07:37:58Z] 5C161JEA304304  missing tcp:8081 — re-applying
adb: device '5C161JEA304304' not found
[2026-05-19T07:37:58Z] 5C161JEA304304  re-apply tcp:8081 FAILED
[2026-05-19T07:37:58Z] 5C161JEA304304  missing tcp:4566 — re-applying
adb: device '5C161JEA304304' not found
[2026-05-19T07:37:58Z] 5C161JEA304304  re-apply tcp:4566 FAILED
[2026-05-19T07:38:14Z] 5C161JEA304304  missing tcp:8080 — re-applying
adb: device '5C161JEA304304' not found
[2026-05-19T07:38:14Z] 5C161JEA304304  re-apply tcp:8080 FAILED
[2026-05-19T07:38:14Z] 5C161JEA304304  missing tcp:8081 — re-applying
adb: device '5C161JEA304304' not found
[2026-05-19T07:38:14Z] 5C161JEA304304  re-apply tcp:8081 FAILED
[2026-05-19T07:38:14Z] 5C161JEA304304  missing tcp:4566 — re-applying
adb: device '5C161JEA304304' not found
[2026-05-19T07:38:14Z] 5C161JEA304304  re-apply tcp:4566 FAILED
[2026-05-19T07:38:29Z] 5C161JEA304304  missing tcp:8080 — re-applying
adb: device '5C161JEA304304' not found
[2026-05-19T07:38:29Z] 5C161JEA304304  re-apply tcp:8080 FAILED
[2026-05-19T07:38:29Z] 5C161JEA304304  missing tcp:8081 — re-applying
adb: device '5C161JEA304304' not found
[2026-05-19T07:38:29Z] 5C161JEA304304  re-apply tcp:8081 FAILED
[2026-05-19T07:38:29Z] 5C161JEA304304  missing tcp:4566 — re-applying
adb: device '5C161JEA304304' not found
[2026-05-19T07:38:29Z] 5C161JEA304304  re-apply tcp:4566 FAILED
[2026-05-19T07:38:44Z] 5C161JEA304304  missing tcp:8080 — re-applying
adb: device '5C161JEA304304' not found
[2026-05-19T07:38:44Z] 5C161JEA304304  re-apply tcp:8080 FAILED
[2026-05-19T07:38:44Z] 5C161JEA304304  missing tcp:8081 — re-applying
adb: device '5C161JEA304304' not found
[2026-05-19T07:38:44Z] 5C161JEA304304  re-apply tcp:8081 FAILED
[2026-05-19T07:38:44Z] 5C161JEA304304  missing tcp:4566 — re-applying
adb: device '5C161JEA304304' not found
[2026-05-19T07:38:44Z] 5C161JEA304304  re-apply tcp:4566 FAILED
[2026-05-19T07:38:59Z] 5C161JEA304304  missing tcp:8080 — re-applying
adb: device '5C161JEA304304' not found
[2026-05-19T07:38:59Z] 5C161JEA304304  re-apply tcp:8080 FAILED
[2026-05-19T07:38:59Z] 5C161JEA304304  missing tcp:8081 — re-applying
adb: device '5C161JEA304304' not found
[2026-05-19T07:38:59Z] 5C161JEA304304  re-apply tcp:8081 FAILED
[2026-05-19T07:38:59Z] 5C161JEA304304  missing tcp:4566 — re-applying
adb: device '5C161JEA304304' not found
[2026-05-19T07:38:59Z] 5C161JEA304304  re-apply tcp:4566 FAILED
[2026-05-19T07:39:14Z] 5C161JEA304304  missing tcp:8080 — re-applying
adb: device '5C161JEA304304' not found
[2026-05-19T07:39:14Z] 5C161JEA304304  re-apply tcp:8080 FAILED
[2026-05-19T07:39:14Z] 5C161JEA304304  missing tcp:8081 — re-applying
adb: device '5C161JEA304304' not found
[2026-05-19T07:39:14Z] 5C161JEA304304  re-apply tcp:8081 FAILED
[2026-05-19T07:39:14Z] 5C161JEA304304  missing tcp:4566 — re-applying
adb: device '5C161JEA304304' not found
[2026-05-19T07:39:14Z] 5C161JEA304304  re-apply tcp:4566 FAILED
[2026-05-19T07:39:29Z] 5C161JEA304304  missing tcp:8080 — re-applying
adb: device '5C161JEA304304' not found
[2026-05-19T07:39:29Z] 5C161JEA304304  re-apply tcp:8080 FAILED
[2026-05-19T07:39:29Z] 5C161JEA304304  missing tcp:8081 — re-applying
adb: device '5C161JEA304304' not found
[2026-05-19T07:39:29Z] 5C161JEA304304  re-apply tcp:8081 FAILED
[2026-05-19T07:39:29Z] 5C161JEA304304  missing tcp:4566 — re-applying
adb: device '5C161JEA304304' not found
[2026-05-19T07:39:29Z] 5C161JEA304304  re-apply tcp:4566 FAILED
[2026-05-19T07:39:44Z] 5C161JEA304304  missing tcp:8080 — re-applying
adb: device '5C161JEA304304' not found
[2026-05-19T07:39:44Z] 5C161JEA304304  re-apply tcp:8080 FAILED
[2026-05-19T07:39:44Z] 5C161JEA304304  missing tcp:8081 — re-applying
adb: device '5C161JEA304304' not found
[2026-05-19T07:39:44Z] 5C161JEA304304  re-apply tcp:8081 FAILED
[2026-05-19T07:39:44Z] 5C161JEA304304  missing tcp:4566 — re-applying
adb: device '5C161JEA304304' not found
[2026-05-19T07:39:44Z] 5C161JEA304304  re-apply tcp:4566 FAILED
[2026-05-19T07:39:59Z] 5C161JEA304304  missing tcp:8080 — re-applying
adb: device '5C161JEA304304' not found
[2026-05-19T07:39:59Z] 5C161JEA304304  re-apply tcp:8080 FAILED
[2026-05-19T07:39:59Z] 5C161JEA304304  missing tcp:8081 — re-applying
adb: device '5C161JEA304304' not found
[2026-05-19T07:39:59Z] 5C161JEA304304  re-apply tcp:8081 FAILED
[2026-05-19T07:40:00Z] 5C161JEA304304  missing tcp:4566 — re-applying
adb: device '5C161JEA304304' not found
[2026-05-19T07:40:00Z] 5C161JEA304304  re-apply tcp:4566 FAILED
[2026-05-19T07:40:15Z] 5C161JEA304304  missing tcp:8080 — re-applying
adb: device '5C161JEA304304' not found
[2026-05-19T07:40:15Z] 5C161JEA304304  re-apply tcp:8080 FAILED
[2026-05-19T07:40:15Z] 5C161JEA304304  missing tcp:8081 — re-applying
adb: device '5C161JEA304304' not found
[2026-05-19T07:40:15Z] 5C161JEA304304  re-apply tcp:8081 FAILED
[2026-05-19T07:40:15Z] 5C161JEA304304  missing tcp:4566 — re-applying
adb: device '5C161JEA304304' not found
[2026-05-19T07:40:15Z] 5C161JEA304304  re-apply tcp:4566 FAILED
[2026-05-19T07:40:30Z] 5C161JEA304304  missing tcp:8080 — re-applying
adb: device '5C161JEA304304' not found
[2026-05-19T07:40:30Z] 5C161JEA304304  re-apply tcp:8080 FAILED
[2026-05-19T07:40:30Z] 5C161JEA304304  missing tcp:8081 — re-applying
adb: device '5C161JEA304304' not found
[2026-05-19T07:40:30Z] 5C161JEA304304  re-apply tcp:8081 FAILED
[2026-05-19T07:40:30Z] 5C161JEA304304  missing tcp:4566 — re-applying
adb: device '5C161JEA304304' not found
[2026-05-19T07:40:30Z] 5C161JEA304304  re-apply tcp:4566 FAILED
[2026-05-19T07:40:45Z] 5C161JEA304304  missing tcp:8080 — re-applying
adb: device '5C161JEA304304' not found
[2026-05-19T07:40:45Z] 5C161JEA304304  re-apply tcp:8080 FAILED
[2026-05-19T07:40:45Z] 5C161JEA304304  missing tcp:8081 — re-applying
adb: device '5C161JEA304304' not found
[2026-05-19T07:40:45Z] 5C161JEA304304  re-apply tcp:8081 FAILED
[2026-05-19T07:40:45Z] 5C161JEA304304  missing tcp:4566 — re-applying
adb: device '5C161JEA304304' not found
[2026-05-19T07:40:45Z] 5C161JEA304304  re-apply tcp:4566 FAILED
[2026-05-19T07:41:00Z] 5C161JEA304304  missing tcp:8080 — re-applying
adb: device '5C161JEA304304' not found
[2026-05-19T07:41:00Z] 5C161JEA304304  re-apply tcp:8080 FAILED
[2026-05-19T07:41:00Z] 5C161JEA304304  missing tcp:8081 — re-applying
adb: device '5C161JEA304304' not found
[2026-05-19T07:41:00Z] 5C161JEA304304  re-apply tcp:8081 FAILED
[2026-05-19T07:41:00Z] 5C161JEA304304  missing tcp:4566 — re-applying
adb: device '5C161JEA304304' not found
[2026-05-19T07:41:00Z] 5C161JEA304304  re-apply tcp:4566 FAILED
[2026-05-19T07:41:15Z] 5C161JEA304304  missing tcp:8080 — re-applying
adb: device '5C161JEA304304' not found
[2026-05-19T07:41:15Z] 5C161JEA304304  re-apply tcp:8080 FAILED
[2026-05-19T07:41:15Z] 5C161JEA304304  missing tcp:8081 — re-applying
adb: device '5C161JEA304304' not found
[2026-05-19T07:41:15Z] 5C161JEA304304  re-apply tcp:8081 FAILED
[2026-05-19T07:41:15Z] 5C161JEA304304  missing tcp:4566 — re-applying
adb: device '5C161JEA304304' not found
[2026-05-19T07:41:15Z] 5C161JEA304304  re-apply tcp:4566 FAILED
[2026-05-19T07:41:30Z] 5C161JEA304304  missing tcp:8080 — re-applying
adb: device '5C161JEA304304' not found
[2026-05-19T07:41:30Z] 5C161JEA304304  re-apply tcp:8080 FAILED
[2026-05-19T07:41:30Z] 5C161JEA304304  missing tcp:8081 — re-applying
adb: device '5C161JEA304304' not found
[2026-05-19T07:41:30Z] 5C161JEA304304  re-apply tcp:8081 FAILED
[2026-05-19T07:41:30Z] 5C161JEA304304  missing tcp:4566 — re-applying
adb: device '5C161JEA304304' not found
[2026-05-19T07:41:30Z] 5C161JEA304304  re-apply tcp:4566 FAILED
[2026-05-19T07:41:45Z] 5C161JEA304304  missing tcp:8080 — re-applying
adb: device '5C161JEA304304' not found
[2026-05-19T07:41:45Z] 5C161JEA304304  re-apply tcp:8080 FAILED
[2026-05-19T07:41:45Z] 5C161JEA304304  missing tcp:8081 — re-applying
adb: device '5C161JEA304304' not found
[2026-05-19T07:41:45Z] 5C161JEA304304  re-apply tcp:8081 FAILED
[2026-05-19T07:41:45Z] 5C161JEA304304  missing tcp:4566 — re-applying
adb: device '5C161JEA304304' not found
[2026-05-19T07:41:45Z] 5C161JEA304304  re-apply tcp:4566 FAILED
[2026-05-19T07:42:00Z] 5C161JEA304304  missing tcp:8080 — re-applying
adb: device '5C161JEA304304' not found
[2026-05-19T07:42:00Z] 5C161JEA304304  re-apply tcp:8080 FAILED
[2026-05-19T07:42:01Z] 5C161JEA304304  missing tcp:8081 — re-applying
adb: device '5C161JEA304304' not found
[2026-05-19T07:42:01Z] 5C161JEA304304  re-apply tcp:8081 FAILED
[2026-05-19T07:42:01Z] 5C161JEA304304  missing tcp:4566 — re-applying
adb: device '5C161JEA304304' not found
[2026-05-19T07:42:01Z] 5C161JEA304304  re-apply tcp:4566 FAILED
[2026-05-19T07:42:16Z] 5C161JEA304304  missing tcp:8080 — re-applying
adb: device '5C161JEA304304' not found
[2026-05-19T07:42:16Z] 5C161JEA304304  re-apply tcp:8080 FAILED
[2026-05-19T07:42:16Z] 5C161JEA304304  missing tcp:8081 — re-applying
adb: device '5C161JEA304304' not found
[2026-05-19T07:42:16Z] 5C161JEA304304  re-apply tcp:8081 FAILED
[2026-05-19T07:42:16Z] 5C161JEA304304  missing tcp:4566 — re-applying
adb: device '5C161JEA304304' not found
[2026-05-19T07:42:16Z] 5C161JEA304304  re-apply tcp:4566 FAILED
[2026-05-19T07:42:31Z] 5C161JEA304304  missing tcp:8080 — re-applying
adb: device '5C161JEA304304' not found
[2026-05-19T07:42:31Z] 5C161JEA304304  re-apply tcp:8080 FAILED
[2026-05-19T07:42:31Z] 5C161JEA304304  missing tcp:8081 — re-applying
adb: device '5C161JEA304304' not found
[2026-05-19T07:42:31Z] 5C161JEA304304  re-apply tcp:8081 FAILED
[2026-05-19T07:42:31Z] 5C161JEA304304  missing tcp:4566 — re-applying
adb: device '5C161JEA304304' not found
[2026-05-19T07:42:31Z] 5C161JEA304304  re-apply tcp:4566 FAILED
[2026-05-19T07:42:46Z] 5C161JEA304304  missing tcp:8080 — re-applying
adb: device '5C161JEA304304' not found
[2026-05-19T07:42:46Z] 5C161JEA304304  re-apply tcp:8080 FAILED
[2026-05-19T07:42:46Z] 5C161JEA304304  missing tcp:8081 — re-applying
adb: device '5C161JEA304304' not found
[2026-05-19T07:42:46Z] 5C161JEA304304  re-apply tcp:8081 FAILED
[2026-05-19T07:42:46Z] 5C161JEA304304  missing tcp:4566 — re-applying
adb: device '5C161JEA304304' not found
[2026-05-19T07:42:46Z] 5C161JEA304304  re-apply tcp:4566 FAILED
[2026-05-19T07:43:01Z] 5C161JEA304304  missing tcp:8080 — re-applying
adb: device '5C161JEA304304' not found
[2026-05-19T07:43:01Z] 5C161JEA304304  re-apply tcp:8080 FAILED
[2026-05-19T07:43:01Z] 5C161JEA304304  missing tcp:8081 — re-applying
adb: device '5C161JEA304304' not found
[2026-05-19T07:43:01Z] 5C161JEA304304  re-apply tcp:8081 FAILED
[2026-05-19T07:43:01Z] 5C161JEA304304  missing tcp:4566 — re-applying
adb: device '5C161JEA304304' not found
[2026-05-19T07:43:01Z] 5C161JEA304304  re-apply tcp:4566 FAILED
[2026-05-19T07:43:16Z] 5C161JEA304304  missing tcp:8080 — re-applying
adb: device '5C161JEA304304' not found
[2026-05-19T07:43:16Z] 5C161JEA304304  re-apply tcp:8080 FAILED
[2026-05-19T07:43:16Z] 5C161JEA304304  missing tcp:8081 — re-applying
adb: device '5C161JEA304304' not found
[2026-05-19T07:43:16Z] 5C161JEA304304  re-apply tcp:8081 FAILED
[2026-05-19T07:43:16Z] 5C161JEA304304  missing tcp:4566 — re-applying
adb: device '5C161JEA304304' not found
[2026-05-19T07:43:16Z] 5C161JEA304304  re-apply tcp:4566 FAILED
[2026-05-19T07:43:31Z] 5C161JEA304304  missing tcp:8080 — re-applying
adb: device '5C161JEA304304' not found
[2026-05-19T07:43:31Z] 5C161JEA304304  re-apply tcp:8080 FAILED
[2026-05-19T07:43:31Z] 5C161JEA304304  missing tcp:8081 — re-applying
adb: device '5C161JEA304304' not found
[2026-05-19T07:43:31Z] 5C161JEA304304  re-apply tcp:8081 FAILED
[2026-05-19T07:43:31Z] 5C161JEA304304  missing tcp:4566 — re-applying
adb: device '5C161JEA304304' not found
[2026-05-19T07:43:31Z] 5C161JEA304304  re-apply tcp:4566 FAILED
[2026-05-19T07:43:47Z] 5C161JEA304304  missing tcp:8080 — re-applying
adb: device '5C161JEA304304' not found
[2026-05-19T07:43:47Z] 5C161JEA304304  re-apply tcp:8080 FAILED
[2026-05-19T07:43:47Z] 5C161JEA304304  missing tcp:8081 — re-applying
adb: device '5C161JEA304304' not found
[2026-05-19T07:43:47Z] 5C161JEA304304  re-apply tcp:8081 FAILED
[2026-05-19T07:43:47Z] 5C161JEA304304  missing tcp:4566 — re-applying
adb: device '5C161JEA304304' not found
[2026-05-19T07:43:47Z] 5C161JEA304304  re-apply tcp:4566 FAILED
[2026-05-19T07:44:02Z] 5C161JEA304304  missing tcp:8080 — re-applying
adb: device '5C161JEA304304' not found
[2026-05-19T07:44:02Z] 5C161JEA304304  re-apply tcp:8080 FAILED
[2026-05-19T07:44:02Z] 5C161JEA304304  missing tcp:8081 — re-applying
adb: device '5C161JEA304304' not found
[2026-05-19T07:44:02Z] 5C161JEA304304  re-apply tcp:8081 FAILED
[2026-05-19T07:44:02Z] 5C161JEA304304  missing tcp:4566 — re-applying
adb: device '5C161JEA304304' not found
[2026-05-19T07:44:02Z] 5C161JEA304304  re-apply tcp:4566 FAILED
[2026-05-19T07:44:17Z] 5C161JEA304304  missing tcp:8080 — re-applying
adb: device '5C161JEA304304' not found
[2026-05-19T07:44:17Z] 5C161JEA304304  re-apply tcp:8080 FAILED
[2026-05-19T07:44:17Z] 5C161JEA304304  missing tcp:8081 — re-applying
adb: device '5C161JEA304304' not found
[2026-05-19T07:44:17Z] 5C161JEA304304  re-apply tcp:8081 FAILED
[2026-05-19T07:44:17Z] 5C161JEA304304  missing tcp:4566 — re-applying
adb: device '5C161JEA304304' not found
[2026-05-19T07:44:17Z] 5C161JEA304304  re-apply tcp:4566 FAILED
[2026-05-19T07:44:32Z] 5C161JEA304304  missing tcp:8080 — re-applying
adb: device '5C161JEA304304' not found
[2026-05-19T07:44:32Z] 5C161JEA304304  re-apply tcp:8080 FAILED
[2026-05-19T07:44:32Z] 5C161JEA304304  missing tcp:8081 — re-applying
adb: device '5C161JEA304304' not found
[2026-05-19T07:44:32Z] 5C161JEA304304  re-apply tcp:8081 FAILED
[2026-05-19T07:44:32Z] 5C161JEA304304  missing tcp:4566 — re-applying
adb: device '5C161JEA304304' not found
[2026-05-19T07:44:32Z] 5C161JEA304304  re-apply tcp:4566 FAILED
[2026-05-19T07:44:47Z] 5C161JEA304304  missing tcp:8080 — re-applying
adb: device '5C161JEA304304' not found
[2026-05-19T07:44:47Z] 5C161JEA304304  re-apply tcp:8080 FAILED
[2026-05-19T07:44:47Z] 5C161JEA304304  missing tcp:8081 — re-applying
adb: device '5C161JEA304304' not found
[2026-05-19T07:44:47Z] 5C161JEA304304  re-apply tcp:8081 FAILED
[2026-05-19T07:44:47Z] 5C161JEA304304  missing tcp:4566 — re-applying
adb: device '5C161JEA304304' not found
[2026-05-19T07:44:47Z] 5C161JEA304304  re-apply tcp:4566 FAILED
[2026-05-19T07:45:02Z] 5C161JEA304304  missing tcp:8080 — re-applying
adb: device '5C161JEA304304' not found
[2026-05-19T07:45:02Z] 5C161JEA304304  re-apply tcp:8080 FAILED
[2026-05-19T07:45:02Z] 5C161JEA304304  missing tcp:8081 — re-applying
adb: device '5C161JEA304304' not found
[2026-05-19T07:45:02Z] 5C161JEA304304  re-apply tcp:8081 FAILED
[2026-05-19T07:45:02Z] 5C161JEA304304  missing tcp:4566 — re-applying
adb: device '5C161JEA304304' not found
[2026-05-19T07:45:02Z] 5C161JEA304304  re-apply tcp:4566 FAILED
[2026-05-19T07:45:17Z] 5C161JEA304304  missing tcp:8080 — re-applying
adb: device '5C161JEA304304' not found
[2026-05-19T07:45:17Z] 5C161JEA304304  re-apply tcp:8080 FAILED
[2026-05-19T07:45:17Z] 5C161JEA304304  missing tcp:8081 — re-applying
adb: device '5C161JEA304304' not found
[2026-05-19T07:45:17Z] 5C161JEA304304  re-apply tcp:8081 FAILED
[2026-05-19T07:45:17Z] 5C161JEA304304  missing tcp:4566 — re-applying
adb: device '5C161JEA304304' not found
[2026-05-19T07:45:17Z] 5C161JEA304304  re-apply tcp:4566 FAILED
[2026-05-19T07:45:32Z] 5C161JEA304304  missing tcp:8080 — re-applying
adb: device '5C161JEA304304' not found
[2026-05-19T07:45:32Z] 5C161JEA304304  re-apply tcp:8080 FAILED
[2026-05-19T07:45:32Z] 5C161JEA304304  missing tcp:8081 — re-applying
adb: device '5C161JEA304304' not found
[2026-05-19T07:45:32Z] 5C161JEA304304  re-apply tcp:8081 FAILED
[2026-05-19T07:45:32Z] 5C161JEA304304  missing tcp:4566 — re-applying
adb: device '5C161JEA304304' not found
[2026-05-19T07:45:32Z] 5C161JEA304304  re-apply tcp:4566 FAILED
[2026-05-19T07:45:48Z] 5C161JEA304304  missing tcp:8080 — re-applying
adb: device '5C161JEA304304' not found
[2026-05-19T07:45:48Z] 5C161JEA304304  re-apply tcp:8080 FAILED
[2026-05-19T07:45:48Z] 5C161JEA304304  missing tcp:8081 — re-applying
adb: device '5C161JEA304304' not found
[2026-05-19T07:45:48Z] 5C161JEA304304  re-apply tcp:8081 FAILED
[2026-05-19T07:45:48Z] 5C161JEA304304  missing tcp:4566 — re-applying
adb: device '5C161JEA304304' not found
[2026-05-19T07:45:48Z] 5C161JEA304304  re-apply tcp:4566 FAILED
[2026-05-19T07:46:03Z] 5C161JEA304304  missing tcp:8080 — re-applying
adb: device '5C161JEA304304' not found
[2026-05-19T07:46:03Z] 5C161JEA304304  re-apply tcp:8080 FAILED
[2026-05-19T07:46:03Z] 5C161JEA304304  missing tcp:8081 — re-applying
adb: device '5C161JEA304304' not found
[2026-05-19T07:46:03Z] 5C161JEA304304  re-apply tcp:8081 FAILED
[2026-05-19T07:46:03Z] 5C161JEA304304  missing tcp:4566 — re-applying
adb: device '5C161JEA304304' not found
[2026-05-19T07:46:03Z] 5C161JEA304304  re-apply tcp:4566 FAILED
[2026-05-19T07:46:18Z] 5C161JEA304304  missing tcp:8080 — re-applying
adb: device '5C161JEA304304' not found
[2026-05-19T07:46:18Z] 5C161JEA304304  re-apply tcp:8080 FAILED
[2026-05-19T07:46:18Z] 5C161JEA304304  missing tcp:8081 — re-applying
adb: device '5C161JEA304304' not found
[2026-05-19T07:46:18Z] 5C161JEA304304  re-apply tcp:8081 FAILED
[2026-05-19T07:46:18Z] 5C161JEA304304  missing tcp:4566 — re-applying
adb: device '5C161JEA304304' not found
[2026-05-19T07:46:18Z] 5C161JEA304304  re-apply tcp:4566 FAILED
[2026-05-19T07:46:33Z] 5C161JEA304304  missing tcp:8080 — re-applying
adb: device '5C161JEA304304' not found
[2026-05-19T07:46:33Z] 5C161JEA304304  re-apply tcp:8080 FAILED
[2026-05-19T07:46:33Z] 5C161JEA304304  missing tcp:8081 — re-applying
adb: device '5C161JEA304304' not found
[2026-05-19T07:46:33Z] 5C161JEA304304  re-apply tcp:8081 FAILED
[2026-05-19T07:46:33Z] 5C161JEA304304  missing tcp:4566 — re-applying
adb: device '5C161JEA304304' not found
[2026-05-19T07:46:33Z] 5C161JEA304304  re-apply tcp:4566 FAILED
[2026-05-19T07:46:48Z] 5C161JEA304304  missing tcp:8080 — re-applying
adb: device '5C161JEA304304' not found
[2026-05-19T07:46:48Z] 5C161JEA304304  re-apply tcp:8080 FAILED
[2026-05-19T07:46:48Z] 5C161JEA304304  missing tcp:8081 — re-applying
adb: device '5C161JEA304304' not found
[2026-05-19T07:46:48Z] 5C161JEA304304  re-apply tcp:8081 FAILED
[2026-05-19T07:46:48Z] 5C161JEA304304  missing tcp:4566 — re-applying
adb: device '5C161JEA304304' not found
[2026-05-19T07:46:48Z] 5C161JEA304304  re-apply tcp:4566 FAILED
[2026-05-19T07:47:03Z] 5C161JEA304304  missing tcp:8080 — re-applying
adb: device '5C161JEA304304' not found
[2026-05-19T07:47:03Z] 5C161JEA304304  re-apply tcp:8080 FAILED
[2026-05-19T07:47:03Z] 5C161JEA304304  missing tcp:8081 — re-applying
adb: device '5C161JEA304304' not found
[2026-05-19T07:47:03Z] 5C161JEA304304  re-apply tcp:8081 FAILED
[2026-05-19T07:47:03Z] 5C161JEA304304  missing tcp:4566 — re-applying
adb: device '5C161JEA304304' not found
[2026-05-19T07:47:03Z] 5C161JEA304304  re-apply tcp:4566 FAILED
[2026-05-19T07:47:18Z] 5C161JEA304304  missing tcp:8080 — re-applying
adb: device '5C161JEA304304' not found
[2026-05-19T07:47:18Z] 5C161JEA304304  re-apply tcp:8080 FAILED
[2026-05-19T07:47:18Z] 5C161JEA304304  missing tcp:8081 — re-applying
adb: device '5C161JEA304304' not found
[2026-05-19T07:47:18Z] 5C161JEA304304  re-apply tcp:8081 FAILED
[2026-05-19T07:47:18Z] 5C161JEA304304  missing tcp:4566 — re-applying
adb: device '5C161JEA304304' not found
[2026-05-19T07:47:18Z] 5C161JEA304304  re-apply tcp:4566 FAILED
[2026-05-19T07:47:33Z] 5C161JEA304304  missing tcp:8080 — re-applying
adb: device '5C161JEA304304' not found
[2026-05-19T07:47:33Z] 5C161JEA304304  re-apply tcp:8080 FAILED
[2026-05-19T07:47:33Z] 5C161JEA304304  missing tcp:8081 — re-applying
adb: device '5C161JEA304304' not found
[2026-05-19T07:47:33Z] 5C161JEA304304  re-apply tcp:8081 FAILED
[2026-05-19T07:47:33Z] 5C161JEA304304  missing tcp:4566 — re-applying
adb: device '5C161JEA304304' not found
[2026-05-19T07:47:33Z] 5C161JEA304304  re-apply tcp:4566 FAILED
[2026-05-19T07:47:49Z] 5C161JEA304304  missing tcp:8080 — re-applying
adb: device '5C161JEA304304' not found
[2026-05-19T07:47:49Z] 5C161JEA304304  re-apply tcp:8080 FAILED
[2026-05-19T07:47:49Z] 5C161JEA304304  missing tcp:8081 — re-applying
adb: device '5C161JEA304304' not found
[2026-05-19T07:47:49Z] 5C161JEA304304  re-apply tcp:8081 FAILED
[2026-05-19T07:47:49Z] 5C161JEA304304  missing tcp:4566 — re-applying
adb: device '5C161JEA304304' not found
[2026-05-19T07:47:49Z] 5C161JEA304304  re-apply tcp:4566 FAILED
[2026-05-19T07:48:04Z] 5C161JEA304304  missing tcp:8080 — re-applying
adb: device '5C161JEA304304' not found
[2026-05-19T07:48:04Z] 5C161JEA304304  re-apply tcp:8080 FAILED
[2026-05-19T07:48:04Z] 5C161JEA304304  missing tcp:8081 — re-applying
adb: device '5C161JEA304304' not found
[2026-05-19T07:48:04Z] 5C161JEA304304  re-apply tcp:8081 FAILED
[2026-05-19T07:48:04Z] 5C161JEA304304  missing tcp:4566 — re-applying
adb: device '5C161JEA304304' not found
[2026-05-19T07:48:04Z] 5C161JEA304304  re-apply tcp:4566 FAILED
[2026-05-19T07:48:19Z] 5C161JEA304304  missing tcp:8080 — re-applying
adb: device '5C161JEA304304' not found
[2026-05-19T07:48:19Z] 5C161JEA304304  re-apply tcp:8080 FAILED
[2026-05-19T07:48:19Z] 5C161JEA304304  missing tcp:8081 — re-applying
adb: device '5C161JEA304304' not found
[2026-05-19T07:48:19Z] 5C161JEA304304  re-apply tcp:8081 FAILED
[2026-05-19T07:48:19Z] 5C161JEA304304  missing tcp:4566 — re-applying
adb: device '5C161JEA304304' not found
[2026-05-19T07:48:19Z] 5C161JEA304304  re-apply tcp:4566 FAILED
[2026-05-19T07:48:34Z] 5C161JEA304304  missing tcp:8080 — re-applying
adb: device '5C161JEA304304' not found
[2026-05-19T07:48:34Z] 5C161JEA304304  re-apply tcp:8080 FAILED
[2026-05-19T07:48:34Z] 5C161JEA304304  missing tcp:8081 — re-applying
adb: device '5C161JEA304304' not found
[2026-05-19T07:48:34Z] 5C161JEA304304  re-apply tcp:8081 FAILED
[2026-05-19T07:48:34Z] 5C161JEA304304  missing tcp:4566 — re-applying
adb: device '5C161JEA304304' not found
[2026-05-19T07:48:34Z] 5C161JEA304304  re-apply tcp:4566 FAILED
[2026-05-19T07:48:49Z] 5C161JEA304304  missing tcp:8080 — re-applying
adb: device '5C161JEA304304' not found
[2026-05-19T07:48:49Z] 5C161JEA304304  re-apply tcp:8080 FAILED
[2026-05-19T07:48:49Z] 5C161JEA304304  missing tcp:8081 — re-applying
adb: device '5C161JEA304304' not found
[2026-05-19T07:48:49Z] 5C161JEA304304  re-apply tcp:8081 FAILED
[2026-05-19T07:48:49Z] 5C161JEA304304  missing tcp:4566 — re-applying
adb: device '5C161JEA304304' not found
[2026-05-19T07:48:49Z] 5C161JEA304304  re-apply tcp:4566 FAILED
[2026-05-19T07:49:04Z] 5C161JEA304304  missing tcp:8080 — re-applying
adb: device '5C161JEA304304' not found
[2026-05-19T07:49:04Z] 5C161JEA304304  re-apply tcp:8080 FAILED
[2026-05-19T07:49:04Z] 5C161JEA304304  missing tcp:8081 — re-applying
adb: device '5C161JEA304304' not found
[2026-05-19T07:49:04Z] 5C161JEA304304  re-apply tcp:8081 FAILED
[2026-05-19T07:49:04Z] 5C161JEA304304  missing tcp:4566 — re-applying
adb: device '5C161JEA304304' not found
[2026-05-19T07:49:04Z] 5C161JEA304304  re-apply tcp:4566 FAILED
[2026-05-19T07:49:19Z] 5C161JEA304304  missing tcp:8080 — re-applying
adb: device '5C161JEA304304' not found
[2026-05-19T07:49:19Z] 5C161JEA304304  re-apply tcp:8080 FAILED
[2026-05-19T07:49:19Z] 5C161JEA304304  missing tcp:8081 — re-applying
adb: device '5C161JEA304304' not found
[2026-05-19T07:49:19Z] 5C161JEA304304  re-apply tcp:8081 FAILED
[2026-05-19T07:49:19Z] 5C161JEA304304  missing tcp:4566 — re-applying
adb: device '5C161JEA304304' not found
[2026-05-19T07:49:19Z] 5C161JEA304304  re-apply tcp:4566 FAILED
[2026-05-19T07:49:34Z] 5C161JEA304304  missing tcp:8080 — re-applying
adb: device '5C161JEA304304' not found
[2026-05-19T07:49:34Z] 5C161JEA304304  re-apply tcp:8080 FAILED
[2026-05-19T07:49:34Z] 5C161JEA304304  missing tcp:8081 — re-applying
adb: device '5C161JEA304304' not found
[2026-05-19T07:49:34Z] 5C161JEA304304  re-apply tcp:8081 FAILED
[2026-05-19T07:49:34Z] 5C161JEA304304  missing tcp:4566 — re-applying
adb: device '5C161JEA304304' not found
[2026-05-19T07:49:34Z] 5C161JEA304304  re-apply tcp:4566 FAILED
[2026-05-19T07:49:50Z] 5C161JEA304304  missing tcp:8080 — re-applying
adb: device '5C161JEA304304' not found
[2026-05-19T07:49:50Z] 5C161JEA304304  re-apply tcp:8080 FAILED
[2026-05-19T07:49:50Z] 5C161JEA304304  missing tcp:8081 — re-applying
adb: device '5C161JEA304304' not found
[2026-05-19T07:49:50Z] 5C161JEA304304  re-apply tcp:8081 FAILED
[2026-05-19T07:49:50Z] 5C161JEA304304  missing tcp:4566 — re-applying
adb: device '5C161JEA304304' not found
[2026-05-19T07:49:50Z] 5C161JEA304304  re-apply tcp:4566 FAILED
[2026-05-19T07:50:05Z] 5C161JEA304304  missing tcp:8080 — re-applying
adb: device '5C161JEA304304' not found
[2026-05-19T07:50:05Z] 5C161JEA304304  re-apply tcp:8080 FAILED
[2026-05-19T07:50:05Z] 5C161JEA304304  missing tcp:8081 — re-applying
adb: device '5C161JEA304304' not found
[2026-05-19T07:50:05Z] 5C161JEA304304  re-apply tcp:8081 FAILED
[2026-05-19T07:50:05Z] 5C161JEA304304  missing tcp:4566 — re-applying
adb: device '5C161JEA304304' not found
[2026-05-19T07:50:05Z] 5C161JEA304304  re-apply tcp:4566 FAILED
[2026-05-19T07:50:20Z] 5C161JEA304304  missing tcp:8080 — re-applying
adb: device '5C161JEA304304' not found
[2026-05-19T07:50:20Z] 5C161JEA304304  re-apply tcp:8080 FAILED
[2026-05-19T07:50:20Z] 5C161JEA304304  missing tcp:8081 — re-applying
adb: device '5C161JEA304304' not found
[2026-05-19T07:50:20Z] 5C161JEA304304  re-apply tcp:8081 FAILED
[2026-05-19T07:50:20Z] 5C161JEA304304  missing tcp:4566 — re-applying
adb: device '5C161JEA304304' not found
[2026-05-19T07:50:20Z] 5C161JEA304304  re-apply tcp:4566 FAILED
[2026-05-19T07:50:35Z] 5C161JEA304304  missing tcp:8080 — re-applying
adb: device '5C161JEA304304' not found
[2026-05-19T07:50:35Z] 5C161JEA304304  re-apply tcp:8080 FAILED
[2026-05-19T07:50:35Z] 5C161JEA304304  missing tcp:8081 — re-applying
adb: device '5C161JEA304304' not found
[2026-05-19T07:50:35Z] 5C161JEA304304  re-apply tcp:8081 FAILED
[2026-05-19T07:50:35Z] 5C161JEA304304  missing tcp:4566 — re-applying
adb: device '5C161JEA304304' not found
[2026-05-19T07:50:35Z] 5C161JEA304304  re-apply tcp:4566 FAILED
[2026-05-19T07:50:50Z] 5C161JEA304304  missing tcp:8080 — re-applying
adb: device '5C161JEA304304' not found
[2026-05-19T07:50:50Z] 5C161JEA304304  re-apply tcp:8080 FAILED
[2026-05-19T07:50:50Z] 5C161JEA304304  missing tcp:8081 — re-applying
adb: device '5C161JEA304304' not found
[2026-05-19T07:50:50Z] 5C161JEA304304  re-apply tcp:8081 FAILED
[2026-05-19T07:50:50Z] 5C161JEA304304  missing tcp:4566 — re-applying
adb: device '5C161JEA304304' not found
[2026-05-19T07:50:50Z] 5C161JEA304304  re-apply tcp:4566 FAILED
[2026-05-19T07:51:05Z] 5C161JEA304304  missing tcp:8080 — re-applying
adb: device '5C161JEA304304' not found
[2026-05-19T07:51:05Z] 5C161JEA304304  re-apply tcp:8080 FAILED
[2026-05-19T07:51:05Z] 5C161JEA304304  missing tcp:8081 — re-applying
adb: device '5C161JEA304304' not found
[2026-05-19T07:51:05Z] 5C161JEA304304  re-apply tcp:8081 FAILED
[2026-05-19T07:51:05Z] 5C161JEA304304  missing tcp:4566 — re-applying
adb: device '5C161JEA304304' not found
[2026-05-19T07:51:05Z] 5C161JEA304304  re-apply tcp:4566 FAILED
[2026-05-19T07:51:20Z] 5C161JEA304304  missing tcp:8080 — re-applying
adb: device '5C161JEA304304' not found
[2026-05-19T07:51:20Z] 5C161JEA304304  re-apply tcp:8080 FAILED
[2026-05-19T07:51:21Z] 5C161JEA304304  missing tcp:8081 — re-applying
adb: device '5C161JEA304304' not found
[2026-05-19T07:51:21Z] 5C161JEA304304  re-apply tcp:8081 FAILED
[2026-05-19T07:51:21Z] 5C161JEA304304  missing tcp:4566 — re-applying
adb: device '5C161JEA304304' not found
[2026-05-19T07:51:21Z] 5C161JEA304304  re-apply tcp:4566 FAILED
[2026-05-19T07:51:36Z] 5C161JEA304304  missing tcp:8080 — re-applying
adb: device '5C161JEA304304' not found
[2026-05-19T07:51:36Z] 5C161JEA304304  re-apply tcp:8080 FAILED
[2026-05-19T07:51:36Z] 5C161JEA304304  missing tcp:8081 — re-applying
adb: device '5C161JEA304304' not found
[2026-05-19T07:51:36Z] 5C161JEA304304  re-apply tcp:8081 FAILED
[2026-05-19T07:51:36Z] 5C161JEA304304  missing tcp:4566 — re-applying
adb: device '5C161JEA304304' not found
[2026-05-19T07:51:36Z] 5C161JEA304304  re-apply tcp:4566 FAILED
[2026-05-19T07:51:51Z] 5C161JEA304304  missing tcp:8080 — re-applying
adb: device '5C161JEA304304' not found
[2026-05-19T07:51:51Z] 5C161JEA304304  re-apply tcp:8080 FAILED
[2026-05-19T07:51:51Z] 5C161JEA304304  missing tcp:8081 — re-applying
adb: device '5C161JEA304304' not found
[2026-05-19T07:51:51Z] 5C161JEA304304  re-apply tcp:8081 FAILED
[2026-05-19T07:51:51Z] 5C161JEA304304  missing tcp:4566 — re-applying
adb: device '5C161JEA304304' not found
[2026-05-19T07:51:51Z] 5C161JEA304304  re-apply tcp:4566 FAILED
[2026-05-19T07:52:06Z] 5C161JEA304304  missing tcp:8080 — re-applying
adb: device '5C161JEA304304' not found
[2026-05-19T07:52:06Z] 5C161JEA304304  re-apply tcp:8080 FAILED
[2026-05-19T07:52:06Z] 5C161JEA304304  missing tcp:8081 — re-applying
adb: device '5C161JEA304304' not found
[2026-05-19T07:52:06Z] 5C161JEA304304  re-apply tcp:8081 FAILED
[2026-05-19T07:52:06Z] 5C161JEA304304  missing tcp:4566 — re-applying
adb: device '5C161JEA304304' not found
[2026-05-19T07:52:06Z] 5C161JEA304304  re-apply tcp:4566 FAILED
[2026-05-19T07:52:21Z] 5C161JEA304304  missing tcp:8080 — re-applying
adb: device '5C161JEA304304' not found
[2026-05-19T07:52:21Z] 5C161JEA304304  re-apply tcp:8080 FAILED
[2026-05-19T07:52:21Z] 5C161JEA304304  missing tcp:8081 — re-applying
adb: device '5C161JEA304304' not found
[2026-05-19T07:52:21Z] 5C161JEA304304  re-apply tcp:8081 FAILED
[2026-05-19T07:52:21Z] 5C161JEA304304  missing tcp:4566 — re-applying
adb: device '5C161JEA304304' not found
[2026-05-19T07:52:21Z] 5C161JEA304304  re-apply tcp:4566 FAILED
[2026-05-19T07:52:36Z] 5C161JEA304304  missing tcp:8080 — re-applying
adb: device '5C161JEA304304' not found
[2026-05-19T07:52:36Z] 5C161JEA304304  re-apply tcp:8080 FAILED
[2026-05-19T07:52:36Z] 5C161JEA304304  missing tcp:8081 — re-applying
adb: device '5C161JEA304304' not found
[2026-05-19T07:52:36Z] 5C161JEA304304  re-apply tcp:8081 FAILED
[2026-05-19T07:52:36Z] 5C161JEA304304  missing tcp:4566 — re-applying
adb: device '5C161JEA304304' not found
[2026-05-19T07:52:36Z] 5C161JEA304304  re-apply tcp:4566 FAILED
[2026-05-19T07:52:51Z] 5C161JEA304304  missing tcp:8080 — re-applying
adb: device '5C161JEA304304' not found
[2026-05-19T07:52:51Z] 5C161JEA304304  re-apply tcp:8080 FAILED
[2026-05-19T07:52:51Z] 5C161JEA304304  missing tcp:8081 — re-applying
adb: device '5C161JEA304304' not found
[2026-05-19T07:52:51Z] 5C161JEA304304  re-apply tcp:8081 FAILED
[2026-05-19T07:52:51Z] 5C161JEA304304  missing tcp:4566 — re-applying
adb: device '5C161JEA304304' not found
[2026-05-19T07:52:51Z] 5C161JEA304304  re-apply tcp:4566 FAILED
[2026-05-19T07:53:06Z] 5C161JEA304304  missing tcp:8080 — re-applying
adb: device '5C161JEA304304' not found
[2026-05-19T07:53:06Z] 5C161JEA304304  re-apply tcp:8080 FAILED
[2026-05-19T07:53:06Z] 5C161JEA304304  missing tcp:8081 — re-applying
adb: device '5C161JEA304304' not found
[2026-05-19T07:53:06Z] 5C161JEA304304  re-apply tcp:8081 FAILED
[2026-05-19T07:53:06Z] 5C161JEA304304  missing tcp:4566 — re-applying
adb: device '5C161JEA304304' not found
[2026-05-19T07:53:06Z] 5C161JEA304304  re-apply tcp:4566 FAILED
[2026-05-19T07:53:22Z] 5C161JEA304304  missing tcp:8080 — re-applying
adb: device '5C161JEA304304' not found
[2026-05-19T07:53:22Z] 5C161JEA304304  re-apply tcp:8080 FAILED
[2026-05-19T07:53:22Z] 5C161JEA304304  missing tcp:8081 — re-applying
adb: device '5C161JEA304304' not found
[2026-05-19T07:53:22Z] 5C161JEA304304  re-apply tcp:8081 FAILED
[2026-05-19T07:53:22Z] 5C161JEA304304  missing tcp:4566 — re-applying
adb: device '5C161JEA304304' not found
[2026-05-19T07:53:22Z] 5C161JEA304304  re-apply tcp:4566 FAILED
[2026-05-19T07:53:37Z] 5C161JEA304304  missing tcp:8080 — re-applying
adb: device '5C161JEA304304' not found
[2026-05-19T07:53:37Z] 5C161JEA304304  re-apply tcp:8080 FAILED
[2026-05-19T07:53:37Z] 5C161JEA304304  missing tcp:8081 — re-applying
adb: device '5C161JEA304304' not found
[2026-05-19T07:53:37Z] 5C161JEA304304  re-apply tcp:8081 FAILED
[2026-05-19T07:53:37Z] 5C161JEA304304  missing tcp:4566 — re-applying
adb: device '5C161JEA304304' not found
[2026-05-19T07:53:37Z] 5C161JEA304304  re-apply tcp:4566 FAILED
[2026-05-19T07:53:52Z] 5C161JEA304304  missing tcp:8080 — re-applying
adb: device '5C161JEA304304' not found
[2026-05-19T07:53:52Z] 5C161JEA304304  re-apply tcp:8080 FAILED
[2026-05-19T07:53:52Z] 5C161JEA304304  missing tcp:8081 — re-applying
adb: device '5C161JEA304304' not found
[2026-05-19T07:53:52Z] 5C161JEA304304  re-apply tcp:8081 FAILED
[2026-05-19T07:53:52Z] 5C161JEA304304  missing tcp:4566 — re-applying
adb: device '5C161JEA304304' not found
[2026-05-19T07:53:52Z] 5C161JEA304304  re-apply tcp:4566 FAILED
[2026-05-19T07:54:07Z] 5C161JEA304304  missing tcp:8080 — re-applying
adb: device '5C161JEA304304' not found
[2026-05-19T07:54:07Z] 5C161JEA304304  re-apply tcp:8080 FAILED
[2026-05-19T07:54:07Z] 5C161JEA304304  missing tcp:8081 — re-applying
adb: device '5C161JEA304304' not found
[2026-05-19T07:54:07Z] 5C161JEA304304  re-apply tcp:8081 FAILED
[2026-05-19T07:54:07Z] 5C161JEA304304  missing tcp:4566 — re-applying
adb: device '5C161JEA304304' not found
[2026-05-19T07:54:07Z] 5C161JEA304304  re-apply tcp:4566 FAILED
[2026-05-19T07:54:22Z] 5C161JEA304304  missing tcp:8080 — re-applying
adb: device '5C161JEA304304' not found
[2026-05-19T07:54:22Z] 5C161JEA304304  re-apply tcp:8080 FAILED
[2026-05-19T07:54:22Z] 5C161JEA304304  missing tcp:8081 — re-applying
adb: device '5C161JEA304304' not found
[2026-05-19T07:54:22Z] 5C161JEA304304  re-apply tcp:8081 FAILED
[2026-05-19T07:54:22Z] 5C161JEA304304  missing tcp:4566 — re-applying
adb: device '5C161JEA304304' not found
[2026-05-19T07:54:22Z] 5C161JEA304304  re-apply tcp:4566 FAILED
[2026-05-19T07:54:37Z] 5C161JEA304304  missing tcp:8080 — re-applying
adb: device '5C161JEA304304' not found
[2026-05-19T07:54:37Z] 5C161JEA304304  re-apply tcp:8080 FAILED
[2026-05-19T07:54:37Z] 5C161JEA304304  missing tcp:8081 — re-applying
adb: device '5C161JEA304304' not found
[2026-05-19T07:54:37Z] 5C161JEA304304  re-apply tcp:8081 FAILED
[2026-05-19T07:54:37Z] 5C161JEA304304  missing tcp:4566 — re-applying
adb: device '5C161JEA304304' not found
[2026-05-19T07:54:37Z] 5C161JEA304304  re-apply tcp:4566 FAILED
[2026-05-19T07:54:52Z] 5C161JEA304304  missing tcp:8080 — re-applying
adb: device '5C161JEA304304' not found
[2026-05-19T07:54:52Z] 5C161JEA304304  re-apply tcp:8080 FAILED
[2026-05-19T07:54:52Z] 5C161JEA304304  missing tcp:8081 — re-applying
adb: device '5C161JEA304304' not found
[2026-05-19T07:54:52Z] 5C161JEA304304  re-apply tcp:8081 FAILED
[2026-05-19T07:54:52Z] 5C161JEA304304  missing tcp:4566 — re-applying
adb: device '5C161JEA304304' not found
[2026-05-19T07:54:52Z] 5C161JEA304304  re-apply tcp:4566 FAILED
[2026-05-19T07:55:07Z] 5C161JEA304304  missing tcp:8080 — re-applying
adb: device '5C161JEA304304' not found
[2026-05-19T07:55:07Z] 5C161JEA304304  re-apply tcp:8080 FAILED
[2026-05-19T07:55:07Z] 5C161JEA304304  missing tcp:8081 — re-applying
adb: device '5C161JEA304304' not found
[2026-05-19T07:55:07Z] 5C161JEA304304  re-apply tcp:8081 FAILED
[2026-05-19T07:55:08Z] 5C161JEA304304  missing tcp:4566 — re-applying
adb: device '5C161JEA304304' not found
[2026-05-19T07:55:08Z] 5C161JEA304304  re-apply tcp:4566 FAILED
[2026-05-19T07:55:23Z] 5C161JEA304304  missing tcp:8080 — re-applying
adb: device '5C161JEA304304' not found
[2026-05-19T07:55:23Z] 5C161JEA304304  re-apply tcp:8080 FAILED
[2026-05-19T07:55:23Z] 5C161JEA304304  missing tcp:8081 — re-applying
adb: device '5C161JEA304304' not found
[2026-05-19T07:55:23Z] 5C161JEA304304  re-apply tcp:8081 FAILED
[2026-05-19T07:55:23Z] 5C161JEA304304  missing tcp:4566 — re-applying
adb: device '5C161JEA304304' not found
[2026-05-19T07:55:23Z] 5C161JEA304304  re-apply tcp:4566 FAILED
[2026-05-19T07:55:38Z] 5C161JEA304304  missing tcp:8080 — re-applying
adb: device '5C161JEA304304' not found
[2026-05-19T07:55:38Z] 5C161JEA304304  re-apply tcp:8080 FAILED
[2026-05-19T07:55:38Z] 5C161JEA304304  missing tcp:8081 — re-applying
adb: device '5C161JEA304304' not found
[2026-05-19T07:55:38Z] 5C161JEA304304  re-apply tcp:8081 FAILED
[2026-05-19T07:55:38Z] 5C161JEA304304  missing tcp:4566 — re-applying
adb: device '5C161JEA304304' not found
[2026-05-19T07:55:38Z] 5C161JEA304304  re-apply tcp:4566 FAILED
[2026-05-19T07:55:53Z] 5C161JEA304304  missing tcp:8080 — re-applying
adb: device '5C161JEA304304' not found
[2026-05-19T07:55:53Z] 5C161JEA304304  re-apply tcp:8080 FAILED
[2026-05-19T07:55:53Z] 5C161JEA304304  missing tcp:8081 — re-applying
adb: device '5C161JEA304304' not found
[2026-05-19T07:55:53Z] 5C161JEA304304  re-apply tcp:8081 FAILED
[2026-05-19T07:55:53Z] 5C161JEA304304  missing tcp:4566 — re-applying
adb: device '5C161JEA304304' not found
[2026-05-19T07:55:53Z] 5C161JEA304304  re-apply tcp:4566 FAILED
[2026-05-19T07:56:08Z] 5C161JEA304304  missing tcp:8080 — re-applying
adb: device '5C161JEA304304' not found
[2026-05-19T07:56:08Z] 5C161JEA304304  re-apply tcp:8080 FAILED
[2026-05-19T07:56:08Z] 5C161JEA304304  missing tcp:8081 — re-applying
adb: device '5C161JEA304304' not found
[2026-05-19T07:56:08Z] 5C161JEA304304  re-apply tcp:8081 FAILED
[2026-05-19T07:56:08Z] 5C161JEA304304  missing tcp:4566 — re-applying
adb: device '5C161JEA304304' not found
[2026-05-19T07:56:08Z] 5C161JEA304304  re-apply tcp:4566 FAILED
[2026-05-19T07:56:23Z] 5C161JEA304304  missing tcp:8080 — re-applying
adb: device '5C161JEA304304' not found
[2026-05-19T07:56:23Z] 5C161JEA304304  re-apply tcp:8080 FAILED
[2026-05-19T07:56:23Z] 5C161JEA304304  missing tcp:8081 — re-applying
adb: device '5C161JEA304304' not found
[2026-05-19T07:56:23Z] 5C161JEA304304  re-apply tcp:8081 FAILED
[2026-05-19T07:56:23Z] 5C161JEA304304  missing tcp:4566 — re-applying
adb: device '5C161JEA304304' not found
[2026-05-19T07:56:23Z] 5C161JEA304304  re-apply tcp:4566 FAILED
[2026-05-19T07:56:38Z] 5C161JEA304304  missing tcp:8080 — re-applying
adb: device '5C161JEA304304' not found
[2026-05-19T07:56:38Z] 5C161JEA304304  re-apply tcp:8080 FAILED
[2026-05-19T07:56:38Z] 5C161JEA304304  missing tcp:8081 — re-applying
adb: device '5C161JEA304304' not found
[2026-05-19T07:56:38Z] 5C161JEA304304  re-apply tcp:8081 FAILED
[2026-05-19T07:56:38Z] 5C161JEA304304  missing tcp:4566 — re-applying
adb: device '5C161JEA304304' not found
[2026-05-19T07:56:38Z] 5C161JEA304304  re-apply tcp:4566 FAILED
[2026-05-19T07:56:54Z] 5C161JEA304304  missing tcp:8080 — re-applying
adb: device '5C161JEA304304' not found
[2026-05-19T07:56:54Z] 5C161JEA304304  re-apply tcp:8080 FAILED
[2026-05-19T07:56:54Z] 5C161JEA304304  missing tcp:8081 — re-applying
adb: device '5C161JEA304304' not found
[2026-05-19T07:56:54Z] 5C161JEA304304  re-apply tcp:8081 FAILED
[2026-05-19T07:56:54Z] 5C161JEA304304  missing tcp:4566 — re-applying
adb: device '5C161JEA304304' not found
[2026-05-19T07:56:54Z] 5C161JEA304304  re-apply tcp:4566 FAILED
[2026-05-19T07:57:09Z] 5C161JEA304304  missing tcp:8080 — re-applying
adb: device '5C161JEA304304' not found
[2026-05-19T07:57:09Z] 5C161JEA304304  re-apply tcp:8080 FAILED
[2026-05-19T07:57:09Z] 5C161JEA304304  missing tcp:8081 — re-applying
adb: device '5C161JEA304304' not found
[2026-05-19T07:57:09Z] 5C161JEA304304  re-apply tcp:8081 FAILED
[2026-05-19T07:57:09Z] 5C161JEA304304  missing tcp:4566 — re-applying
adb: device '5C161JEA304304' not found
[2026-05-19T07:57:09Z] 5C161JEA304304  re-apply tcp:4566 FAILED
[2026-05-19T07:57:24Z] 5C161JEA304304  missing tcp:8080 — re-applying
adb: device '5C161JEA304304' not found
[2026-05-19T07:57:24Z] 5C161JEA304304  re-apply tcp:8080 FAILED
[2026-05-19T07:57:24Z] 5C161JEA304304  missing tcp:8081 — re-applying
adb: device '5C161JEA304304' not found
[2026-05-19T07:57:24Z] 5C161JEA304304  re-apply tcp:8081 FAILED
[2026-05-19T07:57:24Z] 5C161JEA304304  missing tcp:4566 — re-applying
adb: device '5C161JEA304304' not found
[2026-05-19T07:57:24Z] 5C161JEA304304  re-apply tcp:4566 FAILED
[2026-05-19T07:57:39Z] 5C161JEA304304  missing tcp:8080 — re-applying
adb: device '5C161JEA304304' not found
[2026-05-19T07:57:39Z] 5C161JEA304304  re-apply tcp:8080 FAILED
[2026-05-19T07:57:39Z] 5C161JEA304304  missing tcp:8081 — re-applying
adb: device '5C161JEA304304' not found
[2026-05-19T07:57:39Z] 5C161JEA304304  re-apply tcp:8081 FAILED
[2026-05-19T07:57:39Z] 5C161JEA304304  missing tcp:4566 — re-applying
adb: device '5C161JEA304304' not found
[2026-05-19T07:57:39Z] 5C161JEA304304  re-apply tcp:4566 FAILED
[2026-05-19T07:57:54Z] 5C161JEA304304  missing tcp:8080 — re-applying
adb: device '5C161JEA304304' not found
[2026-05-19T07:57:54Z] 5C161JEA304304  re-apply tcp:8080 FAILED
[2026-05-19T07:57:54Z] 5C161JEA304304  missing tcp:8081 — re-applying
adb: device '5C161JEA304304' not found
[2026-05-19T07:57:54Z] 5C161JEA304304  re-apply tcp:8081 FAILED
[2026-05-19T07:57:54Z] 5C161JEA304304  missing tcp:4566 — re-applying
adb: device '5C161JEA304304' not found
[2026-05-19T07:57:54Z] 5C161JEA304304  re-apply tcp:4566 FAILED
[2026-05-19T07:58:09Z] 5C161JEA304304  missing tcp:8080 — re-applying
adb: device '5C161JEA304304' not found
[2026-05-19T07:58:09Z] 5C161JEA304304  re-apply tcp:8080 FAILED
[2026-05-19T07:58:09Z] 5C161JEA304304  missing tcp:8081 — re-applying
adb: device '5C161JEA304304' not found
[2026-05-19T07:58:09Z] 5C161JEA304304  re-apply tcp:8081 FAILED
[2026-05-19T07:58:09Z] 5C161JEA304304  missing tcp:4566 — re-applying
adb: device '5C161JEA304304' not found
[2026-05-19T07:58:09Z] 5C161JEA304304  re-apply tcp:4566 FAILED
[2026-05-19T07:58:24Z] 5C161JEA304304  missing tcp:8080 — re-applying
adb: device '5C161JEA304304' not found
[2026-05-19T07:58:24Z] 5C161JEA304304  re-apply tcp:8080 FAILED
[2026-05-19T07:58:24Z] 5C161JEA304304  missing tcp:8081 — re-applying
adb: device '5C161JEA304304' not found
[2026-05-19T07:58:24Z] 5C161JEA304304  re-apply tcp:8081 FAILED
[2026-05-19T07:58:24Z] 5C161JEA304304  missing tcp:4566 — re-applying
adb: device '5C161JEA304304' not found
[2026-05-19T07:58:24Z] 5C161JEA304304  re-apply tcp:4566 FAILED
[2026-05-19T07:58:39Z] 5C161JEA304304  missing tcp:8080 — re-applying
adb: device '5C161JEA304304' not found
[2026-05-19T07:58:39Z] 5C161JEA304304  re-apply tcp:8080 FAILED
[2026-05-19T07:58:40Z] 5C161JEA304304  missing tcp:8081 — re-applying
adb: device '5C161JEA304304' not found
[2026-05-19T07:58:40Z] 5C161JEA304304  re-apply tcp:8081 FAILED
[2026-05-19T07:58:40Z] 5C161JEA304304  missing tcp:4566 — re-applying
adb: device '5C161JEA304304' not found
[2026-05-19T07:58:40Z] 5C161JEA304304  re-apply tcp:4566 FAILED
[2026-05-19T07:58:55Z] 5C161JEA304304  missing tcp:8080 — re-applying
adb: device '5C161JEA304304' not found
[2026-05-19T07:58:55Z] 5C161JEA304304  re-apply tcp:8080 FAILED
[2026-05-19T07:58:55Z] 5C161JEA304304  missing tcp:8081 — re-applying
adb: device '5C161JEA304304' not found
[2026-05-19T07:58:55Z] 5C161JEA304304  re-apply tcp:8081 FAILED
[2026-05-19T07:58:55Z] 5C161JEA304304  missing tcp:4566 — re-applying
adb: device '5C161JEA304304' not found
[2026-05-19T07:58:55Z] 5C161JEA304304  re-apply tcp:4566 FAILED
[2026-05-19T07:59:10Z] 5C161JEA304304  missing tcp:8080 — re-applying
adb: device '5C161JEA304304' not found
[2026-05-19T07:59:10Z] 5C161JEA304304  re-apply tcp:8080 FAILED
[2026-05-19T07:59:10Z] 5C161JEA304304  missing tcp:8081 — re-applying
adb: device '5C161JEA304304' not found
[2026-05-19T07:59:10Z] 5C161JEA304304  re-apply tcp:8081 FAILED
[2026-05-19T07:59:10Z] 5C161JEA304304  missing tcp:4566 — re-applying
adb: device '5C161JEA304304' not found
[2026-05-19T07:59:10Z] 5C161JEA304304  re-apply tcp:4566 FAILED
[2026-05-19T07:59:25Z] 5C161JEA304304  missing tcp:8080 — re-applying
adb: device '5C161JEA304304' not found
[2026-05-19T07:59:25Z] 5C161JEA304304  re-apply tcp:8080 FAILED
[2026-05-19T07:59:25Z] 5C161JEA304304  missing tcp:8081 — re-applying
adb: device '5C161JEA304304' not found
[2026-05-19T07:59:25Z] 5C161JEA304304  re-apply tcp:8081 FAILED
[2026-05-19T07:59:25Z] 5C161JEA304304  missing tcp:4566 — re-applying
adb: device '5C161JEA304304' not found
[2026-05-19T07:59:25Z] 5C161JEA304304  re-apply tcp:4566 FAILED
[2026-05-19T07:59:40Z] 5C161JEA304304  missing tcp:8080 — re-applying
adb: device '5C161JEA304304' not found
[2026-05-19T07:59:40Z] 5C161JEA304304  re-apply tcp:8080 FAILED
[2026-05-19T07:59:40Z] 5C161JEA304304  missing tcp:8081 — re-applying
adb: device '5C161JEA304304' not found
[2026-05-19T07:59:40Z] 5C161JEA304304  re-apply tcp:8081 FAILED
[2026-05-19T07:59:40Z] 5C161JEA304304  missing tcp:4566 — re-applying
adb: device '5C161JEA304304' not found
[2026-05-19T07:59:40Z] 5C161JEA304304  re-apply tcp:4566 FAILED
[2026-05-19T07:59:55Z] 5C161JEA304304  missing tcp:8080 — re-applying
adb: device '5C161JEA304304' not found
[2026-05-19T07:59:55Z] 5C161JEA304304  re-apply tcp:8080 FAILED
[2026-05-19T07:59:55Z] 5C161JEA304304  missing tcp:8081 — re-applying
adb: device '5C161JEA304304' not found
[2026-05-19T07:59:55Z] 5C161JEA304304  re-apply tcp:8081 FAILED
[2026-05-19T07:59:55Z] 5C161JEA304304  missing tcp:4566 — re-applying
adb: device '5C161JEA304304' not found
[2026-05-19T07:59:55Z] 5C161JEA304304  re-apply tcp:4566 FAILED
[2026-05-19T08:00:10Z] 5C161JEA304304  missing tcp:8080 — re-applying
adb: device '5C161JEA304304' not found
[2026-05-19T08:00:10Z] 5C161JEA304304  re-apply tcp:8080 FAILED
[2026-05-19T08:00:10Z] 5C161JEA304304  missing tcp:8081 — re-applying
adb: device '5C161JEA304304' not found
[2026-05-19T08:00:10Z] 5C161JEA304304  re-apply tcp:8081 FAILED
[2026-05-19T08:00:10Z] 5C161JEA304304  missing tcp:4566 — re-applying
adb: device '5C161JEA304304' not found
[2026-05-19T08:00:10Z] 5C161JEA304304  re-apply tcp:4566 FAILED
[2026-05-19T08:00:25Z] 5C161JEA304304  missing tcp:8080 — re-applying
adb: device '5C161JEA304304' not found
[2026-05-19T08:00:25Z] 5C161JEA304304  re-apply tcp:8080 FAILED
[2026-05-19T08:00:25Z] 5C161JEA304304  missing tcp:8081 — re-applying
adb: device '5C161JEA304304' not found
[2026-05-19T08:00:25Z] 5C161JEA304304  re-apply tcp:8081 FAILED
[2026-05-19T08:00:25Z] 5C161JEA304304  missing tcp:4566 — re-applying
adb: device '5C161JEA304304' not found
[2026-05-19T08:00:25Z] 5C161JEA304304  re-apply tcp:4566 FAILED
[2026-05-19T08:00:40Z] 5C161JEA304304  missing tcp:8080 — re-applying
adb: device '5C161JEA304304' not found
[2026-05-19T08:00:40Z] 5C161JEA304304  re-apply tcp:8080 FAILED
[2026-05-19T08:00:41Z] 5C161JEA304304  missing tcp:8081 — re-applying
adb: device '5C161JEA304304' not found
[2026-05-19T08:00:41Z] 5C161JEA304304  re-apply tcp:8081 FAILED
[2026-05-19T08:00:41Z] 5C161JEA304304  missing tcp:4566 — re-applying
adb: device '5C161JEA304304' not found
[2026-05-19T08:00:41Z] 5C161JEA304304  re-apply tcp:4566 FAILED
[2026-05-19T08:00:56Z] 5C161JEA304304  missing tcp:8080 — re-applying
adb: device '5C161JEA304304' not found
[2026-05-19T08:00:56Z] 5C161JEA304304  re-apply tcp:8080 FAILED
[2026-05-19T08:00:56Z] 5C161JEA304304  missing tcp:8081 — re-applying
adb: device '5C161JEA304304' not found
[2026-05-19T08:00:56Z] 5C161JEA304304  re-apply tcp:8081 FAILED
[2026-05-19T08:00:56Z] 5C161JEA304304  missing tcp:4566 — re-applying
adb: device '5C161JEA304304' not found
[2026-05-19T08:00:56Z] 5C161JEA304304  re-apply tcp:4566 FAILED
[2026-05-19T08:01:11Z] 5C161JEA304304  missing tcp:8080 — re-applying
adb: device '5C161JEA304304' not found
[2026-05-19T08:01:11Z] 5C161JEA304304  re-apply tcp:8080 FAILED
[2026-05-19T08:01:11Z] 5C161JEA304304  missing tcp:8081 — re-applying
adb: device '5C161JEA304304' not found
[2026-05-19T08:01:11Z] 5C161JEA304304  re-apply tcp:8081 FAILED
[2026-05-19T08:01:11Z] 5C161JEA304304  missing tcp:4566 — re-applying
adb: device '5C161JEA304304' not found
[2026-05-19T08:01:11Z] 5C161JEA304304  re-apply tcp:4566 FAILED
[2026-05-19T08:01:26Z] 5C161JEA304304  missing tcp:8080 — re-applying
adb: device '5C161JEA304304' not found
[2026-05-19T08:01:26Z] 5C161JEA304304  re-apply tcp:8080 FAILED
[2026-05-19T08:01:26Z] 5C161JEA304304  missing tcp:8081 — re-applying
adb: device '5C161JEA304304' not found
[2026-05-19T08:01:26Z] 5C161JEA304304  re-apply tcp:8081 FAILED
[2026-05-19T08:01:26Z] 5C161JEA304304  missing tcp:4566 — re-applying
adb: device '5C161JEA304304' not found
[2026-05-19T08:01:26Z] 5C161JEA304304  re-apply tcp:4566 FAILED
[2026-05-19T08:01:41Z] 5C161JEA304304  missing tcp:8080 — re-applying
adb: device '5C161JEA304304' not found
[2026-05-19T08:01:41Z] 5C161JEA304304  re-apply tcp:8080 FAILED
[2026-05-19T08:01:41Z] 5C161JEA304304  missing tcp:8081 — re-applying
adb: device '5C161JEA304304' not found
[2026-05-19T08:01:41Z] 5C161JEA304304  re-apply tcp:8081 FAILED
[2026-05-19T08:01:41Z] 5C161JEA304304  missing tcp:4566 — re-applying
adb: device '5C161JEA304304' not found
[2026-05-19T08:01:41Z] 5C161JEA304304  re-apply tcp:4566 FAILED
[2026-05-19T08:01:56Z] 5C161JEA304304  missing tcp:8080 — re-applying
adb: device '5C161JEA304304' not found
[2026-05-19T08:01:56Z] 5C161JEA304304  re-apply tcp:8080 FAILED
[2026-05-19T08:01:56Z] 5C161JEA304304  missing tcp:8081 — re-applying
adb: device '5C161JEA304304' not found
[2026-05-19T08:01:56Z] 5C161JEA304304  re-apply tcp:8081 FAILED
[2026-05-19T08:01:56Z] 5C161JEA304304  missing tcp:4566 — re-applying
adb: device '5C161JEA304304' not found
[2026-05-19T08:01:56Z] 5C161JEA304304  re-apply tcp:4566 FAILED
[2026-05-19T08:02:11Z] 5C161JEA304304  missing tcp:8080 — re-applying
adb: device '5C161JEA304304' not found
[2026-05-19T08:02:11Z] 5C161JEA304304  re-apply tcp:8080 FAILED
[2026-05-19T08:02:11Z] 5C161JEA304304  missing tcp:8081 — re-applying
adb: device '5C161JEA304304' not found
[2026-05-19T08:02:11Z] 5C161JEA304304  re-apply tcp:8081 FAILED
[2026-05-19T08:02:11Z] 5C161JEA304304  missing tcp:4566 — re-applying
adb: device '5C161JEA304304' not found
[2026-05-19T08:02:11Z] 5C161JEA304304  re-apply tcp:4566 FAILED
[2026-05-19T08:02:26Z] 5C161JEA304304  missing tcp:8080 — re-applying
adb: device '5C161JEA304304' not found
[2026-05-19T08:02:26Z] 5C161JEA304304  re-apply tcp:8080 FAILED
[2026-05-19T08:02:26Z] 5C161JEA304304  missing tcp:8081 — re-applying
adb: device '5C161JEA304304' not found
[2026-05-19T08:02:26Z] 5C161JEA304304  re-apply tcp:8081 FAILED
[2026-05-19T08:02:26Z] 5C161JEA304304  missing tcp:4566 — re-applying
adb: device '5C161JEA304304' not found
[2026-05-19T08:02:26Z] 5C161JEA304304  re-apply tcp:4566 FAILED
[2026-05-19T08:02:42Z] 5C161JEA304304  missing tcp:8080 — re-applying
adb: device '5C161JEA304304' not found
[2026-05-19T08:02:42Z] 5C161JEA304304  re-apply tcp:8080 FAILED
[2026-05-19T08:02:42Z] 5C161JEA304304  missing tcp:8081 — re-applying
adb: device '5C161JEA304304' not found
[2026-05-19T08:02:42Z] 5C161JEA304304  re-apply tcp:8081 FAILED
[2026-05-19T08:02:42Z] 5C161JEA304304  missing tcp:4566 — re-applying
adb: device '5C161JEA304304' not found
[2026-05-19T08:02:42Z] 5C161JEA304304  re-apply tcp:4566 FAILED
[2026-05-19T08:02:57Z] 5C161JEA304304  missing tcp:8080 — re-applying
adb: device '5C161JEA304304' not found
[2026-05-19T08:02:57Z] 5C161JEA304304  re-apply tcp:8080 FAILED
[2026-05-19T08:02:57Z] 5C161JEA304304  missing tcp:8081 — re-applying
adb: device '5C161JEA304304' not found
[2026-05-19T08:02:57Z] 5C161JEA304304  re-apply tcp:8081 FAILED
[2026-05-19T08:02:57Z] 5C161JEA304304  missing tcp:4566 — re-applying
adb: device '5C161JEA304304' not found
[2026-05-19T08:02:57Z] 5C161JEA304304  re-apply tcp:4566 FAILED
[2026-05-19T08:03:12Z] 5C161JEA304304  missing tcp:8080 — re-applying
adb: device '5C161JEA304304' not found
[2026-05-19T08:03:12Z] 5C161JEA304304  re-apply tcp:8080 FAILED
[2026-05-19T08:03:12Z] 5C161JEA304304  missing tcp:8081 — re-applying
adb: device '5C161JEA304304' not found
[2026-05-19T08:03:12Z] 5C161JEA304304  re-apply tcp:8081 FAILED
[2026-05-19T08:03:12Z] 5C161JEA304304  missing tcp:4566 — re-applying
adb: device '5C161JEA304304' not found
[2026-05-19T08:03:12Z] 5C161JEA304304  re-apply tcp:4566 FAILED
[2026-05-19T08:03:27Z] 5C161JEA304304  missing tcp:8080 — re-applying
adb: device '5C161JEA304304' not found
[2026-05-19T08:03:27Z] 5C161JEA304304  re-apply tcp:8080 FAILED
[2026-05-19T08:03:27Z] 5C161JEA304304  missing tcp:8081 — re-applying
adb: device '5C161JEA304304' not found
[2026-05-19T08:03:27Z] 5C161JEA304304  re-apply tcp:8081 FAILED
[2026-05-19T08:03:27Z] 5C161JEA304304  missing tcp:4566 — re-applying
adb: device '5C161JEA304304' not found
[2026-05-19T08:03:27Z] 5C161JEA304304  re-apply tcp:4566 FAILED
[2026-05-19T08:03:42Z] 5C161JEA304304  missing tcp:8080 — re-applying
adb: device '5C161JEA304304' not found
[2026-05-19T08:03:42Z] 5C161JEA304304  re-apply tcp:8080 FAILED
[2026-05-19T08:03:42Z] 5C161JEA304304  missing tcp:8081 — re-applying
adb: device '5C161JEA304304' not found
[2026-05-19T08:03:42Z] 5C161JEA304304  re-apply tcp:8081 FAILED
[2026-05-19T08:03:42Z] 5C161JEA304304  missing tcp:4566 — re-applying
adb: device '5C161JEA304304' not found
[2026-05-19T08:03:42Z] 5C161JEA304304  re-apply tcp:4566 FAILED
[2026-05-19T08:03:57Z] 5C161JEA304304  missing tcp:8080 — re-applying
adb: device '5C161JEA304304' not found
[2026-05-19T08:03:57Z] 5C161JEA304304  re-apply tcp:8080 FAILED
[2026-05-19T08:03:57Z] 5C161JEA304304  missing tcp:8081 — re-applying
adb: device '5C161JEA304304' not found
[2026-05-19T08:03:57Z] 5C161JEA304304  re-apply tcp:8081 FAILED
[2026-05-19T08:03:57Z] 5C161JEA304304  missing tcp:4566 — re-applying
adb: device '5C161JEA304304' not found
[2026-05-19T08:03:57Z] 5C161JEA304304  re-apply tcp:4566 FAILED
[2026-05-19T08:04:12Z] 5C161JEA304304  missing tcp:8080 — re-applying
adb: device '5C161JEA304304' not found
[2026-05-19T08:04:12Z] 5C161JEA304304  re-apply tcp:8080 FAILED
[2026-05-19T08:04:12Z] 5C161JEA304304  missing tcp:8081 — re-applying
adb: device '5C161JEA304304' not found
[2026-05-19T08:04:12Z] 5C161JEA304304  re-apply tcp:8081 FAILED
[2026-05-19T08:04:12Z] 5C161JEA304304  missing tcp:4566 — re-applying
adb: device '5C161JEA304304' not found
[2026-05-19T08:04:12Z] 5C161JEA304304  re-apply tcp:4566 FAILED
[2026-05-19T08:04:28Z] 5C161JEA304304  missing tcp:8080 — re-applying
adb: device '5C161JEA304304' not found
[2026-05-19T08:04:28Z] 5C161JEA304304  re-apply tcp:8080 FAILED
[2026-05-19T08:04:28Z] 5C161JEA304304  missing tcp:8081 — re-applying
adb: device '5C161JEA304304' not found
[2026-05-19T08:04:28Z] 5C161JEA304304  re-apply tcp:8081 FAILED
[2026-05-19T08:04:28Z] 5C161JEA304304  missing tcp:4566 — re-applying
adb: device '5C161JEA304304' not found
[2026-05-19T08:04:28Z] 5C161JEA304304  re-apply tcp:4566 FAILED
[2026-05-19T08:04:43Z] 5C161JEA304304  missing tcp:8080 — re-applying
adb: device '5C161JEA304304' not found
[2026-05-19T08:04:43Z] 5C161JEA304304  re-apply tcp:8080 FAILED
[2026-05-19T08:04:43Z] 5C161JEA304304  missing tcp:8081 — re-applying
adb: device '5C161JEA304304' not found
[2026-05-19T08:04:43Z] 5C161JEA304304  re-apply tcp:8081 FAILED
[2026-05-19T08:04:43Z] 5C161JEA304304  missing tcp:4566 — re-applying
adb: device '5C161JEA304304' not found
[2026-05-19T08:04:43Z] 5C161JEA304304  re-apply tcp:4566 FAILED
[2026-05-19T08:04:58Z] 5C161JEA304304  missing tcp:8080 — re-applying
adb: device '5C161JEA304304' not found
[2026-05-19T08:04:58Z] 5C161JEA304304  re-apply tcp:8080 FAILED
[2026-05-19T08:04:58Z] 5C161JEA304304  missing tcp:8081 — re-applying
adb: device '5C161JEA304304' not found
[2026-05-19T08:04:58Z] 5C161JEA304304  re-apply tcp:8081 FAILED
[2026-05-19T08:04:58Z] 5C161JEA304304  missing tcp:4566 — re-applying
adb: device '5C161JEA304304' not found
[2026-05-19T08:04:58Z] 5C161JEA304304  re-apply tcp:4566 FAILED
[2026-05-19T08:05:13Z] 5C161JEA304304  missing tcp:8080 — re-applying
adb: device '5C161JEA304304' not found
[2026-05-19T08:05:13Z] 5C161JEA304304  re-apply tcp:8080 FAILED
[2026-05-19T08:05:13Z] 5C161JEA304304  missing tcp:8081 — re-applying
adb: device '5C161JEA304304' not found
[2026-05-19T08:05:13Z] 5C161JEA304304  re-apply tcp:8081 FAILED
[2026-05-19T08:05:13Z] 5C161JEA304304  missing tcp:4566 — re-applying
adb: device '5C161JEA304304' not found
[2026-05-19T08:05:13Z] 5C161JEA304304  re-apply tcp:4566 FAILED
[2026-05-19T08:05:28Z] 5C161JEA304304  missing tcp:8080 — re-applying
adb: device '5C161JEA304304' not found
[2026-05-19T08:05:28Z] 5C161JEA304304  re-apply tcp:8080 FAILED
[2026-05-19T08:05:28Z] 5C161JEA304304  missing tcp:8081 — re-applying
adb: device '5C161JEA304304' not found
[2026-05-19T08:05:28Z] 5C161JEA304304  re-apply tcp:8081 FAILED
[2026-05-19T08:05:28Z] 5C161JEA304304  missing tcp:4566 — re-applying
adb: device '5C161JEA304304' not found
[2026-05-19T08:05:28Z] 5C161JEA304304  re-apply tcp:4566 FAILED
[2026-05-19T08:05:43Z] 5C161JEA304304  missing tcp:8080 — re-applying
adb: device '5C161JEA304304' not found
[2026-05-19T08:05:43Z] 5C161JEA304304  re-apply tcp:8080 FAILED
[2026-05-19T08:05:43Z] 5C161JEA304304  missing tcp:8081 — re-applying
adb: device '5C161JEA304304' not found
[2026-05-19T08:05:43Z] 5C161JEA304304  re-apply tcp:8081 FAILED
[2026-05-19T08:05:43Z] 5C161JEA304304  missing tcp:4566 — re-applying
adb: device '5C161JEA304304' not found
[2026-05-19T08:05:43Z] 5C161JEA304304  re-apply tcp:4566 FAILED
[2026-05-19T08:05:58Z] 5C161JEA304304  missing tcp:8080 — re-applying
adb: device '5C161JEA304304' not found
[2026-05-19T08:05:58Z] 5C161JEA304304  re-apply tcp:8080 FAILED
[2026-05-19T08:05:58Z] 5C161JEA304304  missing tcp:8081 — re-applying
adb: device '5C161JEA304304' not found
[2026-05-19T08:05:58Z] 5C161JEA304304  re-apply tcp:8081 FAILED
[2026-05-19T08:05:58Z] 5C161JEA304304  missing tcp:4566 — re-applying
adb: device '5C161JEA304304' not found
[2026-05-19T08:05:58Z] 5C161JEA304304  re-apply tcp:4566 FAILED
[2026-05-19T08:06:13Z] 5C161JEA304304  missing tcp:8080 — re-applying
adb: device '5C161JEA304304' not found
[2026-05-19T08:06:13Z] 5C161JEA304304  re-apply tcp:8080 FAILED
[2026-05-19T08:06:13Z] 5C161JEA304304  missing tcp:8081 — re-applying
adb: device '5C161JEA304304' not found
[2026-05-19T08:06:13Z] 5C161JEA304304  re-apply tcp:8081 FAILED
[2026-05-19T08:06:13Z] 5C161JEA304304  missing tcp:4566 — re-applying
adb: device '5C161JEA304304' not found
[2026-05-19T08:06:13Z] 5C161JEA304304  re-apply tcp:4566 FAILED
[2026-05-19T08:06:29Z] 5C161JEA304304  missing tcp:8080 — re-applying
adb: device '5C161JEA304304' not found
[2026-05-19T08:06:29Z] 5C161JEA304304  re-apply tcp:8080 FAILED
[2026-05-19T08:06:29Z] 5C161JEA304304  missing tcp:8081 — re-applying
adb: device '5C161JEA304304' not found
[2026-05-19T08:06:29Z] 5C161JEA304304  re-apply tcp:8081 FAILED
[2026-05-19T08:06:29Z] 5C161JEA304304  missing tcp:4566 — re-applying
adb: device '5C161JEA304304' not found
[2026-05-19T08:06:29Z] 5C161JEA304304  re-apply tcp:4566 FAILED
[2026-05-19T08:06:44Z] 5C161JEA304304  missing tcp:8080 — re-applying
adb: device '5C161JEA304304' not found
[2026-05-19T08:06:44Z] 5C161JEA304304  re-apply tcp:8080 FAILED
[2026-05-19T08:06:44Z] 5C161JEA304304  missing tcp:8081 — re-applying
adb: device '5C161JEA304304' not found
[2026-05-19T08:06:44Z] 5C161JEA304304  re-apply tcp:8081 FAILED
[2026-05-19T08:06:44Z] 5C161JEA304304  missing tcp:4566 — re-applying
adb: device '5C161JEA304304' not found
[2026-05-19T08:06:44Z] 5C161JEA304304  re-apply tcp:4566 FAILED
[2026-05-19T08:06:59Z] 5C161JEA304304  missing tcp:8080 — re-applying
adb: device '5C161JEA304304' not found
[2026-05-19T08:06:59Z] 5C161JEA304304  re-apply tcp:8080 FAILED
[2026-05-19T08:06:59Z] 5C161JEA304304  missing tcp:8081 — re-applying
adb: device '5C161JEA304304' not found
[2026-05-19T08:06:59Z] 5C161JEA304304  re-apply tcp:8081 FAILED
[2026-05-19T08:06:59Z] 5C161JEA304304  missing tcp:4566 — re-applying
adb: device '5C161JEA304304' not found
[2026-05-19T08:06:59Z] 5C161JEA304304  re-apply tcp:4566 FAILED
[2026-05-19T08:07:14Z] 5C161JEA304304  missing tcp:8080 — re-applying
adb: device '5C161JEA304304' not found
[2026-05-19T08:07:14Z] 5C161JEA304304  re-apply tcp:8080 FAILED
[2026-05-19T08:07:14Z] 5C161JEA304304  missing tcp:8081 — re-applying
adb: device '5C161JEA304304' not found
[2026-05-19T08:07:14Z] 5C161JEA304304  re-apply tcp:8081 FAILED
[2026-05-19T08:07:14Z] 5C161JEA304304  missing tcp:4566 — re-applying
adb: device '5C161JEA304304' not found
[2026-05-19T08:07:14Z] 5C161JEA304304  re-apply tcp:4566 FAILED
[2026-05-19T08:07:29Z] 5C161JEA304304  missing tcp:8080 — re-applying
adb: device '5C161JEA304304' not found
[2026-05-19T08:07:29Z] 5C161JEA304304  re-apply tcp:8080 FAILED
[2026-05-19T08:07:29Z] 5C161JEA304304  missing tcp:8081 — re-applying
adb: device '5C161JEA304304' not found
[2026-05-19T08:07:29Z] 5C161JEA304304  re-apply tcp:8081 FAILED
[2026-05-19T08:07:29Z] 5C161JEA304304  missing tcp:4566 — re-applying
adb: device '5C161JEA304304' not found
[2026-05-19T08:07:29Z] 5C161JEA304304  re-apply tcp:4566 FAILED
[2026-05-19T08:07:44Z] 5C161JEA304304  missing tcp:8080 — re-applying
adb: device '5C161JEA304304' not found
[2026-05-19T08:07:44Z] 5C161JEA304304  re-apply tcp:8080 FAILED
[2026-05-19T08:07:44Z] 5C161JEA304304  missing tcp:8081 — re-applying
adb: device '5C161JEA304304' not found
[2026-05-19T08:07:44Z] 5C161JEA304304  re-apply tcp:8081 FAILED
[2026-05-19T08:07:44Z] 5C161JEA304304  missing tcp:4566 — re-applying
adb: device '5C161JEA304304' not found
[2026-05-19T08:07:44Z] 5C161JEA304304  re-apply tcp:4566 FAILED
[2026-05-19T08:10:06Z] 5C161JEA304304  missing tcp:8080 — re-applying
adb: device '5C161JEA304304' not found
[2026-05-19T08:10:06Z] 5C161JEA304304  re-apply tcp:8080 FAILED
[2026-05-19T08:10:06Z] 5C161JEA304304  missing tcp:8081 — re-applying
adb: device '5C161JEA304304' not found
[2026-05-19T08:10:06Z] 5C161JEA304304  re-apply tcp:8081 FAILED
[2026-05-19T08:10:06Z] 5C161JEA304304  missing tcp:4566 — re-applying
adb: device '5C161JEA304304' not found
[2026-05-19T08:10:06Z] 5C161JEA304304  re-apply tcp:4566 FAILED
[2026-05-19T08:16:51Z] 5C161JEA304304  missing tcp:8080 — re-applying
adb: device '5C161JEA304304' not found
[2026-05-19T08:16:51Z] 5C161JEA304304  re-apply tcp:8080 FAILED
[2026-05-19T08:16:51Z] 5C161JEA304304  missing tcp:8081 — re-applying
adb: device '5C161JEA304304' not found
[2026-05-19T08:16:51Z] 5C161JEA304304  re-apply tcp:8081 FAILED
[2026-05-19T08:16:51Z] 5C161JEA304304  missing tcp:4566 — re-applying
adb: device '5C161JEA304304' not found
[2026-05-19T08:16:51Z] 5C161JEA304304  re-apply tcp:4566 FAILED
[2026-05-19T08:17:06Z] 5C161JEA304304  missing tcp:8080 — re-applying
adb: device '5C161JEA304304' not found
[2026-05-19T08:17:06Z] 5C161JEA304304  re-apply tcp:8080 FAILED
[2026-05-19T08:17:06Z] 5C161JEA304304  missing tcp:8081 — re-applying
adb: device '5C161JEA304304' not found
[2026-05-19T08:17:06Z] 5C161JEA304304  re-apply tcp:8081 FAILED
[2026-05-19T08:17:06Z] 5C161JEA304304  missing tcp:4566 — re-applying
adb: device '5C161JEA304304' not found
[2026-05-19T08:17:06Z] 5C161JEA304304  re-apply tcp:4566 FAILED
[2026-05-19T08:17:21Z] 5C161JEA304304  missing tcp:8080 — re-applying
adb: device '5C161JEA304304' not found
[2026-05-19T08:17:21Z] 5C161JEA304304  re-apply tcp:8080 FAILED
[2026-05-19T08:17:21Z] 5C161JEA304304  missing tcp:8081 — re-applying
adb: device '5C161JEA304304' not found
[2026-05-19T08:17:21Z] 5C161JEA304304  re-apply tcp:8081 FAILED
[2026-05-19T08:17:21Z] 5C161JEA304304  missing tcp:4566 — re-applying
adb: device '5C161JEA304304' not found
[2026-05-19T08:17:21Z] 5C161JEA304304  re-apply tcp:4566 FAILED
[2026-05-19T08:17:37Z] 5C161JEA304304  missing tcp:8080 — re-applying
adb: device '5C161JEA304304' not found
[2026-05-19T08:17:37Z] 5C161JEA304304  re-apply tcp:8080 FAILED
[2026-05-19T08:17:37Z] 5C161JEA304304  missing tcp:8081 — re-applying
adb: device '5C161JEA304304' not found
[2026-05-19T08:17:37Z] 5C161JEA304304  re-apply tcp:8081 FAILED
[2026-05-19T08:17:37Z] 5C161JEA304304  missing tcp:4566 — re-applying
adb: device '5C161JEA304304' not found
[2026-05-19T08:17:37Z] 5C161JEA304304  re-apply tcp:4566 FAILED
[2026-05-19T08:17:52Z] 5C161JEA304304  missing tcp:8080 — re-applying
adb: device '5C161JEA304304' not found
[2026-05-19T08:17:52Z] 5C161JEA304304  re-apply tcp:8080 FAILED
[2026-05-19T08:17:52Z] 5C161JEA304304  missing tcp:8081 — re-applying
adb: device '5C161JEA304304' not found
[2026-05-19T08:17:52Z] 5C161JEA304304  re-apply tcp:8081 FAILED
[2026-05-19T08:17:52Z] 5C161JEA304304  missing tcp:4566 — re-applying
adb: device '5C161JEA304304' not found
[2026-05-19T08:17:52Z] 5C161JEA304304  re-apply tcp:4566 FAILED
[2026-05-19T08:18:07Z] 5C161JEA304304  missing tcp:8080 — re-applying
adb: device '5C161JEA304304' not found
[2026-05-19T08:18:07Z] 5C161JEA304304  re-apply tcp:8080 FAILED
[2026-05-19T08:18:07Z] 5C161JEA304304  missing tcp:8081 — re-applying
adb: device '5C161JEA304304' not found
[2026-05-19T08:18:07Z] 5C161JEA304304  re-apply tcp:8081 FAILED
[2026-05-19T08:18:07Z] 5C161JEA304304  missing tcp:4566 — re-applying
adb: device '5C161JEA304304' not found
[2026-05-19T08:18:07Z] 5C161JEA304304  re-apply tcp:4566 FAILED
[2026-05-19T08:18:22Z] 5C161JEA304304  missing tcp:8080 — re-applying
adb: device '5C161JEA304304' not found
[2026-05-19T08:18:22Z] 5C161JEA304304  re-apply tcp:8080 FAILED
[2026-05-19T08:18:22Z] 5C161JEA304304  missing tcp:8081 — re-applying
adb: device '5C161JEA304304' not found
[2026-05-19T08:18:22Z] 5C161JEA304304  re-apply tcp:8081 FAILED
[2026-05-19T08:18:22Z] 5C161JEA304304  missing tcp:4566 — re-applying
adb: device '5C161JEA304304' not found
[2026-05-19T08:18:22Z] 5C161JEA304304  re-apply tcp:4566 FAILED
[2026-05-19T08:18:37Z] 5C161JEA304304  missing tcp:8080 — re-applying
adb: device '5C161JEA304304' not found
[2026-05-19T08:18:37Z] 5C161JEA304304  re-apply tcp:8080 FAILED
[2026-05-19T08:18:37Z] 5C161JEA304304  missing tcp:8081 — re-applying
adb: device '5C161JEA304304' not found
[2026-05-19T08:18:37Z] 5C161JEA304304  re-apply tcp:8081 FAILED
[2026-05-19T08:18:37Z] 5C161JEA304304  missing tcp:4566 — re-applying
adb: device '5C161JEA304304' not found
[2026-05-19T08:18:37Z] 5C161JEA304304  re-apply tcp:4566 FAILED
[2026-05-19T08:18:52Z] 5C161JEA304304  missing tcp:8080 — re-applying
adb: device '5C161JEA304304' not found
[2026-05-19T08:18:52Z] 5C161JEA304304  re-apply tcp:8080 FAILED
[2026-05-19T08:18:52Z] 5C161JEA304304  missing tcp:8081 — re-applying
adb: device '5C161JEA304304' not found
[2026-05-19T08:18:52Z] 5C161JEA304304  re-apply tcp:8081 FAILED
[2026-05-19T08:18:52Z] 5C161JEA304304  missing tcp:4566 — re-applying
adb: device '5C161JEA304304' not found
[2026-05-19T08:18:52Z] 5C161JEA304304  re-apply tcp:4566 FAILED
[2026-05-19T08:19:07Z] 5C161JEA304304  missing tcp:8080 — re-applying
adb: device '5C161JEA304304' not found
[2026-05-19T08:19:07Z] 5C161JEA304304  re-apply tcp:8080 FAILED
[2026-05-19T08:19:07Z] 5C161JEA304304  missing tcp:8081 — re-applying
adb: device '5C161JEA304304' not found
[2026-05-19T08:19:07Z] 5C161JEA304304  re-apply tcp:8081 FAILED
[2026-05-19T08:19:07Z] 5C161JEA304304  missing tcp:4566 — re-applying
adb: device '5C161JEA304304' not found
[2026-05-19T08:19:07Z] 5C161JEA304304  re-apply tcp:4566 FAILED
[2026-05-19T08:19:22Z] 5C161JEA304304  missing tcp:8080 — re-applying
adb: device '5C161JEA304304' not found
[2026-05-19T08:19:22Z] 5C161JEA304304  re-apply tcp:8080 FAILED
[2026-05-19T08:19:22Z] 5C161JEA304304  missing tcp:8081 — re-applying
adb: device '5C161JEA304304' not found
[2026-05-19T08:19:22Z] 5C161JEA304304  re-apply tcp:8081 FAILED
[2026-05-19T08:19:22Z] 5C161JEA304304  missing tcp:4566 — re-applying
adb: device '5C161JEA304304' not found
[2026-05-19T08:19:22Z] 5C161JEA304304  re-apply tcp:4566 FAILED
[2026-05-19T08:19:38Z] 5C161JEA304304  missing tcp:8080 — re-applying
adb: device '5C161JEA304304' not found
[2026-05-19T08:19:38Z] 5C161JEA304304  re-apply tcp:8080 FAILED
[2026-05-19T08:19:38Z] 5C161JEA304304  missing tcp:8081 — re-applying
adb: device '5C161JEA304304' not found
[2026-05-19T08:19:38Z] 5C161JEA304304  re-apply tcp:8081 FAILED
[2026-05-19T08:19:38Z] 5C161JEA304304  missing tcp:4566 — re-applying
adb: device '5C161JEA304304' not found
[2026-05-19T08:19:38Z] 5C161JEA304304  re-apply tcp:4566 FAILED
[2026-05-19T08:19:53Z] 5C161JEA304304  missing tcp:8080 — re-applying
adb: device '5C161JEA304304' not found
[2026-05-19T08:19:53Z] 5C161JEA304304  re-apply tcp:8080 FAILED
[2026-05-19T08:19:53Z] 5C161JEA304304  missing tcp:8081 — re-applying
adb: device '5C161JEA304304' not found
[2026-05-19T08:19:53Z] 5C161JEA304304  re-apply tcp:8081 FAILED
[2026-05-19T08:19:53Z] 5C161JEA304304  missing tcp:4566 — re-applying
adb: device '5C161JEA304304' not found
[2026-05-19T08:19:53Z] 5C161JEA304304  re-apply tcp:4566 FAILED
[2026-05-19T08:20:08Z] 5C161JEA304304  missing tcp:8080 — re-applying
adb: device '5C161JEA304304' not found
[2026-05-19T08:20:08Z] 5C161JEA304304  re-apply tcp:8080 FAILED
[2026-05-19T08:20:08Z] 5C161JEA304304  missing tcp:8081 — re-applying
adb: device '5C161JEA304304' not found
[2026-05-19T08:20:08Z] 5C161JEA304304  re-apply tcp:8081 FAILED
[2026-05-19T08:20:08Z] 5C161JEA304304  missing tcp:4566 — re-applying
adb: device '5C161JEA304304' not found
[2026-05-19T08:20:08Z] 5C161JEA304304  re-apply tcp:4566 FAILED
[2026-05-19T08:20:23Z] 5C161JEA304304  missing tcp:8080 — re-applying
adb: device '5C161JEA304304' not found
[2026-05-19T08:20:23Z] 5C161JEA304304  re-apply tcp:8080 FAILED
[2026-05-19T08:20:23Z] 5C161JEA304304  missing tcp:8081 — re-applying
adb: device '5C161JEA304304' not found
[2026-05-19T08:20:23Z] 5C161JEA304304  re-apply tcp:8081 FAILED
[2026-05-19T08:20:23Z] 5C161JEA304304  missing tcp:4566 — re-applying
adb: device '5C161JEA304304' not found
[2026-05-19T08:20:23Z] 5C161JEA304304  re-apply tcp:4566 FAILED
[2026-05-19T08:20:38Z] 5C161JEA304304  missing tcp:8080 — re-applying
adb: device '5C161JEA304304' not found
[2026-05-19T08:20:38Z] 5C161JEA304304  re-apply tcp:8080 FAILED
[2026-05-19T08:20:38Z] 5C161JEA304304  missing tcp:8081 — re-applying
adb: device '5C161JEA304304' not found
[2026-05-19T08:20:38Z] 5C161JEA304304  re-apply tcp:8081 FAILED
[2026-05-19T08:20:38Z] 5C161JEA304304  missing tcp:4566 — re-applying
adb: device '5C161JEA304304' not found
[2026-05-19T08:20:38Z] 5C161JEA304304  re-apply tcp:4566 FAILED
[2026-05-19T08:20:53Z] 5C161JEA304304  missing tcp:8080 — re-applying
adb: device '5C161JEA304304' not found
[2026-05-19T08:20:53Z] 5C161JEA304304  re-apply tcp:8080 FAILED
[2026-05-19T08:20:53Z] 5C161JEA304304  missing tcp:8081 — re-applying
adb: device '5C161JEA304304' not found
[2026-05-19T08:20:53Z] 5C161JEA304304  re-apply tcp:8081 FAILED
[2026-05-19T08:20:53Z] 5C161JEA304304  missing tcp:4566 — re-applying
adb: device '5C161JEA304304' not found
[2026-05-19T08:20:53Z] 5C161JEA304304  re-apply tcp:4566 FAILED
[2026-05-19T08:21:08Z] 5C161JEA304304  missing tcp:8080 — re-applying
adb: device '5C161JEA304304' not found
[2026-05-19T08:21:08Z] 5C161JEA304304  re-apply tcp:8080 FAILED
[2026-05-19T08:21:08Z] 5C161JEA304304  missing tcp:8081 — re-applying
adb: device '5C161JEA304304' not found
[2026-05-19T08:21:08Z] 5C161JEA304304  re-apply tcp:8081 FAILED
[2026-05-19T08:21:08Z] 5C161JEA304304  missing tcp:4566 — re-applying
adb: device '5C161JEA304304' not found
[2026-05-19T08:21:08Z] 5C161JEA304304  re-apply tcp:4566 FAILED
[2026-05-19T08:21:23Z] 5C161JEA304304  missing tcp:8080 — re-applying
adb: device '5C161JEA304304' not found
[2026-05-19T08:21:23Z] 5C161JEA304304  re-apply tcp:8080 FAILED
[2026-05-19T08:21:24Z] 5C161JEA304304  missing tcp:8081 — re-applying
adb: device '5C161JEA304304' not found
[2026-05-19T08:21:24Z] 5C161JEA304304  re-apply tcp:8081 FAILED
[2026-05-19T08:21:24Z] 5C161JEA304304  missing tcp:4566 — re-applying
adb: device '5C161JEA304304' not found
[2026-05-19T08:21:24Z] 5C161JEA304304  re-apply tcp:4566 FAILED
[2026-05-19T08:21:39Z] 5C161JEA304304  missing tcp:8080 — re-applying
adb: device '5C161JEA304304' not found
[2026-05-19T08:21:39Z] 5C161JEA304304  re-apply tcp:8080 FAILED
[2026-05-19T08:21:39Z] 5C161JEA304304  missing tcp:8081 — re-applying
adb: device '5C161JEA304304' not found
[2026-05-19T08:21:39Z] 5C161JEA304304  re-apply tcp:8081 FAILED
[2026-05-19T08:21:39Z] 5C161JEA304304  missing tcp:4566 — re-applying
adb: device '5C161JEA304304' not found
[2026-05-19T08:21:39Z] 5C161JEA304304  re-apply tcp:4566 FAILED
[2026-05-19T08:21:54Z] 5C161JEA304304  missing tcp:8080 — re-applying
adb: device '5C161JEA304304' not found
[2026-05-19T08:21:54Z] 5C161JEA304304  re-apply tcp:8080 FAILED
[2026-05-19T08:21:54Z] 5C161JEA304304  missing tcp:8081 — re-applying
adb: device '5C161JEA304304' not found
[2026-05-19T08:21:54Z] 5C161JEA304304  re-apply tcp:8081 FAILED
[2026-05-19T08:21:54Z] 5C161JEA304304  missing tcp:4566 — re-applying
adb: device '5C161JEA304304' not found
[2026-05-19T08:21:54Z] 5C161JEA304304  re-apply tcp:4566 FAILED
[2026-05-19T08:22:09Z] 5C161JEA304304  missing tcp:8080 — re-applying
adb: device '5C161JEA304304' not found
[2026-05-19T08:22:09Z] 5C161JEA304304  re-apply tcp:8080 FAILED
[2026-05-19T08:22:09Z] 5C161JEA304304  missing tcp:8081 — re-applying
adb: device '5C161JEA304304' not found
[2026-05-19T08:22:09Z] 5C161JEA304304  re-apply tcp:8081 FAILED
[2026-05-19T08:22:09Z] 5C161JEA304304  missing tcp:4566 — re-applying
adb: device '5C161JEA304304' not found
[2026-05-19T08:22:09Z] 5C161JEA304304  re-apply tcp:4566 FAILED
[2026-05-19T08:22:24Z] 5C161JEA304304  missing tcp:8080 — re-applying
adb: device '5C161JEA304304' not found
[2026-05-19T08:22:24Z] 5C161JEA304304  re-apply tcp:8080 FAILED
[2026-05-19T08:22:24Z] 5C161JEA304304  missing tcp:8081 — re-applying
adb: device '5C161JEA304304' not found
[2026-05-19T08:22:24Z] 5C161JEA304304  re-apply tcp:8081 FAILED
[2026-05-19T08:22:24Z] 5C161JEA304304  missing tcp:4566 — re-applying
adb: device '5C161JEA304304' not found
[2026-05-19T08:22:24Z] 5C161JEA304304  re-apply tcp:4566 FAILED
[2026-05-19T08:22:39Z] 5C161JEA304304  missing tcp:8080 — re-applying
adb: device '5C161JEA304304' not found
[2026-05-19T08:22:39Z] 5C161JEA304304  re-apply tcp:8080 FAILED
[2026-05-19T08:22:39Z] 5C161JEA304304  missing tcp:8081 — re-applying
adb: device '5C161JEA304304' not found
[2026-05-19T08:22:39Z] 5C161JEA304304  re-apply tcp:8081 FAILED
[2026-05-19T08:22:39Z] 5C161JEA304304  missing tcp:4566 — re-applying
adb: device '5C161JEA304304' not found
[2026-05-19T08:22:39Z] 5C161JEA304304  re-apply tcp:4566 FAILED
[2026-05-19T08:22:54Z] 5C161JEA304304  missing tcp:8080 — re-applying
adb: device '5C161JEA304304' not found
[2026-05-19T08:22:54Z] 5C161JEA304304  re-apply tcp:8080 FAILED
[2026-05-19T08:22:54Z] 5C161JEA304304  missing tcp:8081 — re-applying
adb: device '5C161JEA304304' not found
[2026-05-19T08:22:54Z] 5C161JEA304304  re-apply tcp:8081 FAILED
[2026-05-19T08:22:54Z] 5C161JEA304304  missing tcp:4566 — re-applying
adb: device '5C161JEA304304' not found
[2026-05-19T08:22:54Z] 5C161JEA304304  re-apply tcp:4566 FAILED
[2026-05-19T08:23:10Z] 5C161JEA304304  missing tcp:8080 — re-applying
adb: device '5C161JEA304304' not found
[2026-05-19T08:23:10Z] 5C161JEA304304  re-apply tcp:8080 FAILED
[2026-05-19T08:23:10Z] 5C161JEA304304  missing tcp:8081 — re-applying
adb: device '5C161JEA304304' not found
[2026-05-19T08:23:10Z] 5C161JEA304304  re-apply tcp:8081 FAILED
[2026-05-19T08:23:10Z] 5C161JEA304304  missing tcp:4566 — re-applying
adb: device '5C161JEA304304' not found
[2026-05-19T08:23:10Z] 5C161JEA304304  re-apply tcp:4566 FAILED
[2026-05-19T08:23:25Z] 5C161JEA304304  missing tcp:8080 — re-applying
adb: device '5C161JEA304304' not found
[2026-05-19T08:23:25Z] 5C161JEA304304  re-apply tcp:8080 FAILED
[2026-05-19T08:23:25Z] 5C161JEA304304  missing tcp:8081 — re-applying
adb: device '5C161JEA304304' not found
[2026-05-19T08:23:25Z] 5C161JEA304304  re-apply tcp:8081 FAILED
[2026-05-19T08:23:25Z] 5C161JEA304304  missing tcp:4566 — re-applying
adb: device '5C161JEA304304' not found
[2026-05-19T08:23:25Z] 5C161JEA304304  re-apply tcp:4566 FAILED
[2026-05-19T08:23:40Z] 5C161JEA304304  missing tcp:8080 — re-applying
adb: device '5C161JEA304304' not found
[2026-05-19T08:23:40Z] 5C161JEA304304  re-apply tcp:8080 FAILED
[2026-05-19T08:23:40Z] 5C161JEA304304  missing tcp:8081 — re-applying
adb: device '5C161JEA304304' not found
[2026-05-19T08:23:40Z] 5C161JEA304304  re-apply tcp:8081 FAILED
[2026-05-19T08:23:40Z] 5C161JEA304304  missing tcp:4566 — re-applying
adb: device '5C161JEA304304' not found
[2026-05-19T08:23:40Z] 5C161JEA304304  re-apply tcp:4566 FAILED
[2026-05-19T08:23:55Z] 5C161JEA304304  missing tcp:8080 — re-applying
adb: device '5C161JEA304304' not found
[2026-05-19T08:23:55Z] 5C161JEA304304  re-apply tcp:8080 FAILED
[2026-05-19T08:23:55Z] 5C161JEA304304  missing tcp:8081 — re-applying
adb: device '5C161JEA304304' not found
[2026-05-19T08:23:55Z] 5C161JEA304304  re-apply tcp:8081 FAILED
[2026-05-19T08:23:55Z] 5C161JEA304304  missing tcp:4566 — re-applying
adb: device '5C161JEA304304' not found
[2026-05-19T08:23:55Z] 5C161JEA304304  re-apply tcp:4566 FAILED
[2026-05-19T08:24:10Z] 5C161JEA304304  missing tcp:8080 — re-applying
adb: device '5C161JEA304304' not found
[2026-05-19T08:24:10Z] 5C161JEA304304  re-apply tcp:8080 FAILED
[2026-05-19T08:24:10Z] 5C161JEA304304  missing tcp:8081 — re-applying
adb: device '5C161JEA304304' not found
[2026-05-19T08:24:10Z] 5C161JEA304304  re-apply tcp:8081 FAILED
[2026-05-19T08:24:10Z] 5C161JEA304304  missing tcp:4566 — re-applying
adb: device '5C161JEA304304' not found
[2026-05-19T08:24:10Z] 5C161JEA304304  re-apply tcp:4566 FAILED
[2026-05-19T08:24:25Z] 5C161JEA304304  missing tcp:8080 — re-applying
adb: device '5C161JEA304304' not found
[2026-05-19T08:24:25Z] 5C161JEA304304  re-apply tcp:8080 FAILED
[2026-05-19T08:24:25Z] 5C161JEA304304  missing tcp:8081 — re-applying
adb: device '5C161JEA304304' not found
[2026-05-19T08:24:25Z] 5C161JEA304304  re-apply tcp:8081 FAILED
[2026-05-19T08:24:25Z] 5C161JEA304304  missing tcp:4566 — re-applying
adb: device '5C161JEA304304' not found
[2026-05-19T08:24:25Z] 5C161JEA304304  re-apply tcp:4566 FAILED
[2026-05-19T08:24:40Z] 5C161JEA304304  missing tcp:8080 — re-applying
adb: device '5C161JEA304304' not found
[2026-05-19T08:24:40Z] 5C161JEA304304  re-apply tcp:8080 FAILED
[2026-05-19T08:24:40Z] 5C161JEA304304  missing tcp:8081 — re-applying
adb: device '5C161JEA304304' not found
[2026-05-19T08:24:40Z] 5C161JEA304304  re-apply tcp:8081 FAILED
[2026-05-19T08:24:40Z] 5C161JEA304304  missing tcp:4566 — re-applying
adb: device '5C161JEA304304' not found
[2026-05-19T08:24:40Z] 5C161JEA304304  re-apply tcp:4566 FAILED
[2026-05-19T08:24:56Z] 5C161JEA304304  missing tcp:8080 — re-applying
adb: device '5C161JEA304304' not found
[2026-05-19T08:24:56Z] 5C161JEA304304  re-apply tcp:8080 FAILED
[2026-05-19T08:24:56Z] 5C161JEA304304  missing tcp:8081 — re-applying
adb: device '5C161JEA304304' not found
[2026-05-19T08:24:56Z] 5C161JEA304304  re-apply tcp:8081 FAILED
[2026-05-19T08:24:56Z] 5C161JEA304304  missing tcp:4566 — re-applying
adb: device '5C161JEA304304' not found
[2026-05-19T08:24:56Z] 5C161JEA304304  re-apply tcp:4566 FAILED
[2026-05-19T08:25:11Z] 5C161JEA304304  missing tcp:8080 — re-applying
adb: device '5C161JEA304304' not found
[2026-05-19T08:25:11Z] 5C161JEA304304  re-apply tcp:8080 FAILED
[2026-05-19T08:25:11Z] 5C161JEA304304  missing tcp:8081 — re-applying
adb: device '5C161JEA304304' not found
[2026-05-19T08:25:11Z] 5C161JEA304304  re-apply tcp:8081 FAILED
[2026-05-19T08:25:11Z] 5C161JEA304304  missing tcp:4566 — re-applying
adb: device '5C161JEA304304' not found
[2026-05-19T08:25:11Z] 5C161JEA304304  re-apply tcp:4566 FAILED
[2026-05-19T08:25:26Z] 5C161JEA304304  missing tcp:8080 — re-applying
adb: device '5C161JEA304304' not found
[2026-05-19T08:25:26Z] 5C161JEA304304  re-apply tcp:8080 FAILED
[2026-05-19T08:25:26Z] 5C161JEA304304  missing tcp:8081 — re-applying
adb: device '5C161JEA304304' not found
[2026-05-19T08:25:26Z] 5C161JEA304304  re-apply tcp:8081 FAILED
[2026-05-19T08:25:26Z] 5C161JEA304304  missing tcp:4566 — re-applying
adb: device '5C161JEA304304' not found
[2026-05-19T08:25:26Z] 5C161JEA304304  re-apply tcp:4566 FAILED
[2026-05-19T08:25:41Z] 5C161JEA304304  missing tcp:8080 — re-applying
adb: device '5C161JEA304304' not found
[2026-05-19T08:25:41Z] 5C161JEA304304  re-apply tcp:8080 FAILED
[2026-05-19T08:25:41Z] 5C161JEA304304  missing tcp:8081 — re-applying
adb: device '5C161JEA304304' not found
[2026-05-19T08:25:41Z] 5C161JEA304304  re-apply tcp:8081 FAILED
[2026-05-19T08:25:41Z] 5C161JEA304304  missing tcp:4566 — re-applying
adb: device '5C161JEA304304' not found
[2026-05-19T08:25:41Z] 5C161JEA304304  re-apply tcp:4566 FAILED
[2026-05-19T08:25:56Z] 5C161JEA304304  missing tcp:8080 — re-applying
adb: device '5C161JEA304304' not found
[2026-05-19T08:25:56Z] 5C161JEA304304  re-apply tcp:8080 FAILED
[2026-05-19T08:25:56Z] 5C161JEA304304  missing tcp:8081 — re-applying
adb: device '5C161JEA304304' not found
[2026-05-19T08:25:56Z] 5C161JEA304304  re-apply tcp:8081 FAILED
[2026-05-19T08:25:56Z] 5C161JEA304304  missing tcp:4566 — re-applying
adb: device '5C161JEA304304' not found
[2026-05-19T08:25:56Z] 5C161JEA304304  re-apply tcp:4566 FAILED
[2026-05-19T08:26:11Z] 5C161JEA304304  missing tcp:8080 — re-applying
adb: device '5C161JEA304304' not found
[2026-05-19T08:26:11Z] 5C161JEA304304  re-apply tcp:8080 FAILED
[2026-05-19T08:26:11Z] 5C161JEA304304  missing tcp:8081 — re-applying
adb: device '5C161JEA304304' not found
[2026-05-19T08:26:11Z] 5C161JEA304304  re-apply tcp:8081 FAILED
[2026-05-19T08:26:11Z] 5C161JEA304304  missing tcp:4566 — re-applying
adb: device '5C161JEA304304' not found
[2026-05-19T08:26:11Z] 5C161JEA304304  re-apply tcp:4566 FAILED
[2026-05-19T08:26:26Z] 5C161JEA304304  missing tcp:8080 — re-applying
adb: device '5C161JEA304304' not found
[2026-05-19T08:26:26Z] 5C161JEA304304  re-apply tcp:8080 FAILED
[2026-05-19T08:26:26Z] 5C161JEA304304  missing tcp:8081 — re-applying
adb: device '5C161JEA304304' not found
[2026-05-19T08:26:26Z] 5C161JEA304304  re-apply tcp:8081 FAILED
[2026-05-19T08:26:26Z] 5C161JEA304304  missing tcp:4566 — re-applying
adb: device '5C161JEA304304' not found
[2026-05-19T08:26:26Z] 5C161JEA304304  re-apply tcp:4566 FAILED
[2026-05-19T08:26:41Z] 5C161JEA304304  missing tcp:8080 — re-applying
adb: device '5C161JEA304304' not found
[2026-05-19T08:26:41Z] 5C161JEA304304  re-apply tcp:8080 FAILED
[2026-05-19T08:26:41Z] 5C161JEA304304  missing tcp:8081 — re-applying
adb: device '5C161JEA304304' not found
[2026-05-19T08:26:41Z] 5C161JEA304304  re-apply tcp:8081 FAILED
[2026-05-19T08:26:41Z] 5C161JEA304304  missing tcp:4566 — re-applying
adb: device '5C161JEA304304' not found
[2026-05-19T08:26:41Z] 5C161JEA304304  re-apply tcp:4566 FAILED
[2026-05-19T08:26:57Z] 5C161JEA304304  missing tcp:8080 — re-applying
adb: device '5C161JEA304304' not found
[2026-05-19T08:26:57Z] 5C161JEA304304  re-apply tcp:8080 FAILED
[2026-05-19T08:26:57Z] 5C161JEA304304  missing tcp:8081 — re-applying
adb: device '5C161JEA304304' not found
[2026-05-19T08:26:57Z] 5C161JEA304304  re-apply tcp:8081 FAILED
[2026-05-19T08:26:57Z] 5C161JEA304304  missing tcp:4566 — re-applying
adb: device '5C161JEA304304' not found
[2026-05-19T08:26:57Z] 5C161JEA304304  re-apply tcp:4566 FAILED
[2026-05-19T08:27:12Z] 5C161JEA304304  missing tcp:8080 — re-applying
adb: device '5C161JEA304304' not found
[2026-05-19T08:27:12Z] 5C161JEA304304  re-apply tcp:8080 FAILED
[2026-05-19T08:27:12Z] 5C161JEA304304  missing tcp:8081 — re-applying
adb: device '5C161JEA304304' not found
[2026-05-19T08:27:12Z] 5C161JEA304304  re-apply tcp:8081 FAILED
[2026-05-19T08:27:12Z] 5C161JEA304304  missing tcp:4566 — re-applying
adb: device '5C161JEA304304' not found
[2026-05-19T08:27:12Z] 5C161JEA304304  re-apply tcp:4566 FAILED
[2026-05-19T08:27:27Z] 5C161JEA304304  missing tcp:8080 — re-applying
adb: device '5C161JEA304304' not found
[2026-05-19T08:27:27Z] 5C161JEA304304  re-apply tcp:8080 FAILED
[2026-05-19T08:27:27Z] 5C161JEA304304  missing tcp:8081 — re-applying
adb: device '5C161JEA304304' not found
[2026-05-19T08:27:27Z] 5C161JEA304304  re-apply tcp:8081 FAILED
[2026-05-19T08:27:27Z] 5C161JEA304304  missing tcp:4566 — re-applying
adb: device '5C161JEA304304' not found
[2026-05-19T08:27:27Z] 5C161JEA304304  re-apply tcp:4566 FAILED
[2026-05-19T08:27:42Z] 5C161JEA304304  missing tcp:8080 — re-applying
adb: device '5C161JEA304304' not found
[2026-05-19T08:27:42Z] 5C161JEA304304  re-apply tcp:8080 FAILED
[2026-05-19T08:27:43Z] 5C161JEA304304  missing tcp:8081 — re-applying
adb: device '5C161JEA304304' not found
[2026-05-19T08:27:43Z] 5C161JEA304304  re-apply tcp:8081 FAILED
[2026-05-19T08:27:43Z] 5C161JEA304304  missing tcp:4566 — re-applying
adb: device '5C161JEA304304' not found
[2026-05-19T08:27:43Z] 5C161JEA304304  re-apply tcp:4566 FAILED
[2026-05-19T08:27:58Z] 5C161JEA304304  missing tcp:8080 — re-applying
adb: device '5C161JEA304304' not found
[2026-05-19T08:27:58Z] 5C161JEA304304  re-apply tcp:8080 FAILED
[2026-05-19T08:27:58Z] 5C161JEA304304  missing tcp:8081 — re-applying
adb: device '5C161JEA304304' not found
[2026-05-19T08:27:58Z] 5C161JEA304304  re-apply tcp:8081 FAILED
[2026-05-19T08:27:58Z] 5C161JEA304304  missing tcp:4566 — re-applying
adb: device '5C161JEA304304' not found
[2026-05-19T08:27:58Z] 5C161JEA304304  re-apply tcp:4566 FAILED
[2026-05-19T08:28:14Z] 5C161JEA304304  missing tcp:8080 — re-applying
adb: device '5C161JEA304304' not found
[2026-05-19T08:28:14Z] 5C161JEA304304  re-apply tcp:8080 FAILED
[2026-05-19T08:28:14Z] 5C161JEA304304  missing tcp:8081 — re-applying
adb: device '5C161JEA304304' not found
[2026-05-19T08:28:14Z] 5C161JEA304304  re-apply tcp:8081 FAILED
[2026-05-19T08:28:14Z] 5C161JEA304304  missing tcp:4566 — re-applying
adb: device '5C161JEA304304' not found
[2026-05-19T08:28:14Z] 5C161JEA304304  re-apply tcp:4566 FAILED
[2026-05-19T08:28:29Z] 5C161JEA304304  missing tcp:8080 — re-applying
adb: device '5C161JEA304304' not found
[2026-05-19T08:28:29Z] 5C161JEA304304  re-apply tcp:8080 FAILED
[2026-05-19T08:28:29Z] 5C161JEA304304  missing tcp:8081 — re-applying
adb: device '5C161JEA304304' not found
[2026-05-19T08:28:29Z] 5C161JEA304304  re-apply tcp:8081 FAILED
[2026-05-19T08:28:29Z] 5C161JEA304304  missing tcp:4566 — re-applying
adb: device '5C161JEA304304' not found
[2026-05-19T08:28:29Z] 5C161JEA304304  re-apply tcp:4566 FAILED
[2026-05-19T08:28:45Z] 5C161JEA304304  missing tcp:8080 — re-applying
adb: device '5C161JEA304304' not found
[2026-05-19T08:28:45Z] 5C161JEA304304  re-apply tcp:8080 FAILED
[2026-05-19T08:28:45Z] 5C161JEA304304  missing tcp:8081 — re-applying
adb: device '5C161JEA304304' not found
[2026-05-19T08:28:45Z] 5C161JEA304304  re-apply tcp:8081 FAILED
[2026-05-19T08:28:45Z] 5C161JEA304304  missing tcp:4566 — re-applying
adb: device '5C161JEA304304' not found
[2026-05-19T08:28:45Z] 5C161JEA304304  re-apply tcp:4566 FAILED
[2026-05-19T08:29:00Z] 5C161JEA304304  missing tcp:8080 — re-applying
adb: device '5C161JEA304304' not found
[2026-05-19T08:29:00Z] 5C161JEA304304  re-apply tcp:8080 FAILED
[2026-05-19T08:29:00Z] 5C161JEA304304  missing tcp:8081 — re-applying
adb: device '5C161JEA304304' not found
[2026-05-19T08:29:00Z] 5C161JEA304304  re-apply tcp:8081 FAILED
[2026-05-19T08:29:00Z] 5C161JEA304304  missing tcp:4566 — re-applying
adb: device '5C161JEA304304' not found
[2026-05-19T08:29:00Z] 5C161JEA304304  re-apply tcp:4566 FAILED
[2026-05-19T08:29:15Z] 5C161JEA304304  missing tcp:8080 — re-applying
adb: device '5C161JEA304304' not found
[2026-05-19T08:29:15Z] 5C161JEA304304  re-apply tcp:8080 FAILED
[2026-05-19T08:29:15Z] 5C161JEA304304  missing tcp:8081 — re-applying
adb: device '5C161JEA304304' not found
[2026-05-19T08:29:15Z] 5C161JEA304304  re-apply tcp:8081 FAILED
[2026-05-19T08:29:15Z] 5C161JEA304304  missing tcp:4566 — re-applying
adb: device '5C161JEA304304' not found
[2026-05-19T08:29:15Z] 5C161JEA304304  re-apply tcp:4566 FAILED
[2026-05-19T08:29:30Z] 5C161JEA304304  missing tcp:8080 — re-applying
adb: device '5C161JEA304304' not found
[2026-05-19T08:29:30Z] 5C161JEA304304  re-apply tcp:8080 FAILED
[2026-05-19T08:29:30Z] 5C161JEA304304  missing tcp:8081 — re-applying
adb: device '5C161JEA304304' not found
[2026-05-19T08:29:30Z] 5C161JEA304304  re-apply tcp:8081 FAILED
[2026-05-19T08:29:30Z] 5C161JEA304304  missing tcp:4566 — re-applying
adb: device '5C161JEA304304' not found
[2026-05-19T08:29:30Z] 5C161JEA304304  re-apply tcp:4566 FAILED
[2026-05-19T08:29:45Z] 5C161JEA304304  missing tcp:8080 — re-applying
adb: device '5C161JEA304304' not found
[2026-05-19T08:29:45Z] 5C161JEA304304  re-apply tcp:8080 FAILED
[2026-05-19T08:29:45Z] 5C161JEA304304  missing tcp:8081 — re-applying
adb: device '5C161JEA304304' not found
[2026-05-19T08:29:45Z] 5C161JEA304304  re-apply tcp:8081 FAILED
[2026-05-19T08:29:45Z] 5C161JEA304304  missing tcp:4566 — re-applying
adb: device '5C161JEA304304' not found
[2026-05-19T08:29:45Z] 5C161JEA304304  re-apply tcp:4566 FAILED
[2026-05-19T08:30:00Z] 5C161JEA304304  missing tcp:8080 — re-applying
adb: device '5C161JEA304304' not found
[2026-05-19T08:30:00Z] 5C161JEA304304  re-apply tcp:8080 FAILED
[2026-05-19T08:30:00Z] 5C161JEA304304  missing tcp:8081 — re-applying
adb: device '5C161JEA304304' not found
[2026-05-19T08:30:00Z] 5C161JEA304304  re-apply tcp:8081 FAILED
[2026-05-19T08:30:00Z] 5C161JEA304304  missing tcp:4566 — re-applying
adb: device '5C161JEA304304' not found
[2026-05-19T08:30:00Z] 5C161JEA304304  re-apply tcp:4566 FAILED
[2026-05-19T08:30:16Z] 5C161JEA304304  missing tcp:8080 — re-applying
adb: device '5C161JEA304304' not found
[2026-05-19T08:30:16Z] 5C161JEA304304  re-apply tcp:8080 FAILED
[2026-05-19T08:30:16Z] 5C161JEA304304  missing tcp:8081 — re-applying
adb: device '5C161JEA304304' not found
[2026-05-19T08:30:16Z] 5C161JEA304304  re-apply tcp:8081 FAILED
[2026-05-19T08:30:16Z] 5C161JEA304304  missing tcp:4566 — re-applying
adb: device '5C161JEA304304' not found
[2026-05-19T08:30:16Z] 5C161JEA304304  re-apply tcp:4566 FAILED
[2026-05-19T08:30:31Z] 5C161JEA304304  missing tcp:8080 — re-applying
adb: device '5C161JEA304304' not found
[2026-05-19T08:30:31Z] 5C161JEA304304  re-apply tcp:8080 FAILED
[2026-05-19T08:30:31Z] 5C161JEA304304  missing tcp:8081 — re-applying
adb: device '5C161JEA304304' not found
[2026-05-19T08:30:31Z] 5C161JEA304304  re-apply tcp:8081 FAILED
[2026-05-19T08:30:31Z] 5C161JEA304304  missing tcp:4566 — re-applying
adb: device '5C161JEA304304' not found
[2026-05-19T08:30:31Z] 5C161JEA304304  re-apply tcp:4566 FAILED
[2026-05-19T08:30:46Z] 5C161JEA304304  missing tcp:8080 — re-applying
adb: device '5C161JEA304304' not found
[2026-05-19T08:30:46Z] 5C161JEA304304  re-apply tcp:8080 FAILED
[2026-05-19T08:30:46Z] 5C161JEA304304  missing tcp:8081 — re-applying
adb: device '5C161JEA304304' not found
[2026-05-19T08:30:46Z] 5C161JEA304304  re-apply tcp:8081 FAILED
[2026-05-19T08:30:47Z] 5C161JEA304304  missing tcp:4566 — re-applying
adb: device '5C161JEA304304' not found
[2026-05-19T08:30:47Z] 5C161JEA304304  re-apply tcp:4566 FAILED
[2026-05-19T08:31:02Z] 5C161JEA304304  missing tcp:8080 — re-applying
adb: device '5C161JEA304304' not found
[2026-05-19T08:31:02Z] 5C161JEA304304  re-apply tcp:8080 FAILED
[2026-05-19T08:31:02Z] 5C161JEA304304  missing tcp:8081 — re-applying
adb: device '5C161JEA304304' not found
[2026-05-19T08:31:02Z] 5C161JEA304304  re-apply tcp:8081 FAILED
[2026-05-19T08:31:02Z] 5C161JEA304304  missing tcp:4566 — re-applying
adb: device '5C161JEA304304' not found
[2026-05-19T08:31:02Z] 5C161JEA304304  re-apply tcp:4566 FAILED
[2026-05-19T08:31:17Z] 5C161JEA304304  missing tcp:8080 — re-applying
adb: device '5C161JEA304304' not found
[2026-05-19T08:31:17Z] 5C161JEA304304  re-apply tcp:8080 FAILED
[2026-05-19T08:31:17Z] 5C161JEA304304  missing tcp:8081 — re-applying
adb: device '5C161JEA304304' not found
[2026-05-19T08:31:17Z] 5C161JEA304304  re-apply tcp:8081 FAILED
[2026-05-19T08:31:17Z] 5C161JEA304304  missing tcp:4566 — re-applying
adb: device '5C161JEA304304' not found
[2026-05-19T08:31:17Z] 5C161JEA304304  re-apply tcp:4566 FAILED
[2026-05-19T08:31:32Z] 5C161JEA304304  missing tcp:8080 — re-applying
adb: device '5C161JEA304304' not found
[2026-05-19T08:31:32Z] 5C161JEA304304  re-apply tcp:8080 FAILED
[2026-05-19T08:31:32Z] 5C161JEA304304  missing tcp:8081 — re-applying
adb: device '5C161JEA304304' not found
[2026-05-19T08:31:32Z] 5C161JEA304304  re-apply tcp:8081 FAILED
[2026-05-19T08:31:32Z] 5C161JEA304304  missing tcp:4566 — re-applying
adb: device '5C161JEA304304' not found
[2026-05-19T08:31:32Z] 5C161JEA304304  re-apply tcp:4566 FAILED
[2026-05-19T08:31:47Z] 5C161JEA304304  missing tcp:8080 — re-applying
adb: device '5C161JEA304304' not found
[2026-05-19T08:31:47Z] 5C161JEA304304  re-apply tcp:8080 FAILED
[2026-05-19T08:31:47Z] 5C161JEA304304  missing tcp:8081 — re-applying
adb: device '5C161JEA304304' not found
[2026-05-19T08:31:47Z] 5C161JEA304304  re-apply tcp:8081 FAILED
[2026-05-19T08:31:47Z] 5C161JEA304304  missing tcp:4566 — re-applying
adb: device '5C161JEA304304' not found
[2026-05-19T08:31:47Z] 5C161JEA304304  re-apply tcp:4566 FAILED
[2026-05-19T08:32:02Z] 5C161JEA304304  missing tcp:8080 — re-applying
adb: device '5C161JEA304304' not found
[2026-05-19T08:32:02Z] 5C161JEA304304  re-apply tcp:8080 FAILED
[2026-05-19T08:32:02Z] 5C161JEA304304  missing tcp:8081 — re-applying
adb: device '5C161JEA304304' not found
[2026-05-19T08:32:02Z] 5C161JEA304304  re-apply tcp:8081 FAILED
[2026-05-19T08:32:02Z] 5C161JEA304304  missing tcp:4566 — re-applying
adb: device '5C161JEA304304' not found
[2026-05-19T08:32:02Z] 5C161JEA304304  re-apply tcp:4566 FAILED
[2026-05-19T08:32:17Z] 5C161JEA304304  missing tcp:8080 — re-applying
adb: device '5C161JEA304304' not found
[2026-05-19T08:32:17Z] 5C161JEA304304  re-apply tcp:8080 FAILED
[2026-05-19T08:32:17Z] 5C161JEA304304  missing tcp:8081 — re-applying
adb: device '5C161JEA304304' not found
[2026-05-19T08:32:17Z] 5C161JEA304304  re-apply tcp:8081 FAILED
[2026-05-19T08:32:17Z] 5C161JEA304304  missing tcp:4566 — re-applying
adb: device '5C161JEA304304' not found
[2026-05-19T08:32:17Z] 5C161JEA304304  re-apply tcp:4566 FAILED
[2026-05-19T08:32:32Z] 5C161JEA304304  missing tcp:8080 — re-applying
adb: device '5C161JEA304304' not found
[2026-05-19T08:32:32Z] 5C161JEA304304  re-apply tcp:8080 FAILED
[2026-05-19T08:32:32Z] 5C161JEA304304  missing tcp:8081 — re-applying
adb: device '5C161JEA304304' not found
[2026-05-19T08:32:32Z] 5C161JEA304304  re-apply tcp:8081 FAILED
[2026-05-19T08:32:33Z] 5C161JEA304304  missing tcp:4566 — re-applying
adb: device '5C161JEA304304' not found
[2026-05-19T08:32:33Z] 5C161JEA304304  re-apply tcp:4566 FAILED
[2026-05-19T08:32:48Z] 5C161JEA304304  missing tcp:8080 — re-applying
adb: device '5C161JEA304304' not found
[2026-05-19T08:32:48Z] 5C161JEA304304  re-apply tcp:8080 FAILED
[2026-05-19T08:32:48Z] 5C161JEA304304  missing tcp:8081 — re-applying
adb: device '5C161JEA304304' not found
[2026-05-19T08:32:48Z] 5C161JEA304304  re-apply tcp:8081 FAILED
[2026-05-19T08:32:48Z] 5C161JEA304304  missing tcp:4566 — re-applying
adb: device '5C161JEA304304' not found
[2026-05-19T08:32:48Z] 5C161JEA304304  re-apply tcp:4566 FAILED
[2026-05-19T08:33:03Z] 5C161JEA304304  missing tcp:8080 — re-applying
adb: device '5C161JEA304304' not found
[2026-05-19T08:33:03Z] 5C161JEA304304  re-apply tcp:8080 FAILED
[2026-05-19T08:33:03Z] 5C161JEA304304  missing tcp:8081 — re-applying
adb: device '5C161JEA304304' not found
[2026-05-19T08:33:03Z] 5C161JEA304304  re-apply tcp:8081 FAILED
[2026-05-19T08:33:03Z] 5C161JEA304304  missing tcp:4566 — re-applying
adb: device '5C161JEA304304' not found
[2026-05-19T08:33:03Z] 5C161JEA304304  re-apply tcp:4566 FAILED
[2026-05-19T08:33:18Z] 5C161JEA304304  missing tcp:8080 — re-applying
adb: device '5C161JEA304304' not found
[2026-05-19T08:33:18Z] 5C161JEA304304  re-apply tcp:8080 FAILED
[2026-05-19T08:33:18Z] 5C161JEA304304  missing tcp:8081 — re-applying
adb: device '5C161JEA304304' not found
[2026-05-19T08:33:18Z] 5C161JEA304304  re-apply tcp:8081 FAILED
[2026-05-19T08:33:18Z] 5C161JEA304304  missing tcp:4566 — re-applying
adb: device '5C161JEA304304' not found
[2026-05-19T08:33:18Z] 5C161JEA304304  re-apply tcp:4566 FAILED
[2026-05-19T08:33:33Z] 5C161JEA304304  missing tcp:8080 — re-applying
adb: device '5C161JEA304304' not found
[2026-05-19T08:33:33Z] 5C161JEA304304  re-apply tcp:8080 FAILED
[2026-05-19T08:33:33Z] 5C161JEA304304  missing tcp:8081 — re-applying
adb: device '5C161JEA304304' not found
[2026-05-19T08:33:33Z] 5C161JEA304304  re-apply tcp:8081 FAILED
[2026-05-19T08:33:33Z] 5C161JEA304304  missing tcp:4566 — re-applying
adb: device '5C161JEA304304' not found
[2026-05-19T08:33:33Z] 5C161JEA304304  re-apply tcp:4566 FAILED
[2026-05-19T08:33:48Z] 5C161JEA304304  missing tcp:8080 — re-applying
adb: device '5C161JEA304304' not found
[2026-05-19T08:33:48Z] 5C161JEA304304  re-apply tcp:8080 FAILED
[2026-05-19T08:33:48Z] 5C161JEA304304  missing tcp:8081 — re-applying
adb: device '5C161JEA304304' not found
[2026-05-19T08:33:48Z] 5C161JEA304304  re-apply tcp:8081 FAILED
[2026-05-19T08:33:48Z] 5C161JEA304304  missing tcp:4566 — re-applying
adb: device '5C161JEA304304' not found
[2026-05-19T08:33:48Z] 5C161JEA304304  re-apply tcp:4566 FAILED
[2026-05-19T08:34:03Z] 5C161JEA304304  missing tcp:8080 — re-applying
adb: device '5C161JEA304304' not found
[2026-05-19T08:34:03Z] 5C161JEA304304  re-apply tcp:8080 FAILED
[2026-05-19T08:34:03Z] 5C161JEA304304  missing tcp:8081 — re-applying
adb: device '5C161JEA304304' not found
[2026-05-19T08:34:03Z] 5C161JEA304304  re-apply tcp:8081 FAILED
[2026-05-19T08:34:03Z] 5C161JEA304304  missing tcp:4566 — re-applying
adb: device '5C161JEA304304' not found
[2026-05-19T08:34:03Z] 5C161JEA304304  re-apply tcp:4566 FAILED
[2026-05-19T08:34:18Z] 5C161JEA304304  missing tcp:8080 — re-applying
adb: device '5C161JEA304304' not found
[2026-05-19T08:34:18Z] 5C161JEA304304  re-apply tcp:8080 FAILED
[2026-05-19T08:34:18Z] 5C161JEA304304  missing tcp:8081 — re-applying
adb: device '5C161JEA304304' not found
[2026-05-19T08:34:18Z] 5C161JEA304304  re-apply tcp:8081 FAILED
[2026-05-19T08:34:18Z] 5C161JEA304304  missing tcp:4566 — re-applying
adb: device '5C161JEA304304' not found
[2026-05-19T08:34:18Z] 5C161JEA304304  re-apply tcp:4566 FAILED
[2026-05-19T08:34:34Z] 5C161JEA304304  missing tcp:8080 — re-applying
adb: device '5C161JEA304304' not found
[2026-05-19T08:34:34Z] 5C161JEA304304  re-apply tcp:8080 FAILED
[2026-05-19T08:34:34Z] 5C161JEA304304  missing tcp:8081 — re-applying
adb: device '5C161JEA304304' not found
[2026-05-19T08:34:34Z] 5C161JEA304304  re-apply tcp:8081 FAILED
[2026-05-19T08:34:34Z] 5C161JEA304304  missing tcp:4566 — re-applying
adb: device '5C161JEA304304' not found
[2026-05-19T08:34:34Z] 5C161JEA304304  re-apply tcp:4566 FAILED
[2026-05-19T08:34:49Z] 5C161JEA304304  missing tcp:8080 — re-applying
adb: device '5C161JEA304304' not found
[2026-05-19T08:34:49Z] 5C161JEA304304  re-apply tcp:8080 FAILED
[2026-05-19T08:34:49Z] 5C161JEA304304  missing tcp:8081 — re-applying
adb: device '5C161JEA304304' not found
[2026-05-19T08:34:49Z] 5C161JEA304304  re-apply tcp:8081 FAILED
[2026-05-19T08:34:49Z] 5C161JEA304304  missing tcp:4566 — re-applying
adb: device '5C161JEA304304' not found
[2026-05-19T08:34:49Z] 5C161JEA304304  re-apply tcp:4566 FAILED
[2026-05-19T08:35:04Z] 5C161JEA304304  missing tcp:8080 — re-applying
adb: device '5C161JEA304304' not found
[2026-05-19T08:35:04Z] 5C161JEA304304  re-apply tcp:8080 FAILED
[2026-05-19T08:35:04Z] 5C161JEA304304  missing tcp:8081 — re-applying
adb: device '5C161JEA304304' not found
[2026-05-19T08:35:04Z] 5C161JEA304304  re-apply tcp:8081 FAILED
[2026-05-19T08:35:04Z] 5C161JEA304304  missing tcp:4566 — re-applying
adb: device '5C161JEA304304' not found
[2026-05-19T08:35:04Z] 5C161JEA304304  re-apply tcp:4566 FAILED
[2026-05-19T08:35:19Z] 5C161JEA304304  missing tcp:8080 — re-applying
adb: device '5C161JEA304304' not found
[2026-05-19T08:35:19Z] 5C161JEA304304  re-apply tcp:8080 FAILED
[2026-05-19T08:35:19Z] 5C161JEA304304  missing tcp:8081 — re-applying
adb: device '5C161JEA304304' not found
[2026-05-19T08:35:19Z] 5C161JEA304304  re-apply tcp:8081 FAILED
[2026-05-19T08:35:19Z] 5C161JEA304304  missing tcp:4566 — re-applying
adb: device '5C161JEA304304' not found
[2026-05-19T08:35:19Z] 5C161JEA304304  re-apply tcp:4566 FAILED
[2026-05-19T08:35:34Z] 5C161JEA304304  missing tcp:8080 — re-applying
adb: device '5C161JEA304304' not found
[2026-05-19T08:35:34Z] 5C161JEA304304  re-apply tcp:8080 FAILED
[2026-05-19T08:35:34Z] 5C161JEA304304  missing tcp:8081 — re-applying
adb: device '5C161JEA304304' not found
[2026-05-19T08:35:34Z] 5C161JEA304304  re-apply tcp:8081 FAILED
[2026-05-19T08:35:34Z] 5C161JEA304304  missing tcp:4566 — re-applying
adb: device '5C161JEA304304' not found
[2026-05-19T08:35:34Z] 5C161JEA304304  re-apply tcp:4566 FAILED
[2026-05-19T08:35:49Z] 5C161JEA304304  missing tcp:8080 — re-applying
adb: device '5C161JEA304304' not found
[2026-05-19T08:35:49Z] 5C161JEA304304  re-apply tcp:8080 FAILED
[2026-05-19T08:35:49Z] 5C161JEA304304  missing tcp:8081 — re-applying
adb: device '5C161JEA304304' not found
[2026-05-19T08:35:49Z] 5C161JEA304304  re-apply tcp:8081 FAILED
[2026-05-19T08:35:49Z] 5C161JEA304304  missing tcp:4566 — re-applying
adb: device '5C161JEA304304' not found
[2026-05-19T08:35:49Z] 5C161JEA304304  re-apply tcp:4566 FAILED
[2026-05-19T08:36:04Z] 5C161JEA304304  missing tcp:8080 — re-applying
adb: device '5C161JEA304304' not found
[2026-05-19T08:36:04Z] 5C161JEA304304  re-apply tcp:8080 FAILED
[2026-05-19T08:36:04Z] 5C161JEA304304  missing tcp:8081 — re-applying
adb: device '5C161JEA304304' not found
[2026-05-19T08:36:04Z] 5C161JEA304304  re-apply tcp:8081 FAILED
[2026-05-19T08:36:04Z] 5C161JEA304304  missing tcp:4566 — re-applying
adb: device '5C161JEA304304' not found
[2026-05-19T08:36:04Z] 5C161JEA304304  re-apply tcp:4566 FAILED
[2026-05-19T08:36:19Z] 5C161JEA304304  missing tcp:8080 — re-applying
adb: device '5C161JEA304304' not found
[2026-05-19T08:36:19Z] 5C161JEA304304  re-apply tcp:8080 FAILED
[2026-05-19T08:36:20Z] 5C161JEA304304  missing tcp:8081 — re-applying
adb: device '5C161JEA304304' not found
[2026-05-19T08:36:20Z] 5C161JEA304304  re-apply tcp:8081 FAILED
[2026-05-19T08:36:20Z] 5C161JEA304304  missing tcp:4566 — re-applying
adb: device '5C161JEA304304' not found
[2026-05-19T08:36:20Z] 5C161JEA304304  re-apply tcp:4566 FAILED
[2026-05-19T08:36:35Z] 5C161JEA304304  missing tcp:8080 — re-applying
adb: device '5C161JEA304304' not found
[2026-05-19T08:36:35Z] 5C161JEA304304  re-apply tcp:8080 FAILED
[2026-05-19T08:36:35Z] 5C161JEA304304  missing tcp:8081 — re-applying
adb: device '5C161JEA304304' not found
[2026-05-19T08:36:35Z] 5C161JEA304304  re-apply tcp:8081 FAILED
[2026-05-19T08:36:35Z] 5C161JEA304304  missing tcp:4566 — re-applying
adb: device '5C161JEA304304' not found
[2026-05-19T08:36:35Z] 5C161JEA304304  re-apply tcp:4566 FAILED
[2026-05-19T08:36:50Z] 5C161JEA304304  missing tcp:8080 — re-applying
adb: device '5C161JEA304304' not found
[2026-05-19T08:36:50Z] 5C161JEA304304  re-apply tcp:8080 FAILED
[2026-05-19T08:36:50Z] 5C161JEA304304  missing tcp:8081 — re-applying
adb: device '5C161JEA304304' not found
[2026-05-19T08:36:50Z] 5C161JEA304304  re-apply tcp:8081 FAILED
[2026-05-19T08:36:50Z] 5C161JEA304304  missing tcp:4566 — re-applying
adb: device '5C161JEA304304' not found
[2026-05-19T08:36:50Z] 5C161JEA304304  re-apply tcp:4566 FAILED
[2026-05-19T08:37:05Z] 5C161JEA304304  missing tcp:8080 — re-applying
adb: device '5C161JEA304304' not found
[2026-05-19T08:37:05Z] 5C161JEA304304  re-apply tcp:8080 FAILED
[2026-05-19T08:37:05Z] 5C161JEA304304  missing tcp:8081 — re-applying
adb: device '5C161JEA304304' not found
[2026-05-19T08:37:05Z] 5C161JEA304304  re-apply tcp:8081 FAILED
[2026-05-19T08:37:05Z] 5C161JEA304304  missing tcp:4566 — re-applying
adb: device '5C161JEA304304' not found
[2026-05-19T08:37:05Z] 5C161JEA304304  re-apply tcp:4566 FAILED
[2026-05-19T08:37:20Z] 5C161JEA304304  missing tcp:8080 — re-applying
adb: device '5C161JEA304304' not found
[2026-05-19T08:37:20Z] 5C161JEA304304  re-apply tcp:8080 FAILED
[2026-05-19T08:37:20Z] 5C161JEA304304  missing tcp:8081 — re-applying
adb: device '5C161JEA304304' not found
[2026-05-19T08:37:20Z] 5C161JEA304304  re-apply tcp:8081 FAILED
[2026-05-19T08:37:20Z] 5C161JEA304304  missing tcp:4566 — re-applying
adb: device '5C161JEA304304' not found
[2026-05-19T08:37:20Z] 5C161JEA304304  re-apply tcp:4566 FAILED
[2026-05-19T08:37:35Z] 5C161JEA304304  missing tcp:8080 — re-applying
adb: device '5C161JEA304304' not found
[2026-05-19T08:37:35Z] 5C161JEA304304  re-apply tcp:8080 FAILED
[2026-05-19T08:37:35Z] 5C161JEA304304  missing tcp:8081 — re-applying
adb: device '5C161JEA304304' not found
[2026-05-19T08:37:35Z] 5C161JEA304304  re-apply tcp:8081 FAILED
[2026-05-19T08:37:35Z] 5C161JEA304304  missing tcp:4566 — re-applying
adb: device '5C161JEA304304' not found
[2026-05-19T08:37:35Z] 5C161JEA304304  re-apply tcp:4566 FAILED
[2026-05-19T08:37:50Z] 5C161JEA304304  missing tcp:8080 — re-applying
adb: device '5C161JEA304304' not found
[2026-05-19T08:37:50Z] 5C161JEA304304  re-apply tcp:8080 FAILED
[2026-05-19T08:37:50Z] 5C161JEA304304  missing tcp:8081 — re-applying
adb: device '5C161JEA304304' not found
[2026-05-19T08:37:50Z] 5C161JEA304304  re-apply tcp:8081 FAILED
[2026-05-19T08:37:50Z] 5C161JEA304304  missing tcp:4566 — re-applying
adb: device '5C161JEA304304' not found
[2026-05-19T08:37:50Z] 5C161JEA304304  re-apply tcp:4566 FAILED
[2026-05-19T08:38:05Z] 5C161JEA304304  missing tcp:8080 — re-applying
adb: device '5C161JEA304304' not found
[2026-05-19T08:38:05Z] 5C161JEA304304  re-apply tcp:8080 FAILED
[2026-05-19T08:38:05Z] 5C161JEA304304  missing tcp:8081 — re-applying
adb: device '5C161JEA304304' not found
[2026-05-19T08:38:05Z] 5C161JEA304304  re-apply tcp:8081 FAILED
[2026-05-19T08:38:05Z] 5C161JEA304304  missing tcp:4566 — re-applying
adb: device '5C161JEA304304' not found
[2026-05-19T08:38:05Z] 5C161JEA304304  re-apply tcp:4566 FAILED
[2026-05-19T08:38:20Z] 5C161JEA304304  missing tcp:8080 — re-applying
adb: device '5C161JEA304304' not found
[2026-05-19T08:38:20Z] 5C161JEA304304  re-apply tcp:8080 FAILED
[2026-05-19T08:38:21Z] 5C161JEA304304  missing tcp:8081 — re-applying
adb: device '5C161JEA304304' not found
[2026-05-19T08:38:21Z] 5C161JEA304304  re-apply tcp:8081 FAILED
[2026-05-19T08:38:21Z] 5C161JEA304304  missing tcp:4566 — re-applying
adb: device '5C161JEA304304' not found
[2026-05-19T08:38:21Z] 5C161JEA304304  re-apply tcp:4566 FAILED
[2026-05-19T08:38:36Z] 5C161JEA304304  missing tcp:8080 — re-applying
adb: device '5C161JEA304304' not found
[2026-05-19T08:38:36Z] 5C161JEA304304  re-apply tcp:8080 FAILED
[2026-05-19T08:38:36Z] 5C161JEA304304  missing tcp:8081 — re-applying
adb: device '5C161JEA304304' not found
[2026-05-19T08:38:36Z] 5C161JEA304304  re-apply tcp:8081 FAILED
[2026-05-19T08:38:36Z] 5C161JEA304304  missing tcp:4566 — re-applying
adb: device '5C161JEA304304' not found
[2026-05-19T08:38:36Z] 5C161JEA304304  re-apply tcp:4566 FAILED
[2026-05-19T08:38:51Z] 5C161JEA304304  missing tcp:8080 — re-applying
adb: device '5C161JEA304304' not found
[2026-05-19T08:38:51Z] 5C161JEA304304  re-apply tcp:8080 FAILED
[2026-05-19T08:38:51Z] 5C161JEA304304  missing tcp:8081 — re-applying
adb: device '5C161JEA304304' not found
[2026-05-19T08:38:51Z] 5C161JEA304304  re-apply tcp:8081 FAILED
[2026-05-19T08:38:51Z] 5C161JEA304304  missing tcp:4566 — re-applying
adb: device '5C161JEA304304' not found
[2026-05-19T08:38:51Z] 5C161JEA304304  re-apply tcp:4566 FAILED
[2026-05-19T08:39:06Z] 5C161JEA304304  missing tcp:8080 — re-applying
adb: device '5C161JEA304304' not found
[2026-05-19T08:39:06Z] 5C161JEA304304  re-apply tcp:8080 FAILED
[2026-05-19T08:39:06Z] 5C161JEA304304  missing tcp:8081 — re-applying
adb: device '5C161JEA304304' not found
[2026-05-19T08:39:06Z] 5C161JEA304304  re-apply tcp:8081 FAILED
[2026-05-19T08:39:06Z] 5C161JEA304304  missing tcp:4566 — re-applying
adb: device '5C161JEA304304' not found
[2026-05-19T08:39:06Z] 5C161JEA304304  re-apply tcp:4566 FAILED
[2026-05-19T08:39:22Z] 5C161JEA304304  missing tcp:8080 — re-applying
adb: device '5C161JEA304304' not found
[2026-05-19T08:39:22Z] 5C161JEA304304  re-apply tcp:8080 FAILED
[2026-05-19T08:39:22Z] 5C161JEA304304  missing tcp:8081 — re-applying
adb: device '5C161JEA304304' not found
[2026-05-19T08:39:22Z] 5C161JEA304304  re-apply tcp:8081 FAILED
[2026-05-19T08:39:22Z] 5C161JEA304304  missing tcp:4566 — re-applying
adb: device '5C161JEA304304' not found
[2026-05-19T08:39:22Z] 5C161JEA304304  re-apply tcp:4566 FAILED
[2026-05-19T08:39:37Z] 5C161JEA304304  missing tcp:8080 — re-applying
adb: device '5C161JEA304304' not found
[2026-05-19T08:39:37Z] 5C161JEA304304  re-apply tcp:8080 FAILED
[2026-05-19T08:39:37Z] 5C161JEA304304  missing tcp:8081 — re-applying
adb: device '5C161JEA304304' not found
[2026-05-19T08:39:37Z] 5C161JEA304304  re-apply tcp:8081 FAILED
[2026-05-19T08:39:37Z] 5C161JEA304304  missing tcp:4566 — re-applying
adb: device '5C161JEA304304' not found
[2026-05-19T08:39:37Z] 5C161JEA304304  re-apply tcp:4566 FAILED
[2026-05-19T08:39:52Z] 5C161JEA304304  missing tcp:8080 — re-applying
adb: device '5C161JEA304304' not found
[2026-05-19T08:39:52Z] 5C161JEA304304  re-apply tcp:8080 FAILED
[2026-05-19T08:39:52Z] 5C161JEA304304  missing tcp:8081 — re-applying
adb: device '5C161JEA304304' not found
[2026-05-19T08:39:52Z] 5C161JEA304304  re-apply tcp:8081 FAILED
[2026-05-19T08:39:52Z] 5C161JEA304304  missing tcp:4566 — re-applying
adb: device '5C161JEA304304' not found
[2026-05-19T08:39:52Z] 5C161JEA304304  re-apply tcp:4566 FAILED
[2026-05-19T08:40:07Z] 5C161JEA304304  missing tcp:8080 — re-applying
adb: device '5C161JEA304304' not found
[2026-05-19T08:40:07Z] 5C161JEA304304  re-apply tcp:8080 FAILED
[2026-05-19T08:40:07Z] 5C161JEA304304  missing tcp:8081 — re-applying
adb: device '5C161JEA304304' not found
[2026-05-19T08:40:07Z] 5C161JEA304304  re-apply tcp:8081 FAILED
[2026-05-19T08:40:07Z] 5C161JEA304304  missing tcp:4566 — re-applying
adb: device '5C161JEA304304' not found
[2026-05-19T08:40:07Z] 5C161JEA304304  re-apply tcp:4566 FAILED
[2026-05-19T08:40:22Z] 5C161JEA304304  missing tcp:8080 — re-applying
adb: device '5C161JEA304304' not found
[2026-05-19T08:40:22Z] 5C161JEA304304  re-apply tcp:8080 FAILED
[2026-05-19T08:40:23Z] 5C161JEA304304  missing tcp:8081 — re-applying
adb: device '5C161JEA304304' not found
[2026-05-19T08:40:23Z] 5C161JEA304304  re-apply tcp:8081 FAILED
[2026-05-19T08:40:23Z] 5C161JEA304304  missing tcp:4566 — re-applying
adb: device '5C161JEA304304' not found
[2026-05-19T08:40:23Z] 5C161JEA304304  re-apply tcp:4566 FAILED
[2026-05-19T08:40:38Z] 5C161JEA304304  missing tcp:8080 — re-applying
adb: device '5C161JEA304304' not found
[2026-05-19T08:40:38Z] 5C161JEA304304  re-apply tcp:8080 FAILED
[2026-05-19T08:40:38Z] 5C161JEA304304  missing tcp:8081 — re-applying
adb: device '5C161JEA304304' not found
[2026-05-19T08:40:38Z] 5C161JEA304304  re-apply tcp:8081 FAILED
[2026-05-19T08:40:38Z] 5C161JEA304304  missing tcp:4566 — re-applying
adb: device '5C161JEA304304' not found
[2026-05-19T08:40:38Z] 5C161JEA304304  re-apply tcp:4566 FAILED
[2026-05-19T08:40:53Z] 5C161JEA304304  missing tcp:8080 — re-applying
adb: device '5C161JEA304304' not found
[2026-05-19T08:40:53Z] 5C161JEA304304  re-apply tcp:8080 FAILED
[2026-05-19T08:40:53Z] 5C161JEA304304  missing tcp:8081 — re-applying
adb: device '5C161JEA304304' not found
[2026-05-19T08:40:53Z] 5C161JEA304304  re-apply tcp:8081 FAILED
[2026-05-19T08:40:53Z] 5C161JEA304304  missing tcp:4566 — re-applying
adb: device '5C161JEA304304' not found
[2026-05-19T08:40:53Z] 5C161JEA304304  re-apply tcp:4566 FAILED
[2026-05-19T08:41:08Z] 5C161JEA304304  missing tcp:8080 — re-applying
adb: device '5C161JEA304304' not found
[2026-05-19T08:41:08Z] 5C161JEA304304  re-apply tcp:8080 FAILED
[2026-05-19T08:41:08Z] 5C161JEA304304  missing tcp:8081 — re-applying
adb: device '5C161JEA304304' not found
[2026-05-19T08:41:08Z] 5C161JEA304304  re-apply tcp:8081 FAILED
[2026-05-19T08:41:08Z] 5C161JEA304304  missing tcp:4566 — re-applying
adb: device '5C161JEA304304' not found
[2026-05-19T08:41:08Z] 5C161JEA304304  re-apply tcp:4566 FAILED
[2026-05-19T08:41:23Z] 5C161JEA304304  missing tcp:8080 — re-applying
adb: device '5C161JEA304304' not found
[2026-05-19T08:41:23Z] 5C161JEA304304  re-apply tcp:8080 FAILED
[2026-05-19T08:41:23Z] 5C161JEA304304  missing tcp:8081 — re-applying
adb: device '5C161JEA304304' not found
[2026-05-19T08:41:23Z] 5C161JEA304304  re-apply tcp:8081 FAILED
[2026-05-19T08:41:23Z] 5C161JEA304304  missing tcp:4566 — re-applying
adb: device '5C161JEA304304' not found
[2026-05-19T08:41:23Z] 5C161JEA304304  re-apply tcp:4566 FAILED
[2026-05-19T08:41:38Z] 5C161JEA304304  missing tcp:8080 — re-applying
adb: device '5C161JEA304304' not found
[2026-05-19T08:41:38Z] 5C161JEA304304  re-apply tcp:8080 FAILED
[2026-05-19T08:41:38Z] 5C161JEA304304  missing tcp:8081 — re-applying
adb: device '5C161JEA304304' not found
[2026-05-19T08:41:38Z] 5C161JEA304304  re-apply tcp:8081 FAILED
[2026-05-19T08:41:38Z] 5C161JEA304304  missing tcp:4566 — re-applying
adb: device '5C161JEA304304' not found
[2026-05-19T08:41:38Z] 5C161JEA304304  re-apply tcp:4566 FAILED
[2026-05-19T08:41:53Z] 5C161JEA304304  missing tcp:8080 — re-applying
adb: device '5C161JEA304304' not found
[2026-05-19T08:41:53Z] 5C161JEA304304  re-apply tcp:8080 FAILED
[2026-05-19T08:41:53Z] 5C161JEA304304  missing tcp:8081 — re-applying
adb: device '5C161JEA304304' not found
[2026-05-19T08:41:53Z] 5C161JEA304304  re-apply tcp:8081 FAILED
[2026-05-19T08:41:53Z] 5C161JEA304304  missing tcp:4566 — re-applying
adb: device '5C161JEA304304' not found
[2026-05-19T08:41:53Z] 5C161JEA304304  re-apply tcp:4566 FAILED
[2026-05-19T08:42:08Z] 5C161JEA304304  missing tcp:8080 — re-applying
adb: device '5C161JEA304304' not found
[2026-05-19T08:42:08Z] 5C161JEA304304  re-apply tcp:8080 FAILED
[2026-05-19T08:42:08Z] 5C161JEA304304  missing tcp:8081 — re-applying
adb: device '5C161JEA304304' not found
[2026-05-19T08:42:08Z] 5C161JEA304304  re-apply tcp:8081 FAILED
[2026-05-19T08:42:08Z] 5C161JEA304304  missing tcp:4566 — re-applying
adb: device '5C161JEA304304' not found
[2026-05-19T08:42:08Z] 5C161JEA304304  re-apply tcp:4566 FAILED
[2026-05-19T08:42:24Z] 5C161JEA304304  missing tcp:8080 — re-applying
adb: device '5C161JEA304304' not found
[2026-05-19T08:42:24Z] 5C161JEA304304  re-apply tcp:8080 FAILED
[2026-05-19T08:42:24Z] 5C161JEA304304  missing tcp:8081 — re-applying
adb: device '5C161JEA304304' not found
[2026-05-19T08:42:24Z] 5C161JEA304304  re-apply tcp:8081 FAILED
[2026-05-19T08:42:24Z] 5C161JEA304304  missing tcp:4566 — re-applying
adb: device '5C161JEA304304' not found
[2026-05-19T08:42:24Z] 5C161JEA304304  re-apply tcp:4566 FAILED
[2026-05-19T08:42:39Z] 5C161JEA304304  missing tcp:8080 — re-applying
adb: device '5C161JEA304304' not found
[2026-05-19T08:42:39Z] 5C161JEA304304  re-apply tcp:8080 FAILED
[2026-05-19T08:42:39Z] 5C161JEA304304  missing tcp:8081 — re-applying
adb: device '5C161JEA304304' not found
[2026-05-19T08:42:39Z] 5C161JEA304304  re-apply tcp:8081 FAILED
[2026-05-19T08:42:39Z] 5C161JEA304304  missing tcp:4566 — re-applying
adb: device '5C161JEA304304' not found
[2026-05-19T08:42:39Z] 5C161JEA304304  re-apply tcp:4566 FAILED
[2026-05-19T08:42:54Z] 5C161JEA304304  missing tcp:8080 — re-applying
adb: device '5C161JEA304304' not found
[2026-05-19T08:42:54Z] 5C161JEA304304  re-apply tcp:8080 FAILED
[2026-05-19T08:42:54Z] 5C161JEA304304  missing tcp:8081 — re-applying
adb: device '5C161JEA304304' not found
[2026-05-19T08:42:54Z] 5C161JEA304304  re-apply tcp:8081 FAILED
[2026-05-19T08:42:54Z] 5C161JEA304304  missing tcp:4566 — re-applying
adb: device '5C161JEA304304' not found
[2026-05-19T08:42:54Z] 5C161JEA304304  re-apply tcp:4566 FAILED
[2026-05-19T08:43:09Z] 5C161JEA304304  missing tcp:8080 — re-applying
adb: device '5C161JEA304304' not found
[2026-05-19T08:43:09Z] 5C161JEA304304  re-apply tcp:8080 FAILED
[2026-05-19T08:43:09Z] 5C161JEA304304  missing tcp:8081 — re-applying
adb: device '5C161JEA304304' not found
[2026-05-19T08:43:09Z] 5C161JEA304304  re-apply tcp:8081 FAILED
[2026-05-19T08:43:09Z] 5C161JEA304304  missing tcp:4566 — re-applying
adb: device '5C161JEA304304' not found
[2026-05-19T08:43:09Z] 5C161JEA304304  re-apply tcp:4566 FAILED
[2026-05-19T08:43:24Z] 5C161JEA304304  missing tcp:8080 — re-applying
adb: device '5C161JEA304304' not found
[2026-05-19T08:43:24Z] 5C161JEA304304  re-apply tcp:8080 FAILED
[2026-05-19T08:43:24Z] 5C161JEA304304  missing tcp:8081 — re-applying
adb: device '5C161JEA304304' not found
[2026-05-19T08:43:24Z] 5C161JEA304304  re-apply tcp:8081 FAILED
[2026-05-19T08:43:24Z] 5C161JEA304304  missing tcp:4566 — re-applying
adb: device '5C161JEA304304' not found
[2026-05-19T08:43:24Z] 5C161JEA304304  re-apply tcp:4566 FAILED
[2026-05-19T08:43:39Z] 5C161JEA304304  missing tcp:8080 — re-applying
adb: device '5C161JEA304304' not found
[2026-05-19T08:43:39Z] 5C161JEA304304  re-apply tcp:8080 FAILED
[2026-05-19T08:43:39Z] 5C161JEA304304  missing tcp:8081 — re-applying
adb: device '5C161JEA304304' not found
[2026-05-19T08:43:39Z] 5C161JEA304304  re-apply tcp:8081 FAILED
[2026-05-19T08:43:39Z] 5C161JEA304304  missing tcp:4566 — re-applying
adb: device '5C161JEA304304' not found
[2026-05-19T08:43:39Z] 5C161JEA304304  re-apply tcp:4566 FAILED
[2026-05-19T08:43:54Z] 5C161JEA304304  missing tcp:8080 — re-applying
adb: device '5C161JEA304304' not found
[2026-05-19T08:43:54Z] 5C161JEA304304  re-apply tcp:8080 FAILED
[2026-05-19T08:43:54Z] 5C161JEA304304  missing tcp:8081 — re-applying
adb: device '5C161JEA304304' not found
[2026-05-19T08:43:54Z] 5C161JEA304304  re-apply tcp:8081 FAILED
[2026-05-19T08:43:54Z] 5C161JEA304304  missing tcp:4566 — re-applying
adb: device '5C161JEA304304' not found
[2026-05-19T08:43:54Z] 5C161JEA304304  re-apply tcp:4566 FAILED
[2026-05-19T08:44:09Z] 5C161JEA304304  missing tcp:8080 — re-applying
adb: device '5C161JEA304304' not found
[2026-05-19T08:44:09Z] 5C161JEA304304  re-apply tcp:8080 FAILED
[2026-05-19T08:44:09Z] 5C161JEA304304  missing tcp:8081 — re-applying
adb: device '5C161JEA304304' not found
[2026-05-19T08:44:09Z] 5C161JEA304304  re-apply tcp:8081 FAILED
[2026-05-19T08:44:10Z] 5C161JEA304304  missing tcp:4566 — re-applying
adb: device '5C161JEA304304' not found
[2026-05-19T08:44:10Z] 5C161JEA304304  re-apply tcp:4566 FAILED
[2026-05-19T08:44:25Z] 5C161JEA304304  missing tcp:8080 — re-applying
adb: device '5C161JEA304304' not found
[2026-05-19T08:44:25Z] 5C161JEA304304  re-apply tcp:8080 FAILED
[2026-05-19T08:44:25Z] 5C161JEA304304  missing tcp:8081 — re-applying
adb: device '5C161JEA304304' not found
[2026-05-19T08:44:25Z] 5C161JEA304304  re-apply tcp:8081 FAILED
[2026-05-19T08:44:25Z] 5C161JEA304304  missing tcp:4566 — re-applying
adb: device '5C161JEA304304' not found
[2026-05-19T08:44:25Z] 5C161JEA304304  re-apply tcp:4566 FAILED
[2026-05-19T08:44:40Z] 5C161JEA304304  missing tcp:8080 — re-applying
adb: device '5C161JEA304304' not found
[2026-05-19T08:44:40Z] 5C161JEA304304  re-apply tcp:8080 FAILED
[2026-05-19T08:44:40Z] 5C161JEA304304  missing tcp:8081 — re-applying
adb: device '5C161JEA304304' not found
[2026-05-19T08:44:40Z] 5C161JEA304304  re-apply tcp:8081 FAILED
[2026-05-19T08:44:40Z] 5C161JEA304304  missing tcp:4566 — re-applying
adb: device '5C161JEA304304' not found
[2026-05-19T08:44:40Z] 5C161JEA304304  re-apply tcp:4566 FAILED
[2026-05-19T08:44:55Z] 5C161JEA304304  missing tcp:8080 — re-applying
adb: device '5C161JEA304304' not found
[2026-05-19T08:44:55Z] 5C161JEA304304  re-apply tcp:8080 FAILED
[2026-05-19T08:44:55Z] 5C161JEA304304  missing tcp:8081 — re-applying
adb: device '5C161JEA304304' not found
[2026-05-19T08:44:55Z] 5C161JEA304304  re-apply tcp:8081 FAILED
[2026-05-19T08:44:55Z] 5C161JEA304304  missing tcp:4566 — re-applying
adb: device '5C161JEA304304' not found
[2026-05-19T08:44:55Z] 5C161JEA304304  re-apply tcp:4566 FAILED
[2026-05-19T08:45:10Z] 5C161JEA304304  missing tcp:8080 — re-applying
adb: device '5C161JEA304304' not found
[2026-05-19T08:45:10Z] 5C161JEA304304  re-apply tcp:8080 FAILED
[2026-05-19T08:45:10Z] 5C161JEA304304  missing tcp:8081 — re-applying
adb: device '5C161JEA304304' not found
[2026-05-19T08:45:10Z] 5C161JEA304304  re-apply tcp:8081 FAILED
[2026-05-19T08:45:10Z] 5C161JEA304304  missing tcp:4566 — re-applying
adb: device '5C161JEA304304' not found
[2026-05-19T08:45:10Z] 5C161JEA304304  re-apply tcp:4566 FAILED
[2026-05-19T08:45:25Z] 5C161JEA304304  missing tcp:8080 — re-applying
adb: device '5C161JEA304304' not found
[2026-05-19T08:45:25Z] 5C161JEA304304  re-apply tcp:8080 FAILED
[2026-05-19T08:45:25Z] 5C161JEA304304  missing tcp:8081 — re-applying
adb: device '5C161JEA304304' not found
[2026-05-19T08:45:25Z] 5C161JEA304304  re-apply tcp:8081 FAILED
[2026-05-19T08:45:25Z] 5C161JEA304304  missing tcp:4566 — re-applying
adb: device '5C161JEA304304' not found
[2026-05-19T08:45:25Z] 5C161JEA304304  re-apply tcp:4566 FAILED
[2026-05-19T08:45:40Z] 5C161JEA304304  missing tcp:8080 — re-applying
adb: device '5C161JEA304304' not found
[2026-05-19T08:45:40Z] 5C161JEA304304  re-apply tcp:8080 FAILED
[2026-05-19T08:45:40Z] 5C161JEA304304  missing tcp:8081 — re-applying
adb: device '5C161JEA304304' not found
[2026-05-19T08:45:40Z] 5C161JEA304304  re-apply tcp:8081 FAILED
[2026-05-19T08:45:40Z] 5C161JEA304304  missing tcp:4566 — re-applying
adb: device '5C161JEA304304' not found
[2026-05-19T08:45:40Z] 5C161JEA304304  re-apply tcp:4566 FAILED
[2026-05-19T08:45:55Z] 5C161JEA304304  missing tcp:8080 — re-applying
adb: device '5C161JEA304304' not found
[2026-05-19T08:45:55Z] 5C161JEA304304  re-apply tcp:8080 FAILED
[2026-05-19T08:45:55Z] 5C161JEA304304  missing tcp:8081 — re-applying
adb: device '5C161JEA304304' not found
[2026-05-19T08:45:55Z] 5C161JEA304304  re-apply tcp:8081 FAILED
[2026-05-19T08:45:55Z] 5C161JEA304304  missing tcp:4566 — re-applying
adb: device '5C161JEA304304' not found
[2026-05-19T08:45:55Z] 5C161JEA304304  re-apply tcp:4566 FAILED
[2026-05-19T08:46:11Z] 5C161JEA304304  missing tcp:8080 — re-applying
adb: device '5C161JEA304304' not found
[2026-05-19T08:46:11Z] 5C161JEA304304  re-apply tcp:8080 FAILED
[2026-05-19T08:46:11Z] 5C161JEA304304  missing tcp:8081 — re-applying
adb: device '5C161JEA304304' not found
[2026-05-19T08:46:11Z] 5C161JEA304304  re-apply tcp:8081 FAILED
[2026-05-19T08:46:11Z] 5C161JEA304304  missing tcp:4566 — re-applying
adb: device '5C161JEA304304' not found
[2026-05-19T08:46:11Z] 5C161JEA304304  re-apply tcp:4566 FAILED
[2026-05-19T08:46:26Z] 5C161JEA304304  missing tcp:8080 — re-applying
adb: device '5C161JEA304304' not found
[2026-05-19T08:46:26Z] 5C161JEA304304  re-apply tcp:8080 FAILED
[2026-05-19T08:46:26Z] 5C161JEA304304  missing tcp:8081 — re-applying
adb: device '5C161JEA304304' not found
[2026-05-19T08:46:26Z] 5C161JEA304304  re-apply tcp:8081 FAILED
[2026-05-19T08:46:26Z] 5C161JEA304304  missing tcp:4566 — re-applying
adb: device '5C161JEA304304' not found
[2026-05-19T08:46:26Z] 5C161JEA304304  re-apply tcp:4566 FAILED
[2026-05-19T08:46:41Z] 5C161JEA304304  missing tcp:8080 — re-applying
adb: device '5C161JEA304304' not found
[2026-05-19T08:46:41Z] 5C161JEA304304  re-apply tcp:8080 FAILED
[2026-05-19T08:46:41Z] 5C161JEA304304  missing tcp:8081 — re-applying
adb: device '5C161JEA304304' not found
[2026-05-19T08:46:41Z] 5C161JEA304304  re-apply tcp:8081 FAILED
[2026-05-19T08:46:41Z] 5C161JEA304304  missing tcp:4566 — re-applying
adb: device '5C161JEA304304' not found
[2026-05-19T08:46:41Z] 5C161JEA304304  re-apply tcp:4566 FAILED
[2026-05-19T08:46:56Z] 5C161JEA304304  missing tcp:8080 — re-applying
adb: device '5C161JEA304304' not found
[2026-05-19T08:46:56Z] 5C161JEA304304  re-apply tcp:8080 FAILED
[2026-05-19T08:46:56Z] 5C161JEA304304  missing tcp:8081 — re-applying
adb: device '5C161JEA304304' not found
[2026-05-19T08:46:56Z] 5C161JEA304304  re-apply tcp:8081 FAILED
[2026-05-19T08:46:56Z] 5C161JEA304304  missing tcp:4566 — re-applying
adb: device '5C161JEA304304' not found
[2026-05-19T08:46:56Z] 5C161JEA304304  re-apply tcp:4566 FAILED
[2026-05-19T08:47:11Z] 5C161JEA304304  missing tcp:8080 — re-applying
adb: device '5C161JEA304304' not found
[2026-05-19T08:47:11Z] 5C161JEA304304  re-apply tcp:8080 FAILED
[2026-05-19T08:47:11Z] 5C161JEA304304  missing tcp:8081 — re-applying
adb: device '5C161JEA304304' not found
[2026-05-19T08:47:11Z] 5C161JEA304304  re-apply tcp:8081 FAILED
[2026-05-19T08:47:11Z] 5C161JEA304304  missing tcp:4566 — re-applying
adb: device '5C161JEA304304' not found
[2026-05-19T08:47:11Z] 5C161JEA304304  re-apply tcp:4566 FAILED
[2026-05-19T08:47:26Z] 5C161JEA304304  missing tcp:8080 — re-applying
adb: device '5C161JEA304304' not found
[2026-05-19T08:47:26Z] 5C161JEA304304  re-apply tcp:8080 FAILED
[2026-05-19T08:47:26Z] 5C161JEA304304  missing tcp:8081 — re-applying
adb: device '5C161JEA304304' not found
[2026-05-19T08:47:26Z] 5C161JEA304304  re-apply tcp:8081 FAILED
[2026-05-19T08:47:26Z] 5C161JEA304304  missing tcp:4566 — re-applying
adb: device '5C161JEA304304' not found
[2026-05-19T08:47:26Z] 5C161JEA304304  re-apply tcp:4566 FAILED
[2026-05-19T08:47:41Z] 5C161JEA304304  missing tcp:8080 — re-applying
adb: device '5C161JEA304304' not found
[2026-05-19T08:47:41Z] 5C161JEA304304  re-apply tcp:8080 FAILED
[2026-05-19T08:47:41Z] 5C161JEA304304  missing tcp:8081 — re-applying
adb: device '5C161JEA304304' not found
[2026-05-19T08:47:41Z] 5C161JEA304304  re-apply tcp:8081 FAILED
[2026-05-19T08:47:41Z] 5C161JEA304304  missing tcp:4566 — re-applying
adb: device '5C161JEA304304' not found
[2026-05-19T08:47:41Z] 5C161JEA304304  re-apply tcp:4566 FAILED
[2026-05-19T08:47:56Z] 5C161JEA304304  missing tcp:8080 — re-applying
adb: device '5C161JEA304304' not found
[2026-05-19T08:47:56Z] 5C161JEA304304  re-apply tcp:8080 FAILED
[2026-05-19T08:47:57Z] 5C161JEA304304  missing tcp:8081 — re-applying
adb: device '5C161JEA304304' not found
[2026-05-19T08:47:57Z] 5C161JEA304304  re-apply tcp:8081 FAILED
[2026-05-19T08:47:57Z] 5C161JEA304304  missing tcp:4566 — re-applying
adb: device '5C161JEA304304' not found
[2026-05-19T08:47:57Z] 5C161JEA304304  re-apply tcp:4566 FAILED
[2026-05-19T08:48:12Z] 5C161JEA304304  missing tcp:8080 — re-applying
adb: device '5C161JEA304304' not found
[2026-05-19T08:48:12Z] 5C161JEA304304  re-apply tcp:8080 FAILED
[2026-05-19T08:48:12Z] 5C161JEA304304  missing tcp:8081 — re-applying
adb: device '5C161JEA304304' not found
[2026-05-19T08:48:12Z] 5C161JEA304304  re-apply tcp:8081 FAILED
[2026-05-19T08:48:12Z] 5C161JEA304304  missing tcp:4566 — re-applying
adb: device '5C161JEA304304' not found
[2026-05-19T08:48:12Z] 5C161JEA304304  re-apply tcp:4566 FAILED
[2026-05-19T08:48:27Z] 5C161JEA304304  missing tcp:8080 — re-applying
adb: device '5C161JEA304304' not found
[2026-05-19T08:48:27Z] 5C161JEA304304  re-apply tcp:8080 FAILED
[2026-05-19T08:48:27Z] 5C161JEA304304  missing tcp:8081 — re-applying
adb: device '5C161JEA304304' not found
[2026-05-19T08:48:27Z] 5C161JEA304304  re-apply tcp:8081 FAILED
[2026-05-19T08:48:27Z] 5C161JEA304304  missing tcp:4566 — re-applying
adb: device '5C161JEA304304' not found
[2026-05-19T08:48:27Z] 5C161JEA304304  re-apply tcp:4566 FAILED
[2026-05-19T08:48:42Z] 5C161JEA304304  missing tcp:8080 — re-applying
adb: device '5C161JEA304304' not found
[2026-05-19T08:48:42Z] 5C161JEA304304  re-apply tcp:8080 FAILED
[2026-05-19T08:48:42Z] 5C161JEA304304  missing tcp:8081 — re-applying
adb: device '5C161JEA304304' not found
[2026-05-19T08:48:42Z] 5C161JEA304304  re-apply tcp:8081 FAILED
[2026-05-19T08:48:42Z] 5C161JEA304304  missing tcp:4566 — re-applying
adb: device '5C161JEA304304' not found
[2026-05-19T08:48:42Z] 5C161JEA304304  re-apply tcp:4566 FAILED
[2026-05-19T08:48:57Z] 5C161JEA304304  missing tcp:8080 — re-applying
adb: device '5C161JEA304304' not found
[2026-05-19T08:48:57Z] 5C161JEA304304  re-apply tcp:8080 FAILED
[2026-05-19T08:48:57Z] 5C161JEA304304  missing tcp:8081 — re-applying
adb: device '5C161JEA304304' not found
[2026-05-19T08:48:57Z] 5C161JEA304304  re-apply tcp:8081 FAILED
[2026-05-19T08:48:57Z] 5C161JEA304304  missing tcp:4566 — re-applying
adb: device '5C161JEA304304' not found
[2026-05-19T08:48:57Z] 5C161JEA304304  re-apply tcp:4566 FAILED
[2026-05-19T08:49:12Z] 5C161JEA304304  missing tcp:8080 — re-applying
adb: device '5C161JEA304304' not found
[2026-05-19T08:49:12Z] 5C161JEA304304  re-apply tcp:8080 FAILED
[2026-05-19T08:49:12Z] 5C161JEA304304  missing tcp:8081 — re-applying
adb: device '5C161JEA304304' not found
[2026-05-19T08:49:12Z] 5C161JEA304304  re-apply tcp:8081 FAILED
[2026-05-19T08:49:12Z] 5C161JEA304304  missing tcp:4566 — re-applying
adb: device '5C161JEA304304' not found
[2026-05-19T08:49:12Z] 5C161JEA304304  re-apply tcp:4566 FAILED
[2026-05-19T08:49:27Z] 5C161JEA304304  missing tcp:8080 — re-applying
adb: device '5C161JEA304304' not found
[2026-05-19T08:49:27Z] 5C161JEA304304  re-apply tcp:8080 FAILED
[2026-05-19T08:49:27Z] 5C161JEA304304  missing tcp:8081 — re-applying
adb: device '5C161JEA304304' not found
[2026-05-19T08:49:27Z] 5C161JEA304304  re-apply tcp:8081 FAILED
[2026-05-19T08:49:27Z] 5C161JEA304304  missing tcp:4566 — re-applying
adb: device '5C161JEA304304' not found
[2026-05-19T08:49:27Z] 5C161JEA304304  re-apply tcp:4566 FAILED
[2026-05-19T08:49:42Z] 5C161JEA304304  missing tcp:8080 — re-applying
adb: device '5C161JEA304304' not found
[2026-05-19T08:49:42Z] 5C161JEA304304  re-apply tcp:8080 FAILED
[2026-05-19T08:49:42Z] 5C161JEA304304  missing tcp:8081 — re-applying
adb: device '5C161JEA304304' not found
[2026-05-19T08:49:42Z] 5C161JEA304304  re-apply tcp:8081 FAILED
[2026-05-19T08:49:43Z] 5C161JEA304304  missing tcp:4566 — re-applying
adb: device '5C161JEA304304' not found
[2026-05-19T08:49:43Z] 5C161JEA304304  re-apply tcp:4566 FAILED
[2026-05-19T08:49:58Z] 5C161JEA304304  missing tcp:8080 — re-applying
adb: device '5C161JEA304304' not found
[2026-05-19T08:49:58Z] 5C161JEA304304  re-apply tcp:8080 FAILED
[2026-05-19T08:49:58Z] 5C161JEA304304  missing tcp:8081 — re-applying
adb: device '5C161JEA304304' not found
[2026-05-19T08:49:58Z] 5C161JEA304304  re-apply tcp:8081 FAILED
[2026-05-19T08:49:58Z] 5C161JEA304304  missing tcp:4566 — re-applying
adb: device '5C161JEA304304' not found
[2026-05-19T08:49:58Z] 5C161JEA304304  re-apply tcp:4566 FAILED
[2026-05-19T08:50:13Z] 5C161JEA304304  missing tcp:8080 — re-applying
adb: device '5C161JEA304304' not found
[2026-05-19T08:50:13Z] 5C161JEA304304  re-apply tcp:8080 FAILED
[2026-05-19T08:50:13Z] 5C161JEA304304  missing tcp:8081 — re-applying
adb: device '5C161JEA304304' not found
[2026-05-19T08:50:13Z] 5C161JEA304304  re-apply tcp:8081 FAILED
[2026-05-19T08:50:13Z] 5C161JEA304304  missing tcp:4566 — re-applying
adb: device '5C161JEA304304' not found
[2026-05-19T08:50:13Z] 5C161JEA304304  re-apply tcp:4566 FAILED
[2026-05-19T08:50:28Z] 5C161JEA304304  missing tcp:8080 — re-applying
adb: device '5C161JEA304304' not found
[2026-05-19T08:50:28Z] 5C161JEA304304  re-apply tcp:8080 FAILED
[2026-05-19T08:50:28Z] 5C161JEA304304  missing tcp:8081 — re-applying
adb: device '5C161JEA304304' not found
[2026-05-19T08:50:28Z] 5C161JEA304304  re-apply tcp:8081 FAILED
[2026-05-19T08:50:28Z] 5C161JEA304304  missing tcp:4566 — re-applying
adb: device '5C161JEA304304' not found
[2026-05-19T08:50:28Z] 5C161JEA304304  re-apply tcp:4566 FAILED
[2026-05-19T08:50:43Z] 5C161JEA304304  missing tcp:8080 — re-applying
adb: device '5C161JEA304304' not found
[2026-05-19T08:50:43Z] 5C161JEA304304  re-apply tcp:8080 FAILED
[2026-05-19T08:50:43Z] 5C161JEA304304  missing tcp:8081 — re-applying
adb: device '5C161JEA304304' not found
[2026-05-19T08:50:43Z] 5C161JEA304304  re-apply tcp:8081 FAILED
[2026-05-19T08:50:43Z] 5C161JEA304304  missing tcp:4566 — re-applying
adb: device '5C161JEA304304' not found
[2026-05-19T08:50:43Z] 5C161JEA304304  re-apply tcp:4566 FAILED
[2026-05-19T08:50:58Z] 5C161JEA304304  missing tcp:8080 — re-applying
adb: device '5C161JEA304304' not found
[2026-05-19T08:50:58Z] 5C161JEA304304  re-apply tcp:8080 FAILED
[2026-05-19T08:50:58Z] 5C161JEA304304  missing tcp:8081 — re-applying
adb: device '5C161JEA304304' not found
[2026-05-19T08:50:58Z] 5C161JEA304304  re-apply tcp:8081 FAILED
[2026-05-19T08:50:58Z] 5C161JEA304304  missing tcp:4566 — re-applying
adb: device '5C161JEA304304' not found
[2026-05-19T08:50:58Z] 5C161JEA304304  re-apply tcp:4566 FAILED
[2026-05-19T08:51:13Z] 5C161JEA304304  missing tcp:8080 — re-applying
adb: device '5C161JEA304304' not found
[2026-05-19T08:51:13Z] 5C161JEA304304  re-apply tcp:8080 FAILED
[2026-05-19T08:51:13Z] 5C161JEA304304  missing tcp:8081 — re-applying
adb: device '5C161JEA304304' not found
[2026-05-19T08:51:13Z] 5C161JEA304304  re-apply tcp:8081 FAILED
[2026-05-19T08:51:13Z] 5C161JEA304304  missing tcp:4566 — re-applying
adb: device '5C161JEA304304' not found
[2026-05-19T08:51:13Z] 5C161JEA304304  re-apply tcp:4566 FAILED
[2026-05-19T08:51:28Z] 5C161JEA304304  missing tcp:8080 — re-applying
adb: device '5C161JEA304304' not found
[2026-05-19T08:51:28Z] 5C161JEA304304  re-apply tcp:8080 FAILED
[2026-05-19T08:51:28Z] 5C161JEA304304  missing tcp:8081 — re-applying
adb: device '5C161JEA304304' not found
[2026-05-19T08:51:28Z] 5C161JEA304304  re-apply tcp:8081 FAILED
[2026-05-19T08:51:28Z] 5C161JEA304304  missing tcp:4566 — re-applying
adb: device '5C161JEA304304' not found
[2026-05-19T08:51:28Z] 5C161JEA304304  re-apply tcp:4566 FAILED
[2026-05-19T08:51:44Z] 5C161JEA304304  missing tcp:8080 — re-applying
adb: device '5C161JEA304304' not found
[2026-05-19T08:51:44Z] 5C161JEA304304  re-apply tcp:8080 FAILED
[2026-05-19T08:51:44Z] 5C161JEA304304  missing tcp:8081 — re-applying
adb: device '5C161JEA304304' not found
[2026-05-19T08:51:44Z] 5C161JEA304304  re-apply tcp:8081 FAILED
[2026-05-19T08:51:44Z] 5C161JEA304304  missing tcp:4566 — re-applying
adb: device '5C161JEA304304' not found
[2026-05-19T08:51:44Z] 5C161JEA304304  re-apply tcp:4566 FAILED
[2026-05-19T08:51:59Z] 5C161JEA304304  missing tcp:8080 — re-applying
adb: device '5C161JEA304304' not found
[2026-05-19T08:51:59Z] 5C161JEA304304  re-apply tcp:8080 FAILED
[2026-05-19T08:51:59Z] 5C161JEA304304  missing tcp:8081 — re-applying
adb: device '5C161JEA304304' not found
[2026-05-19T08:51:59Z] 5C161JEA304304  re-apply tcp:8081 FAILED
[2026-05-19T08:51:59Z] 5C161JEA304304  missing tcp:4566 — re-applying
adb: device '5C161JEA304304' not found
[2026-05-19T08:51:59Z] 5C161JEA304304  re-apply tcp:4566 FAILED
[2026-05-19T08:52:14Z] 5C161JEA304304  missing tcp:8080 — re-applying
adb: device '5C161JEA304304' not found
[2026-05-19T08:52:14Z] 5C161JEA304304  re-apply tcp:8080 FAILED
[2026-05-19T08:52:14Z] 5C161JEA304304  missing tcp:8081 — re-applying
adb: device '5C161JEA304304' not found
[2026-05-19T08:52:14Z] 5C161JEA304304  re-apply tcp:8081 FAILED
[2026-05-19T08:52:14Z] 5C161JEA304304  missing tcp:4566 — re-applying
adb: device '5C161JEA304304' not found
[2026-05-19T08:52:14Z] 5C161JEA304304  re-apply tcp:4566 FAILED
[2026-05-19T08:52:29Z] 5C161JEA304304  missing tcp:8080 — re-applying
adb: device '5C161JEA304304' not found
[2026-05-19T08:52:29Z] 5C161JEA304304  re-apply tcp:8080 FAILED
[2026-05-19T08:52:29Z] 5C161JEA304304  missing tcp:8081 — re-applying
adb: device '5C161JEA304304' not found
[2026-05-19T08:52:29Z] 5C161JEA304304  re-apply tcp:8081 FAILED
[2026-05-19T08:52:29Z] 5C161JEA304304  missing tcp:4566 — re-applying
adb: device '5C161JEA304304' not found
[2026-05-19T08:52:29Z] 5C161JEA304304  re-apply tcp:4566 FAILED
[2026-05-19T08:52:44Z] 5C161JEA304304  missing tcp:8080 — re-applying
adb: device '5C161JEA304304' not found
[2026-05-19T08:52:44Z] 5C161JEA304304  re-apply tcp:8080 FAILED
[2026-05-19T08:52:44Z] 5C161JEA304304  missing tcp:8081 — re-applying
adb: device '5C161JEA304304' not found
[2026-05-19T08:52:44Z] 5C161JEA304304  re-apply tcp:8081 FAILED
[2026-05-19T08:52:44Z] 5C161JEA304304  missing tcp:4566 — re-applying
adb: device '5C161JEA304304' not found
[2026-05-19T08:52:44Z] 5C161JEA304304  re-apply tcp:4566 FAILED
[2026-05-19T08:52:59Z] 5C161JEA304304  missing tcp:8080 — re-applying
adb: device '5C161JEA304304' not found
[2026-05-19T08:52:59Z] 5C161JEA304304  re-apply tcp:8080 FAILED
[2026-05-19T08:52:59Z] 5C161JEA304304  missing tcp:8081 — re-applying
adb: device '5C161JEA304304' not found
[2026-05-19T08:52:59Z] 5C161JEA304304  re-apply tcp:8081 FAILED
[2026-05-19T08:52:59Z] 5C161JEA304304  missing tcp:4566 — re-applying
adb: device '5C161JEA304304' not found
[2026-05-19T08:52:59Z] 5C161JEA304304  re-apply tcp:4566 FAILED
[2026-05-19T08:53:14Z] 5C161JEA304304  missing tcp:8080 — re-applying
adb: device '5C161JEA304304' not found
[2026-05-19T08:53:14Z] 5C161JEA304304  re-apply tcp:8080 FAILED
[2026-05-19T08:53:14Z] 5C161JEA304304  missing tcp:8081 — re-applying
adb: device '5C161JEA304304' not found
[2026-05-19T08:53:14Z] 5C161JEA304304  re-apply tcp:8081 FAILED
[2026-05-19T08:53:14Z] 5C161JEA304304  missing tcp:4566 — re-applying
adb: device '5C161JEA304304' not found
[2026-05-19T08:53:14Z] 5C161JEA304304  re-apply tcp:4566 FAILED
[2026-05-19T08:53:29Z] 5C161JEA304304  missing tcp:8080 — re-applying
adb: device '5C161JEA304304' not found
[2026-05-19T08:53:29Z] 5C161JEA304304  re-apply tcp:8080 FAILED
[2026-05-19T08:53:29Z] 5C161JEA304304  missing tcp:8081 — re-applying
adb: device '5C161JEA304304' not found
[2026-05-19T08:53:29Z] 5C161JEA304304  re-apply tcp:8081 FAILED
[2026-05-19T08:53:29Z] 5C161JEA304304  missing tcp:4566 — re-applying
adb: device '5C161JEA304304' not found
[2026-05-19T08:53:29Z] 5C161JEA304304  re-apply tcp:4566 FAILED
[2026-05-19T08:53:45Z] 5C161JEA304304  missing tcp:8080 — re-applying
adb: device '5C161JEA304304' not found
[2026-05-19T08:53:45Z] 5C161JEA304304  re-apply tcp:8080 FAILED
[2026-05-19T08:53:45Z] 5C161JEA304304  missing tcp:8081 — re-applying
adb: device '5C161JEA304304' not found
[2026-05-19T08:53:45Z] 5C161JEA304304  re-apply tcp:8081 FAILED
[2026-05-19T08:53:45Z] 5C161JEA304304  missing tcp:4566 — re-applying
adb: device '5C161JEA304304' not found
[2026-05-19T08:53:45Z] 5C161JEA304304  re-apply tcp:4566 FAILED
[2026-05-19T08:54:00Z] 5C161JEA304304  missing tcp:8080 — re-applying
adb: device '5C161JEA304304' not found
[2026-05-19T08:54:00Z] 5C161JEA304304  re-apply tcp:8080 FAILED
[2026-05-19T08:54:00Z] 5C161JEA304304  missing tcp:8081 — re-applying
adb: device '5C161JEA304304' not found
[2026-05-19T08:54:00Z] 5C161JEA304304  re-apply tcp:8081 FAILED
[2026-05-19T08:54:00Z] 5C161JEA304304  missing tcp:4566 — re-applying
adb: device '5C161JEA304304' not found
[2026-05-19T08:54:00Z] 5C161JEA304304  re-apply tcp:4566 FAILED
[2026-05-19T08:54:15Z] 5C161JEA304304  missing tcp:8080 — re-applying
adb: device '5C161JEA304304' not found
[2026-05-19T08:54:15Z] 5C161JEA304304  re-apply tcp:8080 FAILED
[2026-05-19T08:54:15Z] 5C161JEA304304  missing tcp:8081 — re-applying
adb: device '5C161JEA304304' not found
[2026-05-19T08:54:15Z] 5C161JEA304304  re-apply tcp:8081 FAILED
[2026-05-19T08:54:15Z] 5C161JEA304304  missing tcp:4566 — re-applying
adb: device '5C161JEA304304' not found
[2026-05-19T08:54:15Z] 5C161JEA304304  re-apply tcp:4566 FAILED
[2026-05-19T08:54:30Z] 5C161JEA304304  missing tcp:8080 — re-applying
adb: device '5C161JEA304304' not found
[2026-05-19T08:54:30Z] 5C161JEA304304  re-apply tcp:8080 FAILED
[2026-05-19T08:54:30Z] 5C161JEA304304  missing tcp:8081 — re-applying
adb: device '5C161JEA304304' not found
[2026-05-19T08:54:30Z] 5C161JEA304304  re-apply tcp:8081 FAILED
[2026-05-19T08:54:30Z] 5C161JEA304304  missing tcp:4566 — re-applying
adb: device '5C161JEA304304' not found
[2026-05-19T08:54:30Z] 5C161JEA304304  re-apply tcp:4566 FAILED
[2026-05-19T08:54:45Z] 5C161JEA304304  missing tcp:8080 — re-applying
adb: device '5C161JEA304304' not found
[2026-05-19T08:54:45Z] 5C161JEA304304  re-apply tcp:8080 FAILED
[2026-05-19T08:54:45Z] 5C161JEA304304  missing tcp:8081 — re-applying
adb: device '5C161JEA304304' not found
[2026-05-19T08:54:45Z] 5C161JEA304304  re-apply tcp:8081 FAILED
[2026-05-19T08:54:45Z] 5C161JEA304304  missing tcp:4566 — re-applying
adb: device '5C161JEA304304' not found
[2026-05-19T08:54:45Z] 5C161JEA304304  re-apply tcp:4566 FAILED
[2026-05-19T08:55:00Z] 5C161JEA304304  missing tcp:8080 — re-applying
adb: device '5C161JEA304304' not found
[2026-05-19T08:55:00Z] 5C161JEA304304  re-apply tcp:8080 FAILED
[2026-05-19T08:55:00Z] 5C161JEA304304  missing tcp:8081 — re-applying
adb: device '5C161JEA304304' not found
[2026-05-19T08:55:00Z] 5C161JEA304304  re-apply tcp:8081 FAILED
[2026-05-19T08:55:00Z] 5C161JEA304304  missing tcp:4566 — re-applying
adb: device '5C161JEA304304' not found
[2026-05-19T08:55:00Z] 5C161JEA304304  re-apply tcp:4566 FAILED
[2026-05-19T08:55:15Z] 5C161JEA304304  missing tcp:8080 — re-applying
adb: device '5C161JEA304304' not found
[2026-05-19T08:55:15Z] 5C161JEA304304  re-apply tcp:8080 FAILED
[2026-05-19T08:55:15Z] 5C161JEA304304  missing tcp:8081 — re-applying
adb: device '5C161JEA304304' not found
[2026-05-19T08:55:15Z] 5C161JEA304304  re-apply tcp:8081 FAILED
[2026-05-19T08:55:15Z] 5C161JEA304304  missing tcp:4566 — re-applying
adb: device '5C161JEA304304' not found
[2026-05-19T08:55:15Z] 5C161JEA304304  re-apply tcp:4566 FAILED
[2026-05-19T08:55:30Z] 5C161JEA304304  missing tcp:8080 — re-applying
adb: device '5C161JEA304304' not found
[2026-05-19T08:55:30Z] 5C161JEA304304  re-apply tcp:8080 FAILED
[2026-05-19T08:55:30Z] 5C161JEA304304  missing tcp:8081 — re-applying
adb: device '5C161JEA304304' not found
[2026-05-19T08:55:30Z] 5C161JEA304304  re-apply tcp:8081 FAILED
[2026-05-19T08:55:31Z] 5C161JEA304304  missing tcp:4566 — re-applying
adb: device '5C161JEA304304' not found
[2026-05-19T08:55:31Z] 5C161JEA304304  re-apply tcp:4566 FAILED
[2026-05-19T08:55:46Z] 5C161JEA304304  missing tcp:8080 — re-applying
adb: device '5C161JEA304304' not found
[2026-05-19T08:55:46Z] 5C161JEA304304  re-apply tcp:8080 FAILED
[2026-05-19T08:55:46Z] 5C161JEA304304  missing tcp:8081 — re-applying
adb: device '5C161JEA304304' not found
[2026-05-19T08:55:46Z] 5C161JEA304304  re-apply tcp:8081 FAILED
[2026-05-19T08:55:46Z] 5C161JEA304304  missing tcp:4566 — re-applying
adb: device '5C161JEA304304' not found
[2026-05-19T08:55:46Z] 5C161JEA304304  re-apply tcp:4566 FAILED
[2026-05-19T08:56:01Z] 5C161JEA304304  missing tcp:8080 — re-applying
adb: device '5C161JEA304304' not found
[2026-05-19T08:56:01Z] 5C161JEA304304  re-apply tcp:8080 FAILED
[2026-05-19T08:56:01Z] 5C161JEA304304  missing tcp:8081 — re-applying
adb: device '5C161JEA304304' not found
[2026-05-19T08:56:01Z] 5C161JEA304304  re-apply tcp:8081 FAILED
[2026-05-19T08:56:01Z] 5C161JEA304304  missing tcp:4566 — re-applying
adb: device '5C161JEA304304' not found
[2026-05-19T08:56:01Z] 5C161JEA304304  re-apply tcp:4566 FAILED
[2026-05-19T08:56:16Z] 5C161JEA304304  missing tcp:8080 — re-applying
adb: device '5C161JEA304304' not found
[2026-05-19T08:56:16Z] 5C161JEA304304  re-apply tcp:8080 FAILED
[2026-05-19T08:56:16Z] 5C161JEA304304  missing tcp:8081 — re-applying
adb: device '5C161JEA304304' not found
[2026-05-19T08:56:16Z] 5C161JEA304304  re-apply tcp:8081 FAILED
[2026-05-19T08:56:16Z] 5C161JEA304304  missing tcp:4566 — re-applying
adb: device '5C161JEA304304' not found
[2026-05-19T08:56:16Z] 5C161JEA304304  re-apply tcp:4566 FAILED
[2026-05-19T08:56:31Z] 5C161JEA304304  missing tcp:8080 — re-applying
adb: device '5C161JEA304304' not found
[2026-05-19T08:56:31Z] 5C161JEA304304  re-apply tcp:8080 FAILED
[2026-05-19T08:56:31Z] 5C161JEA304304  missing tcp:8081 — re-applying
adb: device '5C161JEA304304' not found
[2026-05-19T08:56:31Z] 5C161JEA304304  re-apply tcp:8081 FAILED
[2026-05-19T08:56:31Z] 5C161JEA304304  missing tcp:4566 — re-applying
adb: device '5C161JEA304304' not found
[2026-05-19T08:56:31Z] 5C161JEA304304  re-apply tcp:4566 FAILED
[2026-05-19T08:56:46Z] 5C161JEA304304  missing tcp:8080 — re-applying
adb: device '5C161JEA304304' not found
[2026-05-19T08:56:46Z] 5C161JEA304304  re-apply tcp:8080 FAILED
[2026-05-19T08:56:46Z] 5C161JEA304304  missing tcp:8081 — re-applying
adb: device '5C161JEA304304' not found
[2026-05-19T08:56:46Z] 5C161JEA304304  re-apply tcp:8081 FAILED
[2026-05-19T08:56:46Z] 5C161JEA304304  missing tcp:4566 — re-applying
adb: device '5C161JEA304304' not found
[2026-05-19T08:56:46Z] 5C161JEA304304  re-apply tcp:4566 FAILED
[2026-05-19T08:57:01Z] 5C161JEA304304  missing tcp:8080 — re-applying
adb: device '5C161JEA304304' not found
[2026-05-19T08:57:01Z] 5C161JEA304304  re-apply tcp:8080 FAILED
[2026-05-19T08:57:01Z] 5C161JEA304304  missing tcp:8081 — re-applying
adb: device '5C161JEA304304' not found
[2026-05-19T08:57:01Z] 5C161JEA304304  re-apply tcp:8081 FAILED
[2026-05-19T08:57:01Z] 5C161JEA304304  missing tcp:4566 — re-applying
adb: device '5C161JEA304304' not found
[2026-05-19T08:57:01Z] 5C161JEA304304  re-apply tcp:4566 FAILED
[2026-05-19T08:57:16Z] 5C161JEA304304  missing tcp:8080 — re-applying
adb: device '5C161JEA304304' not found
[2026-05-19T08:57:16Z] 5C161JEA304304  re-apply tcp:8080 FAILED
[2026-05-19T08:57:16Z] 5C161JEA304304  missing tcp:8081 — re-applying
adb: device '5C161JEA304304' not found
[2026-05-19T08:57:16Z] 5C161JEA304304  re-apply tcp:8081 FAILED
[2026-05-19T08:57:16Z] 5C161JEA304304  missing tcp:4566 — re-applying
adb: device '5C161JEA304304' not found
[2026-05-19T08:57:16Z] 5C161JEA304304  re-apply tcp:4566 FAILED
[2026-05-19T08:57:32Z] 5C161JEA304304  missing tcp:8080 — re-applying
adb: device '5C161JEA304304' not found
[2026-05-19T08:57:32Z] 5C161JEA304304  re-apply tcp:8080 FAILED
[2026-05-19T08:57:32Z] 5C161JEA304304  missing tcp:8081 — re-applying
adb: device '5C161JEA304304' not found
[2026-05-19T08:57:32Z] 5C161JEA304304  re-apply tcp:8081 FAILED
[2026-05-19T08:57:32Z] 5C161JEA304304  missing tcp:4566 — re-applying
adb: device '5C161JEA304304' not found
[2026-05-19T08:57:32Z] 5C161JEA304304  re-apply tcp:4566 FAILED
[2026-05-19T08:57:47Z] 5C161JEA304304  missing tcp:8080 — re-applying
adb: device '5C161JEA304304' not found
[2026-05-19T08:57:47Z] 5C161JEA304304  re-apply tcp:8080 FAILED
[2026-05-19T08:57:47Z] 5C161JEA304304  missing tcp:8081 — re-applying
adb: device '5C161JEA304304' not found
[2026-05-19T08:57:47Z] 5C161JEA304304  re-apply tcp:8081 FAILED
[2026-05-19T08:57:47Z] 5C161JEA304304  missing tcp:4566 — re-applying
adb: device '5C161JEA304304' not found
[2026-05-19T08:57:47Z] 5C161JEA304304  re-apply tcp:4566 FAILED
[2026-05-19T08:58:02Z] 5C161JEA304304  missing tcp:8080 — re-applying
adb: device '5C161JEA304304' not found
[2026-05-19T08:58:02Z] 5C161JEA304304  re-apply tcp:8080 FAILED
[2026-05-19T08:58:02Z] 5C161JEA304304  missing tcp:8081 — re-applying
adb: device '5C161JEA304304' not found
[2026-05-19T08:58:02Z] 5C161JEA304304  re-apply tcp:8081 FAILED
[2026-05-19T08:58:02Z] 5C161JEA304304  missing tcp:4566 — re-applying
adb: device '5C161JEA304304' not found
[2026-05-19T08:58:02Z] 5C161JEA304304  re-apply tcp:4566 FAILED
[2026-05-19T08:58:17Z] 5C161JEA304304  missing tcp:8080 — re-applying
adb: device '5C161JEA304304' not found
[2026-05-19T08:58:17Z] 5C161JEA304304  re-apply tcp:8080 FAILED
[2026-05-19T08:58:17Z] 5C161JEA304304  missing tcp:8081 — re-applying
adb: device '5C161JEA304304' not found
[2026-05-19T08:58:17Z] 5C161JEA304304  re-apply tcp:8081 FAILED
[2026-05-19T08:58:17Z] 5C161JEA304304  missing tcp:4566 — re-applying
adb: device '5C161JEA304304' not found
[2026-05-19T08:58:17Z] 5C161JEA304304  re-apply tcp:4566 FAILED
[2026-05-19T08:58:32Z] 5C161JEA304304  missing tcp:8080 — re-applying
adb: device '5C161JEA304304' not found
[2026-05-19T08:58:32Z] 5C161JEA304304  re-apply tcp:8080 FAILED
[2026-05-19T08:58:32Z] 5C161JEA304304  missing tcp:8081 — re-applying
adb: device '5C161JEA304304' not found
[2026-05-19T08:58:32Z] 5C161JEA304304  re-apply tcp:8081 FAILED
[2026-05-19T08:58:32Z] 5C161JEA304304  missing tcp:4566 — re-applying
adb: device '5C161JEA304304' not found
[2026-05-19T08:58:32Z] 5C161JEA304304  re-apply tcp:4566 FAILED
[2026-05-19T08:58:47Z] 5C161JEA304304  missing tcp:8080 — re-applying
adb: device '5C161JEA304304' not found
[2026-05-19T08:58:47Z] 5C161JEA304304  re-apply tcp:8080 FAILED
[2026-05-19T08:58:47Z] 5C161JEA304304  missing tcp:8081 — re-applying
adb: device '5C161JEA304304' not found
[2026-05-19T08:58:47Z] 5C161JEA304304  re-apply tcp:8081 FAILED
[2026-05-19T08:58:47Z] 5C161JEA304304  missing tcp:4566 — re-applying
adb: device '5C161JEA304304' not found
[2026-05-19T08:58:47Z] 5C161JEA304304  re-apply tcp:4566 FAILED
[2026-05-19T08:59:02Z] 5C161JEA304304  missing tcp:8080 — re-applying
adb: device '5C161JEA304304' not found
[2026-05-19T08:59:02Z] 5C161JEA304304  re-apply tcp:8080 FAILED
[2026-05-19T08:59:02Z] 5C161JEA304304  missing tcp:8081 — re-applying
adb: device '5C161JEA304304' not found
[2026-05-19T08:59:02Z] 5C161JEA304304  re-apply tcp:8081 FAILED
[2026-05-19T08:59:02Z] 5C161JEA304304  missing tcp:4566 — re-applying
adb: device '5C161JEA304304' not found
[2026-05-19T08:59:02Z] 5C161JEA304304  re-apply tcp:4566 FAILED
[2026-05-19T08:59:17Z] 5C161JEA304304  missing tcp:8080 — re-applying
adb: device '5C161JEA304304' not found
[2026-05-19T08:59:17Z] 5C161JEA304304  re-apply tcp:8080 FAILED
[2026-05-19T08:59:17Z] 5C161JEA304304  missing tcp:8081 — re-applying
adb: device '5C161JEA304304' not found
[2026-05-19T08:59:17Z] 5C161JEA304304  re-apply tcp:8081 FAILED
[2026-05-19T08:59:17Z] 5C161JEA304304  missing tcp:4566 — re-applying
adb: device '5C161JEA304304' not found
[2026-05-19T08:59:17Z] 5C161JEA304304  re-apply tcp:4566 FAILED
[2026-05-19T08:59:33Z] 5C161JEA304304  missing tcp:8080 — re-applying
adb: device '5C161JEA304304' not found
[2026-05-19T08:59:33Z] 5C161JEA304304  re-apply tcp:8080 FAILED
[2026-05-19T08:59:33Z] 5C161JEA304304  missing tcp:8081 — re-applying
adb: device '5C161JEA304304' not found
[2026-05-19T08:59:33Z] 5C161JEA304304  re-apply tcp:8081 FAILED
[2026-05-19T08:59:33Z] 5C161JEA304304  missing tcp:4566 — re-applying
adb: device '5C161JEA304304' not found
[2026-05-19T08:59:33Z] 5C161JEA304304  re-apply tcp:4566 FAILED
[2026-05-19T08:59:48Z] 5C161JEA304304  missing tcp:8080 — re-applying
adb: device '5C161JEA304304' not found
[2026-05-19T08:59:48Z] 5C161JEA304304  re-apply tcp:8080 FAILED
[2026-05-19T08:59:48Z] 5C161JEA304304  missing tcp:8081 — re-applying
adb: device '5C161JEA304304' not found
[2026-05-19T08:59:48Z] 5C161JEA304304  re-apply tcp:8081 FAILED
[2026-05-19T08:59:48Z] 5C161JEA304304  missing tcp:4566 — re-applying
adb: device '5C161JEA304304' not found
[2026-05-19T08:59:48Z] 5C161JEA304304  re-apply tcp:4566 FAILED
[2026-05-19T09:00:03Z] 5C161JEA304304  missing tcp:8080 — re-applying
adb: device '5C161JEA304304' not found
[2026-05-19T09:00:03Z] 5C161JEA304304  re-apply tcp:8080 FAILED
[2026-05-19T09:00:03Z] 5C161JEA304304  missing tcp:8081 — re-applying
adb: device '5C161JEA304304' not found
[2026-05-19T09:00:03Z] 5C161JEA304304  re-apply tcp:8081 FAILED
[2026-05-19T09:00:03Z] 5C161JEA304304  missing tcp:4566 — re-applying
adb: device '5C161JEA304304' not found
[2026-05-19T09:00:03Z] 5C161JEA304304  re-apply tcp:4566 FAILED
[2026-05-19T09:00:18Z] 5C161JEA304304  missing tcp:8080 — re-applying
adb: device '5C161JEA304304' not found
[2026-05-19T09:00:18Z] 5C161JEA304304  re-apply tcp:8080 FAILED
[2026-05-19T09:00:18Z] 5C161JEA304304  missing tcp:8081 — re-applying
adb: device '5C161JEA304304' not found
[2026-05-19T09:00:18Z] 5C161JEA304304  re-apply tcp:8081 FAILED
[2026-05-19T09:00:18Z] 5C161JEA304304  missing tcp:4566 — re-applying
adb: device '5C161JEA304304' not found
[2026-05-19T09:00:18Z] 5C161JEA304304  re-apply tcp:4566 FAILED
[2026-05-19T09:00:33Z] 5C161JEA304304  missing tcp:8080 — re-applying
adb: device '5C161JEA304304' not found
[2026-05-19T09:00:33Z] 5C161JEA304304  re-apply tcp:8080 FAILED
[2026-05-19T09:00:33Z] 5C161JEA304304  missing tcp:8081 — re-applying
adb: device '5C161JEA304304' not found
[2026-05-19T09:00:33Z] 5C161JEA304304  re-apply tcp:8081 FAILED
[2026-05-19T09:00:33Z] 5C161JEA304304  missing tcp:4566 — re-applying
adb: device '5C161JEA304304' not found
[2026-05-19T09:00:33Z] 5C161JEA304304  re-apply tcp:4566 FAILED
[2026-05-19T09:00:48Z] 5C161JEA304304  missing tcp:8080 — re-applying
adb: device '5C161JEA304304' not found
[2026-05-19T09:00:48Z] 5C161JEA304304  re-apply tcp:8080 FAILED
[2026-05-19T09:00:48Z] 5C161JEA304304  missing tcp:8081 — re-applying
adb: device '5C161JEA304304' not found
[2026-05-19T09:00:48Z] 5C161JEA304304  re-apply tcp:8081 FAILED
[2026-05-19T09:00:48Z] 5C161JEA304304  missing tcp:4566 — re-applying
adb: device '5C161JEA304304' not found
[2026-05-19T09:00:48Z] 5C161JEA304304  re-apply tcp:4566 FAILED
[2026-05-19T09:01:03Z] 5C161JEA304304  missing tcp:8080 — re-applying
adb: device '5C161JEA304304' not found
[2026-05-19T09:01:03Z] 5C161JEA304304  re-apply tcp:8080 FAILED
[2026-05-19T09:01:03Z] 5C161JEA304304  missing tcp:8081 — re-applying
adb: device '5C161JEA304304' not found
[2026-05-19T09:01:03Z] 5C161JEA304304  re-apply tcp:8081 FAILED
[2026-05-19T09:01:03Z] 5C161JEA304304  missing tcp:4566 — re-applying
adb: device '5C161JEA304304' not found
[2026-05-19T09:01:03Z] 5C161JEA304304  re-apply tcp:4566 FAILED
[2026-05-19T09:01:18Z] 5C161JEA304304  missing tcp:8080 — re-applying
adb: device '5C161JEA304304' not found
[2026-05-19T09:01:18Z] 5C161JEA304304  re-apply tcp:8080 FAILED
[2026-05-19T09:01:19Z] 5C161JEA304304  missing tcp:8081 — re-applying
adb: device '5C161JEA304304' not found
[2026-05-19T09:01:19Z] 5C161JEA304304  re-apply tcp:8081 FAILED
[2026-05-19T09:01:19Z] 5C161JEA304304  missing tcp:4566 — re-applying
adb: device '5C161JEA304304' not found
[2026-05-19T09:01:19Z] 5C161JEA304304  re-apply tcp:4566 FAILED
[2026-05-19T09:01:34Z] 5C161JEA304304  missing tcp:8080 — re-applying
adb: device '5C161JEA304304' not found
[2026-05-19T09:01:34Z] 5C161JEA304304  re-apply tcp:8080 FAILED
[2026-05-19T09:01:34Z] 5C161JEA304304  missing tcp:8081 — re-applying
adb: device '5C161JEA304304' not found
[2026-05-19T09:01:34Z] 5C161JEA304304  re-apply tcp:8081 FAILED
[2026-05-19T09:01:34Z] 5C161JEA304304  missing tcp:4566 — re-applying
adb: device '5C161JEA304304' not found
[2026-05-19T09:01:34Z] 5C161JEA304304  re-apply tcp:4566 FAILED
[2026-05-19T09:01:49Z] 5C161JEA304304  missing tcp:8080 — re-applying
adb: device '5C161JEA304304' not found
[2026-05-19T09:01:49Z] 5C161JEA304304  re-apply tcp:8080 FAILED
[2026-05-19T09:01:49Z] 5C161JEA304304  missing tcp:8081 — re-applying
adb: device '5C161JEA304304' not found
[2026-05-19T09:01:49Z] 5C161JEA304304  re-apply tcp:8081 FAILED
[2026-05-19T09:01:49Z] 5C161JEA304304  missing tcp:4566 — re-applying
adb: device '5C161JEA304304' not found
[2026-05-19T09:01:49Z] 5C161JEA304304  re-apply tcp:4566 FAILED
[2026-05-19T09:02:04Z] 5C161JEA304304  missing tcp:8080 — re-applying
adb: device '5C161JEA304304' not found
[2026-05-19T09:02:04Z] 5C161JEA304304  re-apply tcp:8080 FAILED
[2026-05-19T09:02:04Z] 5C161JEA304304  missing tcp:8081 — re-applying
adb: device '5C161JEA304304' not found
[2026-05-19T09:02:04Z] 5C161JEA304304  re-apply tcp:8081 FAILED
[2026-05-19T09:02:04Z] 5C161JEA304304  missing tcp:4566 — re-applying
adb: device '5C161JEA304304' not found
[2026-05-19T09:02:04Z] 5C161JEA304304  re-apply tcp:4566 FAILED
[2026-05-19T09:02:19Z] 5C161JEA304304  missing tcp:8080 — re-applying
adb: device '5C161JEA304304' not found
[2026-05-19T09:02:19Z] 5C161JEA304304  re-apply tcp:8080 FAILED
[2026-05-19T09:02:19Z] 5C161JEA304304  missing tcp:8081 — re-applying
adb: device '5C161JEA304304' not found
[2026-05-19T09:02:19Z] 5C161JEA304304  re-apply tcp:8081 FAILED
[2026-05-19T09:02:19Z] 5C161JEA304304  missing tcp:4566 — re-applying
adb: device '5C161JEA304304' not found
[2026-05-19T09:02:19Z] 5C161JEA304304  re-apply tcp:4566 FAILED
[2026-05-19T09:02:34Z] 5C161JEA304304  missing tcp:8080 — re-applying
adb: device '5C161JEA304304' not found
[2026-05-19T09:02:34Z] 5C161JEA304304  re-apply tcp:8080 FAILED
[2026-05-19T09:02:34Z] 5C161JEA304304  missing tcp:8081 — re-applying
adb: device '5C161JEA304304' not found
[2026-05-19T09:02:34Z] 5C161JEA304304  re-apply tcp:8081 FAILED
[2026-05-19T09:02:34Z] 5C161JEA304304  missing tcp:4566 — re-applying
adb: device '5C161JEA304304' not found
[2026-05-19T09:02:34Z] 5C161JEA304304  re-apply tcp:4566 FAILED
[2026-05-19T09:02:49Z] 5C161JEA304304  missing tcp:8080 — re-applying
adb: device '5C161JEA304304' not found
[2026-05-19T09:02:49Z] 5C161JEA304304  re-apply tcp:8080 FAILED
[2026-05-19T09:02:49Z] 5C161JEA304304  missing tcp:8081 — re-applying
adb: device '5C161JEA304304' not found
[2026-05-19T09:02:49Z] 5C161JEA304304  re-apply tcp:8081 FAILED
[2026-05-19T09:02:49Z] 5C161JEA304304  missing tcp:4566 — re-applying
adb: device '5C161JEA304304' not found
[2026-05-19T09:02:49Z] 5C161JEA304304  re-apply tcp:4566 FAILED
[2026-05-19T09:03:04Z] 5C161JEA304304  missing tcp:8080 — re-applying
adb: device '5C161JEA304304' not found
[2026-05-19T09:03:04Z] 5C161JEA304304  re-apply tcp:8080 FAILED
[2026-05-19T09:03:04Z] 5C161JEA304304  missing tcp:8081 — re-applying
adb: device '5C161JEA304304' not found
[2026-05-19T09:03:04Z] 5C161JEA304304  re-apply tcp:8081 FAILED
[2026-05-19T09:03:04Z] 5C161JEA304304  missing tcp:4566 — re-applying
adb: device '5C161JEA304304' not found
[2026-05-19T09:03:04Z] 5C161JEA304304  re-apply tcp:4566 FAILED
[2026-05-19T09:03:20Z] 5C161JEA304304  missing tcp:8080 — re-applying
adb: device '5C161JEA304304' not found
[2026-05-19T09:03:20Z] 5C161JEA304304  re-apply tcp:8080 FAILED
[2026-05-19T09:03:20Z] 5C161JEA304304  missing tcp:8081 — re-applying
adb: device '5C161JEA304304' not found
[2026-05-19T09:03:20Z] 5C161JEA304304  re-apply tcp:8081 FAILED
[2026-05-19T09:03:20Z] 5C161JEA304304  missing tcp:4566 — re-applying
adb: device '5C161JEA304304' not found
[2026-05-19T09:03:20Z] 5C161JEA304304  re-apply tcp:4566 FAILED
[2026-05-19T09:03:35Z] 5C161JEA304304  missing tcp:8080 — re-applying
adb: device '5C161JEA304304' not found
[2026-05-19T09:03:35Z] 5C161JEA304304  re-apply tcp:8080 FAILED
[2026-05-19T09:03:35Z] 5C161JEA304304  missing tcp:8081 — re-applying
adb: device '5C161JEA304304' not found
[2026-05-19T09:03:35Z] 5C161JEA304304  re-apply tcp:8081 FAILED
[2026-05-19T09:03:35Z] 5C161JEA304304  missing tcp:4566 — re-applying
adb: device '5C161JEA304304' not found
[2026-05-19T09:03:35Z] 5C161JEA304304  re-apply tcp:4566 FAILED
[2026-05-19T09:03:50Z] 5C161JEA304304  missing tcp:8080 — re-applying
adb: device '5C161JEA304304' not found
[2026-05-19T09:03:50Z] 5C161JEA304304  re-apply tcp:8080 FAILED
[2026-05-19T09:03:50Z] 5C161JEA304304  missing tcp:8081 — re-applying
adb: device '5C161JEA304304' not found
[2026-05-19T09:03:50Z] 5C161JEA304304  re-apply tcp:8081 FAILED
[2026-05-19T09:03:50Z] 5C161JEA304304  missing tcp:4566 — re-applying
adb: device '5C161JEA304304' not found
[2026-05-19T09:03:50Z] 5C161JEA304304  re-apply tcp:4566 FAILED
[2026-05-19T09:04:05Z] 5C161JEA304304  missing tcp:8080 — re-applying
adb: device '5C161JEA304304' not found
[2026-05-19T09:04:05Z] 5C161JEA304304  re-apply tcp:8080 FAILED
[2026-05-19T09:04:05Z] 5C161JEA304304  missing tcp:8081 — re-applying
adb: device '5C161JEA304304' not found
[2026-05-19T09:04:05Z] 5C161JEA304304  re-apply tcp:8081 FAILED
[2026-05-19T09:04:05Z] 5C161JEA304304  missing tcp:4566 — re-applying
adb: device '5C161JEA304304' not found
[2026-05-19T09:04:05Z] 5C161JEA304304  re-apply tcp:4566 FAILED
[2026-05-19T09:04:20Z] 5C161JEA304304  missing tcp:8080 — re-applying
adb: device '5C161JEA304304' not found
[2026-05-19T09:04:20Z] 5C161JEA304304  re-apply tcp:8080 FAILED
[2026-05-19T09:04:20Z] 5C161JEA304304  missing tcp:8081 — re-applying
adb: device '5C161JEA304304' not found
[2026-05-19T09:04:20Z] 5C161JEA304304  re-apply tcp:8081 FAILED
[2026-05-19T09:04:20Z] 5C161JEA304304  missing tcp:4566 — re-applying
adb: device '5C161JEA304304' not found
[2026-05-19T09:04:20Z] 5C161JEA304304  re-apply tcp:4566 FAILED
[2026-05-19T09:04:35Z] 5C161JEA304304  missing tcp:8080 — re-applying
adb: device '5C161JEA304304' not found
[2026-05-19T09:04:35Z] 5C161JEA304304  re-apply tcp:8080 FAILED
[2026-05-19T09:04:35Z] 5C161JEA304304  missing tcp:8081 — re-applying
adb: device '5C161JEA304304' not found
[2026-05-19T09:04:35Z] 5C161JEA304304  re-apply tcp:8081 FAILED
[2026-05-19T09:04:35Z] 5C161JEA304304  missing tcp:4566 — re-applying
adb: device '5C161JEA304304' not found
[2026-05-19T09:04:35Z] 5C161JEA304304  re-apply tcp:4566 FAILED
[2026-05-19T09:04:50Z] 5C161JEA304304  missing tcp:8080 — re-applying
adb: device '5C161JEA304304' not found
[2026-05-19T09:04:50Z] 5C161JEA304304  re-apply tcp:8080 FAILED
[2026-05-19T09:04:50Z] 5C161JEA304304  missing tcp:8081 — re-applying
adb: device '5C161JEA304304' not found
[2026-05-19T09:04:50Z] 5C161JEA304304  re-apply tcp:8081 FAILED
[2026-05-19T09:04:50Z] 5C161JEA304304  missing tcp:4566 — re-applying
adb: device '5C161JEA304304' not found
[2026-05-19T09:04:50Z] 5C161JEA304304  re-apply tcp:4566 FAILED
[2026-05-19T09:05:06Z] 5C161JEA304304  missing tcp:8080 — re-applying
adb: device '5C161JEA304304' not found
[2026-05-19T09:05:06Z] 5C161JEA304304  re-apply tcp:8080 FAILED
[2026-05-19T09:05:06Z] 5C161JEA304304  missing tcp:8081 — re-applying
adb: device '5C161JEA304304' not found
[2026-05-19T09:05:06Z] 5C161JEA304304  re-apply tcp:8081 FAILED
[2026-05-19T09:05:06Z] 5C161JEA304304  missing tcp:4566 — re-applying
adb: device '5C161JEA304304' not found
[2026-05-19T09:05:06Z] 5C161JEA304304  re-apply tcp:4566 FAILED
[2026-05-19T09:05:21Z] 5C161JEA304304  missing tcp:8080 — re-applying
adb: device '5C161JEA304304' not found
[2026-05-19T09:05:21Z] 5C161JEA304304  re-apply tcp:8080 FAILED
[2026-05-19T09:05:21Z] 5C161JEA304304  missing tcp:8081 — re-applying
adb: device '5C161JEA304304' not found
[2026-05-19T09:05:21Z] 5C161JEA304304  re-apply tcp:8081 FAILED
[2026-05-19T09:05:21Z] 5C161JEA304304  missing tcp:4566 — re-applying
adb: device '5C161JEA304304' not found
[2026-05-19T09:05:21Z] 5C161JEA304304  re-apply tcp:4566 FAILED
[2026-05-19T09:05:36Z] 5C161JEA304304  missing tcp:8080 — re-applying
adb: device '5C161JEA304304' not found
[2026-05-19T09:05:36Z] 5C161JEA304304  re-apply tcp:8080 FAILED
[2026-05-19T09:05:36Z] 5C161JEA304304  missing tcp:8081 — re-applying
adb: device '5C161JEA304304' not found
[2026-05-19T09:05:36Z] 5C161JEA304304  re-apply tcp:8081 FAILED
[2026-05-19T09:05:36Z] 5C161JEA304304  missing tcp:4566 — re-applying
adb: device '5C161JEA304304' not found
[2026-05-19T09:05:36Z] 5C161JEA304304  re-apply tcp:4566 FAILED
[2026-05-19T09:05:51Z] 5C161JEA304304  missing tcp:8080 — re-applying
adb: device '5C161JEA304304' not found
[2026-05-19T09:05:51Z] 5C161JEA304304  re-apply tcp:8080 FAILED
[2026-05-19T09:05:51Z] 5C161JEA304304  missing tcp:8081 — re-applying
adb: device '5C161JEA304304' not found
[2026-05-19T09:05:51Z] 5C161JEA304304  re-apply tcp:8081 FAILED
[2026-05-19T09:05:51Z] 5C161JEA304304  missing tcp:4566 — re-applying
adb: device '5C161JEA304304' not found
[2026-05-19T09:05:51Z] 5C161JEA304304  re-apply tcp:4566 FAILED
[2026-05-19T09:06:06Z] 5C161JEA304304  missing tcp:8080 — re-applying
adb: device '5C161JEA304304' not found
[2026-05-19T09:06:06Z] 5C161JEA304304  re-apply tcp:8080 FAILED
[2026-05-19T09:06:06Z] 5C161JEA304304  missing tcp:8081 — re-applying
adb: device '5C161JEA304304' not found
[2026-05-19T09:06:06Z] 5C161JEA304304  re-apply tcp:8081 FAILED
[2026-05-19T09:06:06Z] 5C161JEA304304  missing tcp:4566 — re-applying
adb: device '5C161JEA304304' not found
[2026-05-19T09:06:06Z] 5C161JEA304304  re-apply tcp:4566 FAILED
[2026-05-19T09:06:21Z] 5C161JEA304304  missing tcp:8080 — re-applying
adb: device '5C161JEA304304' not found
[2026-05-19T09:06:21Z] 5C161JEA304304  re-apply tcp:8080 FAILED
[2026-05-19T09:06:21Z] 5C161JEA304304  missing tcp:8081 — re-applying
adb: device '5C161JEA304304' not found
[2026-05-19T09:06:21Z] 5C161JEA304304  re-apply tcp:8081 FAILED
[2026-05-19T09:06:21Z] 5C161JEA304304  missing tcp:4566 — re-applying
adb: device '5C161JEA304304' not found
[2026-05-19T09:06:21Z] 5C161JEA304304  re-apply tcp:4566 FAILED
[2026-05-19T09:06:36Z] 5C161JEA304304  missing tcp:8080 — re-applying
adb: device '5C161JEA304304' not found
[2026-05-19T09:06:36Z] 5C161JEA304304  re-apply tcp:8080 FAILED
[2026-05-19T09:06:36Z] 5C161JEA304304  missing tcp:8081 — re-applying
adb: device '5C161JEA304304' not found
[2026-05-19T09:06:36Z] 5C161JEA304304  re-apply tcp:8081 FAILED
[2026-05-19T09:06:36Z] 5C161JEA304304  missing tcp:4566 — re-applying
adb: device '5C161JEA304304' not found
[2026-05-19T09:06:36Z] 5C161JEA304304  re-apply tcp:4566 FAILED
[2026-05-19T09:06:51Z] 5C161JEA304304  missing tcp:8080 — re-applying
adb: device '5C161JEA304304' not found
[2026-05-19T09:06:51Z] 5C161JEA304304  re-apply tcp:8080 FAILED
[2026-05-19T09:06:51Z] 5C161JEA304304  missing tcp:8081 — re-applying
adb: device '5C161JEA304304' not found
[2026-05-19T09:06:51Z] 5C161JEA304304  re-apply tcp:8081 FAILED
[2026-05-19T09:06:51Z] 5C161JEA304304  missing tcp:4566 — re-applying
adb: device '5C161JEA304304' not found
[2026-05-19T09:06:51Z] 5C161JEA304304  re-apply tcp:4566 FAILED
[2026-05-19T09:07:07Z] 5C161JEA304304  missing tcp:8080 — re-applying
adb: device '5C161JEA304304' not found
[2026-05-19T09:07:07Z] 5C161JEA304304  re-apply tcp:8080 FAILED
[2026-05-19T09:07:07Z] 5C161JEA304304  missing tcp:8081 — re-applying
adb: device '5C161JEA304304' not found
[2026-05-19T09:07:07Z] 5C161JEA304304  re-apply tcp:8081 FAILED
[2026-05-19T09:07:07Z] 5C161JEA304304  missing tcp:4566 — re-applying
adb: device '5C161JEA304304' not found
[2026-05-19T09:07:07Z] 5C161JEA304304  re-apply tcp:4566 FAILED
[2026-05-19T09:07:22Z] 5C161JEA304304  missing tcp:8080 — re-applying
adb: device '5C161JEA304304' not found
[2026-05-19T09:07:22Z] 5C161JEA304304  re-apply tcp:8080 FAILED
[2026-05-19T09:07:22Z] 5C161JEA304304  missing tcp:8081 — re-applying
adb: device '5C161JEA304304' not found
[2026-05-19T09:07:22Z] 5C161JEA304304  re-apply tcp:8081 FAILED
[2026-05-19T09:07:22Z] 5C161JEA304304  missing tcp:4566 — re-applying
adb: device '5C161JEA304304' not found
[2026-05-19T09:07:22Z] 5C161JEA304304  re-apply tcp:4566 FAILED
[2026-05-19T09:07:37Z] 5C161JEA304304  missing tcp:8080 — re-applying
adb: device '5C161JEA304304' not found
[2026-05-19T09:07:37Z] 5C161JEA304304  re-apply tcp:8080 FAILED
[2026-05-19T09:07:37Z] 5C161JEA304304  missing tcp:8081 — re-applying
adb: device '5C161JEA304304' not found
[2026-05-19T09:07:37Z] 5C161JEA304304  re-apply tcp:8081 FAILED
[2026-05-19T09:07:37Z] 5C161JEA304304  missing tcp:4566 — re-applying
adb: device '5C161JEA304304' not found
[2026-05-19T09:07:37Z] 5C161JEA304304  re-apply tcp:4566 FAILED
[2026-05-19T09:07:52Z] 5C161JEA304304  missing tcp:8080 — re-applying
adb: device '5C161JEA304304' not found
[2026-05-19T09:07:52Z] 5C161JEA304304  re-apply tcp:8080 FAILED
[2026-05-19T09:07:52Z] 5C161JEA304304  missing tcp:8081 — re-applying
adb: device '5C161JEA304304' not found
[2026-05-19T09:07:52Z] 5C161JEA304304  re-apply tcp:8081 FAILED
[2026-05-19T09:07:52Z] 5C161JEA304304  missing tcp:4566 — re-applying
adb: device '5C161JEA304304' not found
[2026-05-19T09:07:52Z] 5C161JEA304304  re-apply tcp:4566 FAILED
[2026-05-19T09:08:07Z] 5C161JEA304304  missing tcp:8080 — re-applying
adb: device '5C161JEA304304' not found
[2026-05-19T09:08:07Z] 5C161JEA304304  re-apply tcp:8080 FAILED
[2026-05-19T09:08:07Z] 5C161JEA304304  missing tcp:8081 — re-applying
adb: device '5C161JEA304304' not found
[2026-05-19T09:08:07Z] 5C161JEA304304  re-apply tcp:8081 FAILED
[2026-05-19T09:08:07Z] 5C161JEA304304  missing tcp:4566 — re-applying
adb: device '5C161JEA304304' not found
[2026-05-19T09:08:07Z] 5C161JEA304304  re-apply tcp:4566 FAILED
[2026-05-19T09:08:22Z] 5C161JEA304304  missing tcp:8080 — re-applying
adb: device '5C161JEA304304' not found
[2026-05-19T09:08:22Z] 5C161JEA304304  re-apply tcp:8080 FAILED
[2026-05-19T09:08:22Z] 5C161JEA304304  missing tcp:8081 — re-applying
adb: device '5C161JEA304304' not found
[2026-05-19T09:08:22Z] 5C161JEA304304  re-apply tcp:8081 FAILED
[2026-05-19T09:08:22Z] 5C161JEA304304  missing tcp:4566 — re-applying
adb: device '5C161JEA304304' not found
[2026-05-19T09:08:22Z] 5C161JEA304304  re-apply tcp:4566 FAILED
[2026-05-19T09:08:37Z] 5C161JEA304304  missing tcp:8080 — re-applying
adb: device '5C161JEA304304' not found
[2026-05-19T09:08:37Z] 5C161JEA304304  re-apply tcp:8080 FAILED
[2026-05-19T09:08:37Z] 5C161JEA304304  missing tcp:8081 — re-applying
adb: device '5C161JEA304304' not found
[2026-05-19T09:08:37Z] 5C161JEA304304  re-apply tcp:8081 FAILED
[2026-05-19T09:08:37Z] 5C161JEA304304  missing tcp:4566 — re-applying
adb: device '5C161JEA304304' not found
[2026-05-19T09:08:37Z] 5C161JEA304304  re-apply tcp:4566 FAILED
[2026-05-19T09:08:52Z] 5C161JEA304304  missing tcp:8080 — re-applying
adb: device '5C161JEA304304' not found
[2026-05-19T09:08:52Z] 5C161JEA304304  re-apply tcp:8080 FAILED
[2026-05-19T09:08:53Z] 5C161JEA304304  missing tcp:8081 — re-applying
adb: device '5C161JEA304304' not found
[2026-05-19T09:08:53Z] 5C161JEA304304  re-apply tcp:8081 FAILED
[2026-05-19T09:08:53Z] 5C161JEA304304  missing tcp:4566 — re-applying
adb: device '5C161JEA304304' not found
[2026-05-19T09:08:53Z] 5C161JEA304304  re-apply tcp:4566 FAILED
[2026-05-19T09:09:08Z] 5C161JEA304304  missing tcp:8080 — re-applying
adb: device '5C161JEA304304' not found
[2026-05-19T09:09:08Z] 5C161JEA304304  re-apply tcp:8080 FAILED
[2026-05-19T09:09:08Z] 5C161JEA304304  missing tcp:8081 — re-applying
adb: device '5C161JEA304304' not found
[2026-05-19T09:09:08Z] 5C161JEA304304  re-apply tcp:8081 FAILED
[2026-05-19T09:09:08Z] 5C161JEA304304  missing tcp:4566 — re-applying
adb: device '5C161JEA304304' not found
[2026-05-19T09:09:08Z] 5C161JEA304304  re-apply tcp:4566 FAILED
[2026-05-19T09:09:23Z] 5C161JEA304304  missing tcp:8080 — re-applying
adb: device '5C161JEA304304' not found
[2026-05-19T09:09:23Z] 5C161JEA304304  re-apply tcp:8080 FAILED
[2026-05-19T09:09:23Z] 5C161JEA304304  missing tcp:8081 — re-applying
adb: device '5C161JEA304304' not found
[2026-05-19T09:09:23Z] 5C161JEA304304  re-apply tcp:8081 FAILED
[2026-05-19T09:09:23Z] 5C161JEA304304  missing tcp:4566 — re-applying
adb: device '5C161JEA304304' not found
[2026-05-19T09:09:23Z] 5C161JEA304304  re-apply tcp:4566 FAILED
[2026-05-19T09:09:38Z] 5C161JEA304304  missing tcp:8080 — re-applying
adb: device '5C161JEA304304' not found
[2026-05-19T09:09:38Z] 5C161JEA304304  re-apply tcp:8080 FAILED
[2026-05-19T09:09:38Z] 5C161JEA304304  missing tcp:8081 — re-applying
adb: device '5C161JEA304304' not found
[2026-05-19T09:09:38Z] 5C161JEA304304  re-apply tcp:8081 FAILED
[2026-05-19T09:09:38Z] 5C161JEA304304  missing tcp:4566 — re-applying
adb: device '5C161JEA304304' not found
[2026-05-19T09:09:38Z] 5C161JEA304304  re-apply tcp:4566 FAILED
[2026-05-19T09:09:53Z] 5C161JEA304304  missing tcp:8080 — re-applying
adb: device '5C161JEA304304' not found
[2026-05-19T09:09:53Z] 5C161JEA304304  re-apply tcp:8080 FAILED
[2026-05-19T09:09:53Z] 5C161JEA304304  missing tcp:8081 — re-applying
adb: device '5C161JEA304304' not found
[2026-05-19T09:09:53Z] 5C161JEA304304  re-apply tcp:8081 FAILED
[2026-05-19T09:09:53Z] 5C161JEA304304  missing tcp:4566 — re-applying
adb: device '5C161JEA304304' not found
[2026-05-19T09:09:53Z] 5C161JEA304304  re-apply tcp:4566 FAILED
[2026-05-19T09:10:08Z] 5C161JEA304304  missing tcp:8080 — re-applying
adb: device '5C161JEA304304' not found
[2026-05-19T09:10:08Z] 5C161JEA304304  re-apply tcp:8080 FAILED
[2026-05-19T09:10:08Z] 5C161JEA304304  missing tcp:8081 — re-applying
adb: device '5C161JEA304304' not found
[2026-05-19T09:10:08Z] 5C161JEA304304  re-apply tcp:8081 FAILED
[2026-05-19T09:10:08Z] 5C161JEA304304  missing tcp:4566 — re-applying
adb: device '5C161JEA304304' not found
[2026-05-19T09:10:08Z] 5C161JEA304304  re-apply tcp:4566 FAILED
[2026-05-19T09:10:23Z] 5C161JEA304304  missing tcp:8080 — re-applying
adb: device '5C161JEA304304' not found
[2026-05-19T09:10:23Z] 5C161JEA304304  re-apply tcp:8080 FAILED
[2026-05-19T09:10:23Z] 5C161JEA304304  missing tcp:8081 — re-applying
adb: device '5C161JEA304304' not found
[2026-05-19T09:10:23Z] 5C161JEA304304  re-apply tcp:8081 FAILED
[2026-05-19T09:10:23Z] 5C161JEA304304  missing tcp:4566 — re-applying
adb: device '5C161JEA304304' not found
[2026-05-19T09:10:23Z] 5C161JEA304304  re-apply tcp:4566 FAILED
[2026-05-19T09:10:38Z] 5C161JEA304304  missing tcp:8080 — re-applying
adb: device '5C161JEA304304' not found
[2026-05-19T09:10:38Z] 5C161JEA304304  re-apply tcp:8080 FAILED
[2026-05-19T09:10:38Z] 5C161JEA304304  missing tcp:8081 — re-applying
adb: device '5C161JEA304304' not found
[2026-05-19T09:10:38Z] 5C161JEA304304  re-apply tcp:8081 FAILED
[2026-05-19T09:10:38Z] 5C161JEA304304  missing tcp:4566 — re-applying
adb: device '5C161JEA304304' not found
[2026-05-19T09:10:38Z] 5C161JEA304304  re-apply tcp:4566 FAILED
[2026-05-19T09:10:53Z] 5C161JEA304304  missing tcp:8080 — re-applying
adb: device '5C161JEA304304' not found
[2026-05-19T09:10:53Z] 5C161JEA304304  re-apply tcp:8080 FAILED
[2026-05-19T09:10:54Z] 5C161JEA304304  missing tcp:8081 — re-applying
adb: device '5C161JEA304304' not found
[2026-05-19T09:10:54Z] 5C161JEA304304  re-apply tcp:8081 FAILED
[2026-05-19T09:10:54Z] 5C161JEA304304  missing tcp:4566 — re-applying
adb: device '5C161JEA304304' not found
[2026-05-19T09:10:54Z] 5C161JEA304304  re-apply tcp:4566 FAILED
[2026-05-19T09:11:09Z] 5C161JEA304304  missing tcp:8080 — re-applying
adb: device '5C161JEA304304' not found
[2026-05-19T09:11:09Z] 5C161JEA304304  re-apply tcp:8080 FAILED
[2026-05-19T09:11:09Z] 5C161JEA304304  missing tcp:8081 — re-applying
adb: device '5C161JEA304304' not found
[2026-05-19T09:11:09Z] 5C161JEA304304  re-apply tcp:8081 FAILED
[2026-05-19T09:11:09Z] 5C161JEA304304  missing tcp:4566 — re-applying
adb: device '5C161JEA304304' not found
[2026-05-19T09:11:09Z] 5C161JEA304304  re-apply tcp:4566 FAILED
[2026-05-19T09:11:24Z] 5C161JEA304304  missing tcp:8080 — re-applying
adb: device '5C161JEA304304' not found
[2026-05-19T09:11:24Z] 5C161JEA304304  re-apply tcp:8080 FAILED
[2026-05-19T09:11:24Z] 5C161JEA304304  missing tcp:8081 — re-applying
adb: device '5C161JEA304304' not found
[2026-05-19T09:11:24Z] 5C161JEA304304  re-apply tcp:8081 FAILED
[2026-05-19T09:11:24Z] 5C161JEA304304  missing tcp:4566 — re-applying
adb: device '5C161JEA304304' not found
[2026-05-19T09:11:24Z] 5C161JEA304304  re-apply tcp:4566 FAILED
[2026-05-19T09:11:39Z] 5C161JEA304304  missing tcp:8080 — re-applying
adb: device '5C161JEA304304' not found
[2026-05-19T09:11:39Z] 5C161JEA304304  re-apply tcp:8080 FAILED
[2026-05-19T09:11:39Z] 5C161JEA304304  missing tcp:8081 — re-applying
adb: device '5C161JEA304304' not found
[2026-05-19T09:11:39Z] 5C161JEA304304  re-apply tcp:8081 FAILED
[2026-05-19T09:11:39Z] 5C161JEA304304  missing tcp:4566 — re-applying
adb: device '5C161JEA304304' not found
[2026-05-19T09:11:39Z] 5C161JEA304304  re-apply tcp:4566 FAILED
[2026-05-19T09:11:54Z] 5C161JEA304304  missing tcp:8080 — re-applying
adb: device '5C161JEA304304' not found
[2026-05-19T09:11:54Z] 5C161JEA304304  re-apply tcp:8080 FAILED
[2026-05-19T09:11:54Z] 5C161JEA304304  missing tcp:8081 — re-applying
adb: device '5C161JEA304304' not found
[2026-05-19T09:11:54Z] 5C161JEA304304  re-apply tcp:8081 FAILED
[2026-05-19T09:11:54Z] 5C161JEA304304  missing tcp:4566 — re-applying
adb: device '5C161JEA304304' not found
[2026-05-19T09:11:54Z] 5C161JEA304304  re-apply tcp:4566 FAILED
[2026-05-19T09:12:09Z] 5C161JEA304304  missing tcp:8080 — re-applying
adb: device '5C161JEA304304' not found
[2026-05-19T09:12:09Z] 5C161JEA304304  re-apply tcp:8080 FAILED
[2026-05-19T09:12:09Z] 5C161JEA304304  missing tcp:8081 — re-applying
adb: device '5C161JEA304304' not found
[2026-05-19T09:12:09Z] 5C161JEA304304  re-apply tcp:8081 FAILED
[2026-05-19T09:12:09Z] 5C161JEA304304  missing tcp:4566 — re-applying
adb: device '5C161JEA304304' not found
[2026-05-19T09:12:09Z] 5C161JEA304304  re-apply tcp:4566 FAILED
[2026-05-19T09:12:24Z] 5C161JEA304304  missing tcp:8080 — re-applying
adb: device '5C161JEA304304' not found
[2026-05-19T09:12:24Z] 5C161JEA304304  re-apply tcp:8080 FAILED
[2026-05-19T09:12:24Z] 5C161JEA304304  missing tcp:8081 — re-applying
adb: device '5C161JEA304304' not found
[2026-05-19T09:12:24Z] 5C161JEA304304  re-apply tcp:8081 FAILED
[2026-05-19T09:12:24Z] 5C161JEA304304  missing tcp:4566 — re-applying
adb: device '5C161JEA304304' not found
[2026-05-19T09:12:24Z] 5C161JEA304304  re-apply tcp:4566 FAILED
[2026-05-19T09:12:39Z] 5C161JEA304304  missing tcp:8080 — re-applying
adb: device '5C161JEA304304' not found
[2026-05-19T09:12:39Z] 5C161JEA304304  re-apply tcp:8080 FAILED
[2026-05-19T09:12:39Z] 5C161JEA304304  missing tcp:8081 — re-applying
adb: device '5C161JEA304304' not found
[2026-05-19T09:12:39Z] 5C161JEA304304  re-apply tcp:8081 FAILED
[2026-05-19T09:12:39Z] 5C161JEA304304  missing tcp:4566 — re-applying
adb: device '5C161JEA304304' not found
[2026-05-19T09:12:39Z] 5C161JEA304304  re-apply tcp:4566 FAILED
[2026-05-19T09:12:55Z] 5C161JEA304304  missing tcp:8080 — re-applying
adb: device '5C161JEA304304' not found
[2026-05-19T09:12:55Z] 5C161JEA304304  re-apply tcp:8080 FAILED
[2026-05-19T09:12:55Z] 5C161JEA304304  missing tcp:8081 — re-applying
adb: device '5C161JEA304304' not found
[2026-05-19T09:12:55Z] 5C161JEA304304  re-apply tcp:8081 FAILED
[2026-05-19T09:12:55Z] 5C161JEA304304  missing tcp:4566 — re-applying
adb: device '5C161JEA304304' not found
[2026-05-19T09:12:55Z] 5C161JEA304304  re-apply tcp:4566 FAILED
[2026-05-19T09:13:10Z] 5C161JEA304304  missing tcp:8080 — re-applying
adb: device '5C161JEA304304' not found
[2026-05-19T09:13:10Z] 5C161JEA304304  re-apply tcp:8080 FAILED
[2026-05-19T09:13:10Z] 5C161JEA304304  missing tcp:8081 — re-applying
adb: device '5C161JEA304304' not found
[2026-05-19T09:13:10Z] 5C161JEA304304  re-apply tcp:8081 FAILED
[2026-05-19T09:13:10Z] 5C161JEA304304  missing tcp:4566 — re-applying
adb: device '5C161JEA304304' not found
[2026-05-19T09:13:10Z] 5C161JEA304304  re-apply tcp:4566 FAILED
[2026-05-19T09:13:25Z] 5C161JEA304304  missing tcp:8080 — re-applying
adb: device '5C161JEA304304' not found
[2026-05-19T09:13:25Z] 5C161JEA304304  re-apply tcp:8080 FAILED
[2026-05-19T09:13:25Z] 5C161JEA304304  missing tcp:8081 — re-applying
adb: device '5C161JEA304304' not found
[2026-05-19T09:13:25Z] 5C161JEA304304  re-apply tcp:8081 FAILED
[2026-05-19T09:13:25Z] 5C161JEA304304  missing tcp:4566 — re-applying
adb: device '5C161JEA304304' not found
[2026-05-19T09:13:25Z] 5C161JEA304304  re-apply tcp:4566 FAILED
[2026-05-19T09:13:40Z] 5C161JEA304304  missing tcp:8080 — re-applying
adb: device '5C161JEA304304' not found
[2026-05-19T09:13:40Z] 5C161JEA304304  re-apply tcp:8080 FAILED
[2026-05-19T09:13:40Z] 5C161JEA304304  missing tcp:8081 — re-applying
adb: device '5C161JEA304304' not found
[2026-05-19T09:13:40Z] 5C161JEA304304  re-apply tcp:8081 FAILED
[2026-05-19T09:13:40Z] 5C161JEA304304  missing tcp:4566 — re-applying
adb: device '5C161JEA304304' not found
[2026-05-19T09:13:40Z] 5C161JEA304304  re-apply tcp:4566 FAILED
[2026-05-19T09:13:55Z] 5C161JEA304304  missing tcp:8080 — re-applying
adb: device '5C161JEA304304' not found
[2026-05-19T09:13:55Z] 5C161JEA304304  re-apply tcp:8080 FAILED
[2026-05-19T09:13:55Z] 5C161JEA304304  missing tcp:8081 — re-applying
adb: device '5C161JEA304304' not found
[2026-05-19T09:13:55Z] 5C161JEA304304  re-apply tcp:8081 FAILED
[2026-05-19T09:13:55Z] 5C161JEA304304  missing tcp:4566 — re-applying
adb: device '5C161JEA304304' not found
[2026-05-19T09:13:55Z] 5C161JEA304304  re-apply tcp:4566 FAILED
[2026-05-19T09:14:10Z] 5C161JEA304304  missing tcp:8080 — re-applying
adb: device '5C161JEA304304' not found
[2026-05-19T09:14:10Z] 5C161JEA304304  re-apply tcp:8080 FAILED
[2026-05-19T09:14:10Z] 5C161JEA304304  missing tcp:8081 — re-applying
adb: device '5C161JEA304304' not found
[2026-05-19T09:14:10Z] 5C161JEA304304  re-apply tcp:8081 FAILED
[2026-05-19T09:14:10Z] 5C161JEA304304  missing tcp:4566 — re-applying
adb: device '5C161JEA304304' not found
[2026-05-19T09:14:10Z] 5C161JEA304304  re-apply tcp:4566 FAILED
[2026-05-19T09:14:25Z] 5C161JEA304304  missing tcp:8080 — re-applying
adb: device '5C161JEA304304' not found
[2026-05-19T09:14:25Z] 5C161JEA304304  re-apply tcp:8080 FAILED
[2026-05-19T09:14:25Z] 5C161JEA304304  missing tcp:8081 — re-applying
adb: device '5C161JEA304304' not found
[2026-05-19T09:14:25Z] 5C161JEA304304  re-apply tcp:8081 FAILED
[2026-05-19T09:14:25Z] 5C161JEA304304  missing tcp:4566 — re-applying
adb: device '5C161JEA304304' not found
[2026-05-19T09:14:25Z] 5C161JEA304304  re-apply tcp:4566 FAILED
[2026-05-19T09:14:40Z] 5C161JEA304304  missing tcp:8080 — re-applying
adb: device '5C161JEA304304' not found
[2026-05-19T09:14:40Z] 5C161JEA304304  re-apply tcp:8080 FAILED
[2026-05-19T09:14:40Z] 5C161JEA304304  missing tcp:8081 — re-applying
adb: device '5C161JEA304304' not found
[2026-05-19T09:14:40Z] 5C161JEA304304  re-apply tcp:8081 FAILED
[2026-05-19T09:14:40Z] 5C161JEA304304  missing tcp:4566 — re-applying
adb: device '5C161JEA304304' not found
[2026-05-19T09:14:40Z] 5C161JEA304304  re-apply tcp:4566 FAILED
[2026-05-19T09:14:56Z] 5C161JEA304304  missing tcp:8080 — re-applying
adb: device '5C161JEA304304' not found
[2026-05-19T09:14:56Z] 5C161JEA304304  re-apply tcp:8080 FAILED
[2026-05-19T09:14:56Z] 5C161JEA304304  missing tcp:8081 — re-applying
adb: device '5C161JEA304304' not found
[2026-05-19T09:14:56Z] 5C161JEA304304  re-apply tcp:8081 FAILED
[2026-05-19T09:14:56Z] 5C161JEA304304  missing tcp:4566 — re-applying
adb: device '5C161JEA304304' not found
[2026-05-19T09:14:56Z] 5C161JEA304304  re-apply tcp:4566 FAILED
[2026-05-19T09:15:11Z] 5C161JEA304304  missing tcp:8080 — re-applying
adb: device '5C161JEA304304' not found
[2026-05-19T09:15:11Z] 5C161JEA304304  re-apply tcp:8080 FAILED
[2026-05-19T09:15:11Z] 5C161JEA304304  missing tcp:8081 — re-applying
adb: device '5C161JEA304304' not found
[2026-05-19T09:15:11Z] 5C161JEA304304  re-apply tcp:8081 FAILED
[2026-05-19T09:15:11Z] 5C161JEA304304  missing tcp:4566 — re-applying
adb: device '5C161JEA304304' not found
[2026-05-19T09:15:11Z] 5C161JEA304304  re-apply tcp:4566 FAILED
[2026-05-19T09:15:26Z] 5C161JEA304304  missing tcp:8080 — re-applying
adb: device '5C161JEA304304' not found
[2026-05-19T09:15:26Z] 5C161JEA304304  re-apply tcp:8080 FAILED
[2026-05-19T09:15:26Z] 5C161JEA304304  missing tcp:8081 — re-applying
adb: device '5C161JEA304304' not found
[2026-05-19T09:15:26Z] 5C161JEA304304  re-apply tcp:8081 FAILED
[2026-05-19T09:15:26Z] 5C161JEA304304  missing tcp:4566 — re-applying
adb: device '5C161JEA304304' not found
[2026-05-19T09:15:26Z] 5C161JEA304304  re-apply tcp:4566 FAILED
[2026-05-19T09:15:41Z] 5C161JEA304304  missing tcp:8080 — re-applying
adb: device '5C161JEA304304' not found
[2026-05-19T09:15:41Z] 5C161JEA304304  re-apply tcp:8080 FAILED
[2026-05-19T09:15:41Z] 5C161JEA304304  missing tcp:8081 — re-applying
adb: device '5C161JEA304304' not found
[2026-05-19T09:15:41Z] 5C161JEA304304  re-apply tcp:8081 FAILED
[2026-05-19T09:15:41Z] 5C161JEA304304  missing tcp:4566 — re-applying
adb: device '5C161JEA304304' not found
[2026-05-19T09:15:41Z] 5C161JEA304304  re-apply tcp:4566 FAILED
[2026-05-19T09:15:56Z] 5C161JEA304304  missing tcp:8080 — re-applying
adb: device '5C161JEA304304' not found
[2026-05-19T09:15:56Z] 5C161JEA304304  re-apply tcp:8080 FAILED
[2026-05-19T09:15:56Z] 5C161JEA304304  missing tcp:8081 — re-applying
adb: device '5C161JEA304304' not found
[2026-05-19T09:15:56Z] 5C161JEA304304  re-apply tcp:8081 FAILED
[2026-05-19T09:15:56Z] 5C161JEA304304  missing tcp:4566 — re-applying
adb: device '5C161JEA304304' not found
[2026-05-19T09:15:56Z] 5C161JEA304304  re-apply tcp:4566 FAILED
[2026-05-19T09:16:11Z] 5C161JEA304304  missing tcp:8080 — re-applying
adb: device '5C161JEA304304' not found
[2026-05-19T09:16:11Z] 5C161JEA304304  re-apply tcp:8080 FAILED
[2026-05-19T09:16:11Z] 5C161JEA304304  missing tcp:8081 — re-applying
adb: device '5C161JEA304304' not found
[2026-05-19T09:16:11Z] 5C161JEA304304  re-apply tcp:8081 FAILED
[2026-05-19T09:16:11Z] 5C161JEA304304  missing tcp:4566 — re-applying
adb: device '5C161JEA304304' not found
[2026-05-19T09:16:11Z] 5C161JEA304304  re-apply tcp:4566 FAILED
[2026-05-19T09:16:26Z] 5C161JEA304304  missing tcp:8080 — re-applying
adb: device '5C161JEA304304' not found
[2026-05-19T09:16:26Z] 5C161JEA304304  re-apply tcp:8080 FAILED
[2026-05-19T09:16:26Z] 5C161JEA304304  missing tcp:8081 — re-applying
adb: device '5C161JEA304304' not found
[2026-05-19T09:16:26Z] 5C161JEA304304  re-apply tcp:8081 FAILED
[2026-05-19T09:16:26Z] 5C161JEA304304  missing tcp:4566 — re-applying
adb: device '5C161JEA304304' not found
[2026-05-19T09:16:26Z] 5C161JEA304304  re-apply tcp:4566 FAILED
[2026-05-19T09:16:41Z] 5C161JEA304304  missing tcp:8080 — re-applying
adb: device '5C161JEA304304' not found
[2026-05-19T09:16:41Z] 5C161JEA304304  re-apply tcp:8080 FAILED
[2026-05-19T09:16:41Z] 5C161JEA304304  missing tcp:8081 — re-applying
adb: device '5C161JEA304304' not found
[2026-05-19T09:16:41Z] 5C161JEA304304  re-apply tcp:8081 FAILED
[2026-05-19T09:16:41Z] 5C161JEA304304  missing tcp:4566 — re-applying
adb: device '5C161JEA304304' not found
[2026-05-19T09:16:41Z] 5C161JEA304304  re-apply tcp:4566 FAILED
[2026-05-19T09:16:57Z] 5C161JEA304304  missing tcp:8080 — re-applying
adb: device '5C161JEA304304' not found
[2026-05-19T09:16:57Z] 5C161JEA304304  re-apply tcp:8080 FAILED
[2026-05-19T09:16:57Z] 5C161JEA304304  missing tcp:8081 — re-applying
adb: device '5C161JEA304304' not found
[2026-05-19T09:16:57Z] 5C161JEA304304  re-apply tcp:8081 FAILED
[2026-05-19T09:16:57Z] 5C161JEA304304  missing tcp:4566 — re-applying
adb: device '5C161JEA304304' not found
[2026-05-19T09:16:57Z] 5C161JEA304304  re-apply tcp:4566 FAILED
[2026-05-19T09:17:12Z] 5C161JEA304304  missing tcp:8080 — re-applying
adb: device '5C161JEA304304' not found
[2026-05-19T09:17:12Z] 5C161JEA304304  re-apply tcp:8080 FAILED
[2026-05-19T09:17:12Z] 5C161JEA304304  missing tcp:8081 — re-applying
adb: device '5C161JEA304304' not found
[2026-05-19T09:17:12Z] 5C161JEA304304  re-apply tcp:8081 FAILED
[2026-05-19T09:17:12Z] 5C161JEA304304  missing tcp:4566 — re-applying
adb: device '5C161JEA304304' not found
[2026-05-19T09:17:12Z] 5C161JEA304304  re-apply tcp:4566 FAILED
[2026-05-19T09:17:27Z] 5C161JEA304304  missing tcp:8080 — re-applying
adb: device '5C161JEA304304' not found
[2026-05-19T09:17:27Z] 5C161JEA304304  re-apply tcp:8080 FAILED
[2026-05-19T09:17:27Z] 5C161JEA304304  missing tcp:8081 — re-applying
adb: device '5C161JEA304304' not found
[2026-05-19T09:17:27Z] 5C161JEA304304  re-apply tcp:8081 FAILED
[2026-05-19T09:17:27Z] 5C161JEA304304  missing tcp:4566 — re-applying
adb: device '5C161JEA304304' not found
[2026-05-19T09:17:27Z] 5C161JEA304304  re-apply tcp:4566 FAILED
[2026-05-19T09:17:42Z] 5C161JEA304304  missing tcp:8080 — re-applying
adb: device '5C161JEA304304' not found
[2026-05-19T09:17:42Z] 5C161JEA304304  re-apply tcp:8080 FAILED
[2026-05-19T09:17:42Z] 5C161JEA304304  missing tcp:8081 — re-applying
adb: device '5C161JEA304304' not found
[2026-05-19T09:17:42Z] 5C161JEA304304  re-apply tcp:8081 FAILED
[2026-05-19T09:17:42Z] 5C161JEA304304  missing tcp:4566 — re-applying
adb: device '5C161JEA304304' not found
[2026-05-19T09:17:42Z] 5C161JEA304304  re-apply tcp:4566 FAILED
[2026-05-19T09:17:57Z] 5C161JEA304304  missing tcp:8080 — re-applying
adb: device '5C161JEA304304' not found
[2026-05-19T09:17:57Z] 5C161JEA304304  re-apply tcp:8080 FAILED
[2026-05-19T09:17:57Z] 5C161JEA304304  missing tcp:8081 — re-applying
adb: device '5C161JEA304304' not found
[2026-05-19T09:17:57Z] 5C161JEA304304  re-apply tcp:8081 FAILED
[2026-05-19T09:17:57Z] 5C161JEA304304  missing tcp:4566 — re-applying
adb: device '5C161JEA304304' not found
[2026-05-19T09:17:57Z] 5C161JEA304304  re-apply tcp:4566 FAILED
[2026-05-19T09:18:12Z] 5C161JEA304304  missing tcp:8080 — re-applying
adb: device '5C161JEA304304' not found
[2026-05-19T09:18:12Z] 5C161JEA304304  re-apply tcp:8080 FAILED
[2026-05-19T09:18:12Z] 5C161JEA304304  missing tcp:8081 — re-applying
adb: device '5C161JEA304304' not found
[2026-05-19T09:18:12Z] 5C161JEA304304  re-apply tcp:8081 FAILED
[2026-05-19T09:18:12Z] 5C161JEA304304  missing tcp:4566 — re-applying
adb: device '5C161JEA304304' not found
[2026-05-19T09:18:12Z] 5C161JEA304304  re-apply tcp:4566 FAILED
[2026-05-19T09:18:27Z] 5C161JEA304304  missing tcp:8080 — re-applying
adb: device '5C161JEA304304' not found
[2026-05-19T09:18:27Z] 5C161JEA304304  re-apply tcp:8080 FAILED
[2026-05-19T09:18:27Z] 5C161JEA304304  missing tcp:8081 — re-applying
adb: device '5C161JEA304304' not found
[2026-05-19T09:18:27Z] 5C161JEA304304  re-apply tcp:8081 FAILED
[2026-05-19T09:18:27Z] 5C161JEA304304  missing tcp:4566 — re-applying
adb: device '5C161JEA304304' not found
[2026-05-19T09:18:27Z] 5C161JEA304304  re-apply tcp:4566 FAILED
[2026-05-19T09:18:42Z] 5C161JEA304304  missing tcp:8080 — re-applying
adb: device '5C161JEA304304' not found
[2026-05-19T09:18:42Z] 5C161JEA304304  re-apply tcp:8080 FAILED
[2026-05-19T09:18:42Z] 5C161JEA304304  missing tcp:8081 — re-applying
adb: device '5C161JEA304304' not found
[2026-05-19T09:18:42Z] 5C161JEA304304  re-apply tcp:8081 FAILED
[2026-05-19T09:18:42Z] 5C161JEA304304  missing tcp:4566 — re-applying
adb: device '5C161JEA304304' not found
[2026-05-19T09:18:42Z] 5C161JEA304304  re-apply tcp:4566 FAILED
[2026-05-19T09:18:57Z] 5C161JEA304304  missing tcp:8080 — re-applying
adb: device '5C161JEA304304' not found
[2026-05-19T09:18:57Z] 5C161JEA304304  re-apply tcp:8080 FAILED
[2026-05-19T09:18:58Z] 5C161JEA304304  missing tcp:8081 — re-applying
adb: device '5C161JEA304304' not found
[2026-05-19T09:18:58Z] 5C161JEA304304  re-apply tcp:8081 FAILED
[2026-05-19T09:18:58Z] 5C161JEA304304  missing tcp:4566 — re-applying
adb: device '5C161JEA304304' not found
[2026-05-19T09:18:58Z] 5C161JEA304304  re-apply tcp:4566 FAILED
[2026-05-19T09:19:13Z] 5C161JEA304304  missing tcp:8080 — re-applying
adb: device '5C161JEA304304' not found
[2026-05-19T09:19:13Z] 5C161JEA304304  re-apply tcp:8080 FAILED
[2026-05-19T09:19:13Z] 5C161JEA304304  missing tcp:8081 — re-applying
adb: device '5C161JEA304304' not found
[2026-05-19T09:19:13Z] 5C161JEA304304  re-apply tcp:8081 FAILED
[2026-05-19T09:19:13Z] 5C161JEA304304  missing tcp:4566 — re-applying
adb: device '5C161JEA304304' not found
[2026-05-19T09:19:13Z] 5C161JEA304304  re-apply tcp:4566 FAILED
[2026-05-19T09:19:28Z] 5C161JEA304304  missing tcp:8080 — re-applying
adb: device '5C161JEA304304' not found
[2026-05-19T09:19:28Z] 5C161JEA304304  re-apply tcp:8080 FAILED
[2026-05-19T09:19:28Z] 5C161JEA304304  missing tcp:8081 — re-applying
adb: device '5C161JEA304304' not found
[2026-05-19T09:19:28Z] 5C161JEA304304  re-apply tcp:8081 FAILED
[2026-05-19T09:19:28Z] 5C161JEA304304  missing tcp:4566 — re-applying
adb: device '5C161JEA304304' not found
[2026-05-19T09:19:28Z] 5C161JEA304304  re-apply tcp:4566 FAILED
[2026-05-19T09:19:43Z] 5C161JEA304304  missing tcp:8080 — re-applying
adb: device '5C161JEA304304' not found
[2026-05-19T09:19:43Z] 5C161JEA304304  re-apply tcp:8080 FAILED
[2026-05-19T09:19:43Z] 5C161JEA304304  missing tcp:8081 — re-applying
adb: device '5C161JEA304304' not found
[2026-05-19T09:19:43Z] 5C161JEA304304  re-apply tcp:8081 FAILED
[2026-05-19T09:19:43Z] 5C161JEA304304  missing tcp:4566 — re-applying
adb: device '5C161JEA304304' not found
[2026-05-19T09:19:43Z] 5C161JEA304304  re-apply tcp:4566 FAILED
[2026-05-19T09:19:58Z] 5C161JEA304304  missing tcp:8080 — re-applying
adb: device '5C161JEA304304' not found
[2026-05-19T09:19:58Z] 5C161JEA304304  re-apply tcp:8080 FAILED
[2026-05-19T09:19:58Z] 5C161JEA304304  missing tcp:8081 — re-applying
adb: device '5C161JEA304304' not found
[2026-05-19T09:19:58Z] 5C161JEA304304  re-apply tcp:8081 FAILED
[2026-05-19T09:19:58Z] 5C161JEA304304  missing tcp:4566 — re-applying
adb: device '5C161JEA304304' not found
[2026-05-19T09:19:58Z] 5C161JEA304304  re-apply tcp:4566 FAILED
[2026-05-19T09:20:13Z] 5C161JEA304304  missing tcp:8080 — re-applying
adb: device '5C161JEA304304' not found
[2026-05-19T09:20:13Z] 5C161JEA304304  re-apply tcp:8080 FAILED
[2026-05-19T09:20:13Z] 5C161JEA304304  missing tcp:8081 — re-applying
adb: device '5C161JEA304304' not found
[2026-05-19T09:20:13Z] 5C161JEA304304  re-apply tcp:8081 FAILED
[2026-05-19T09:20:13Z] 5C161JEA304304  missing tcp:4566 — re-applying
adb: device '5C161JEA304304' not found
[2026-05-19T09:20:13Z] 5C161JEA304304  re-apply tcp:4566 FAILED
[2026-05-19T09:20:28Z] 5C161JEA304304  missing tcp:8080 — re-applying
adb: device '5C161JEA304304' not found
[2026-05-19T09:20:28Z] 5C161JEA304304  re-apply tcp:8080 FAILED
[2026-05-19T09:20:28Z] 5C161JEA304304  missing tcp:8081 — re-applying
adb: device '5C161JEA304304' not found
[2026-05-19T09:20:28Z] 5C161JEA304304  re-apply tcp:8081 FAILED
[2026-05-19T09:20:28Z] 5C161JEA304304  missing tcp:4566 — re-applying
adb: device '5C161JEA304304' not found
[2026-05-19T09:20:28Z] 5C161JEA304304  re-apply tcp:4566 FAILED
[2026-05-19T09:20:43Z] 5C161JEA304304  missing tcp:8080 — re-applying
adb: device '5C161JEA304304' not found
[2026-05-19T09:20:43Z] 5C161JEA304304  re-apply tcp:8080 FAILED
[2026-05-19T09:20:43Z] 5C161JEA304304  missing tcp:8081 — re-applying
adb: device '5C161JEA304304' not found
[2026-05-19T09:20:43Z] 5C161JEA304304  re-apply tcp:8081 FAILED
[2026-05-19T09:20:43Z] 5C161JEA304304  missing tcp:4566 — re-applying
adb: device '5C161JEA304304' not found
[2026-05-19T09:20:43Z] 5C161JEA304304  re-apply tcp:4566 FAILED
[2026-05-19T09:20:59Z] 5C161JEA304304  missing tcp:8080 — re-applying
adb: device '5C161JEA304304' not found
[2026-05-19T09:20:59Z] 5C161JEA304304  re-apply tcp:8080 FAILED
[2026-05-19T09:20:59Z] 5C161JEA304304  missing tcp:8081 — re-applying
adb: device '5C161JEA304304' not found
[2026-05-19T09:20:59Z] 5C161JEA304304  re-apply tcp:8081 FAILED
[2026-05-19T09:20:59Z] 5C161JEA304304  missing tcp:4566 — re-applying
adb: device '5C161JEA304304' not found
[2026-05-19T09:20:59Z] 5C161JEA304304  re-apply tcp:4566 FAILED
[2026-05-19T09:21:14Z] 5C161JEA304304  missing tcp:8080 — re-applying
adb: device '5C161JEA304304' not found
[2026-05-19T09:21:14Z] 5C161JEA304304  re-apply tcp:8080 FAILED
[2026-05-19T09:21:14Z] 5C161JEA304304  missing tcp:8081 — re-applying
adb: device '5C161JEA304304' not found
[2026-05-19T09:21:14Z] 5C161JEA304304  re-apply tcp:8081 FAILED
[2026-05-19T09:21:14Z] 5C161JEA304304  missing tcp:4566 — re-applying
adb: device '5C161JEA304304' not found
[2026-05-19T09:21:14Z] 5C161JEA304304  re-apply tcp:4566 FAILED
[2026-05-19T09:21:29Z] 5C161JEA304304  missing tcp:8080 — re-applying
adb: device '5C161JEA304304' not found
[2026-05-19T09:21:29Z] 5C161JEA304304  re-apply tcp:8080 FAILED
[2026-05-19T09:21:29Z] 5C161JEA304304  missing tcp:8081 — re-applying
adb: device '5C161JEA304304' not found
[2026-05-19T09:21:29Z] 5C161JEA304304  re-apply tcp:8081 FAILED
[2026-05-19T09:21:29Z] 5C161JEA304304  missing tcp:4566 — re-applying
adb: device '5C161JEA304304' not found
[2026-05-19T09:21:29Z] 5C161JEA304304  re-apply tcp:4566 FAILED
[2026-05-19T09:21:44Z] 5C161JEA304304  missing tcp:8080 — re-applying
adb: device '5C161JEA304304' not found
[2026-05-19T09:21:44Z] 5C161JEA304304  re-apply tcp:8080 FAILED
[2026-05-19T09:21:44Z] 5C161JEA304304  missing tcp:8081 — re-applying
adb: device '5C161JEA304304' not found
[2026-05-19T09:21:44Z] 5C161JEA304304  re-apply tcp:8081 FAILED
[2026-05-19T09:21:44Z] 5C161JEA304304  missing tcp:4566 — re-applying
adb: device '5C161JEA304304' not found
[2026-05-19T09:21:44Z] 5C161JEA304304  re-apply tcp:4566 FAILED
[2026-05-19T09:21:59Z] 5C161JEA304304  missing tcp:8080 — re-applying
adb: device '5C161JEA304304' not found
[2026-05-19T09:21:59Z] 5C161JEA304304  re-apply tcp:8080 FAILED
[2026-05-19T09:21:59Z] 5C161JEA304304  missing tcp:8081 — re-applying
adb: device '5C161JEA304304' not found
[2026-05-19T09:21:59Z] 5C161JEA304304  re-apply tcp:8081 FAILED
[2026-05-19T09:21:59Z] 5C161JEA304304  missing tcp:4566 — re-applying
adb: device '5C161JEA304304' not found
[2026-05-19T09:21:59Z] 5C161JEA304304  re-apply tcp:4566 FAILED
[2026-05-19T09:22:14Z] 5C161JEA304304  missing tcp:8080 — re-applying
adb: device '5C161JEA304304' not found
[2026-05-19T09:22:14Z] 5C161JEA304304  re-apply tcp:8080 FAILED
[2026-05-19T09:22:14Z] 5C161JEA304304  missing tcp:8081 — re-applying
adb: device '5C161JEA304304' not found
[2026-05-19T09:22:14Z] 5C161JEA304304  re-apply tcp:8081 FAILED
[2026-05-19T09:22:14Z] 5C161JEA304304  missing tcp:4566 — re-applying
adb: device '5C161JEA304304' not found
[2026-05-19T09:22:14Z] 5C161JEA304304  re-apply tcp:4566 FAILED
[2026-05-19T09:22:29Z] 5C161JEA304304  missing tcp:8080 — re-applying
adb: device '5C161JEA304304' not found
[2026-05-19T09:22:29Z] 5C161JEA304304  re-apply tcp:8080 FAILED
[2026-05-19T09:22:29Z] 5C161JEA304304  missing tcp:8081 — re-applying
adb: device '5C161JEA304304' not found
[2026-05-19T09:22:29Z] 5C161JEA304304  re-apply tcp:8081 FAILED
[2026-05-19T09:22:29Z] 5C161JEA304304  missing tcp:4566 — re-applying
adb: device '5C161JEA304304' not found
[2026-05-19T09:22:29Z] 5C161JEA304304  re-apply tcp:4566 FAILED
[2026-05-19T09:22:44Z] 5C161JEA304304  missing tcp:8080 — re-applying
adb: device '5C161JEA304304' not found
[2026-05-19T09:22:44Z] 5C161JEA304304  re-apply tcp:8080 FAILED
[2026-05-19T09:22:44Z] 5C161JEA304304  missing tcp:8081 — re-applying
adb: device '5C161JEA304304' not found
[2026-05-19T09:22:44Z] 5C161JEA304304  re-apply tcp:8081 FAILED
[2026-05-19T09:22:44Z] 5C161JEA304304  missing tcp:4566 — re-applying
adb: device '5C161JEA304304' not found
[2026-05-19T09:22:44Z] 5C161JEA304304  re-apply tcp:4566 FAILED
[2026-05-19T09:23:00Z] 5C161JEA304304  missing tcp:8080 — re-applying
adb: device '5C161JEA304304' not found
[2026-05-19T09:23:00Z] 5C161JEA304304  re-apply tcp:8080 FAILED
[2026-05-19T09:23:00Z] 5C161JEA304304  missing tcp:8081 — re-applying
adb: device '5C161JEA304304' not found
[2026-05-19T09:23:00Z] 5C161JEA304304  re-apply tcp:8081 FAILED
[2026-05-19T09:23:00Z] 5C161JEA304304  missing tcp:4566 — re-applying
adb: device '5C161JEA304304' not found
[2026-05-19T09:23:00Z] 5C161JEA304304  re-apply tcp:4566 FAILED
[2026-05-19T09:23:15Z] 5C161JEA304304  missing tcp:8080 — re-applying
adb: device '5C161JEA304304' not found
[2026-05-19T09:23:15Z] 5C161JEA304304  re-apply tcp:8080 FAILED
[2026-05-19T09:23:15Z] 5C161JEA304304  missing tcp:8081 — re-applying
adb: device '5C161JEA304304' not found
[2026-05-19T09:23:15Z] 5C161JEA304304  re-apply tcp:8081 FAILED
[2026-05-19T09:23:15Z] 5C161JEA304304  missing tcp:4566 — re-applying
adb: device '5C161JEA304304' not found
[2026-05-19T09:23:15Z] 5C161JEA304304  re-apply tcp:4566 FAILED
[2026-05-19T09:23:30Z] 5C161JEA304304  missing tcp:8080 — re-applying
adb: device '5C161JEA304304' not found
[2026-05-19T09:23:30Z] 5C161JEA304304  re-apply tcp:8080 FAILED
[2026-05-19T09:23:30Z] 5C161JEA304304  missing tcp:8081 — re-applying
adb: device '5C161JEA304304' not found
[2026-05-19T09:23:30Z] 5C161JEA304304  re-apply tcp:8081 FAILED
[2026-05-19T09:23:30Z] 5C161JEA304304  missing tcp:4566 — re-applying
adb: device '5C161JEA304304' not found
[2026-05-19T09:23:30Z] 5C161JEA304304  re-apply tcp:4566 FAILED
[2026-05-19T09:23:45Z] 5C161JEA304304  missing tcp:8080 — re-applying
adb: device '5C161JEA304304' not found
[2026-05-19T09:23:45Z] 5C161JEA304304  re-apply tcp:8080 FAILED
[2026-05-19T09:23:45Z] 5C161JEA304304  missing tcp:8081 — re-applying
adb: device '5C161JEA304304' not found
[2026-05-19T09:23:45Z] 5C161JEA304304  re-apply tcp:8081 FAILED
[2026-05-19T09:23:45Z] 5C161JEA304304  missing tcp:4566 — re-applying
adb: device '5C161JEA304304' not found
[2026-05-19T09:23:45Z] 5C161JEA304304  re-apply tcp:4566 FAILED
[2026-05-19T09:24:00Z] 5C161JEA304304  missing tcp:8080 — re-applying
adb: device '5C161JEA304304' not found
[2026-05-19T09:24:00Z] 5C161JEA304304  re-apply tcp:8080 FAILED
[2026-05-19T09:24:00Z] 5C161JEA304304  missing tcp:8081 — re-applying
adb: device '5C161JEA304304' not found
[2026-05-19T09:24:00Z] 5C161JEA304304  re-apply tcp:8081 FAILED
[2026-05-19T09:24:00Z] 5C161JEA304304  missing tcp:4566 — re-applying
adb: device '5C161JEA304304' not found
[2026-05-19T09:24:00Z] 5C161JEA304304  re-apply tcp:4566 FAILED
[2026-05-19T09:24:15Z] 5C161JEA304304  missing tcp:8080 — re-applying
adb: device '5C161JEA304304' not found
[2026-05-19T09:24:15Z] 5C161JEA304304  re-apply tcp:8080 FAILED
[2026-05-19T09:24:15Z] 5C161JEA304304  missing tcp:8081 — re-applying
adb: device '5C161JEA304304' not found
[2026-05-19T09:24:15Z] 5C161JEA304304  re-apply tcp:8081 FAILED
[2026-05-19T09:24:15Z] 5C161JEA304304  missing tcp:4566 — re-applying
adb: device '5C161JEA304304' not found
[2026-05-19T09:24:15Z] 5C161JEA304304  re-apply tcp:4566 FAILED
[2026-05-19T09:24:30Z] 5C161JEA304304  missing tcp:8080 — re-applying
adb: device '5C161JEA304304' not found
[2026-05-19T09:24:30Z] 5C161JEA304304  re-apply tcp:8080 FAILED
[2026-05-19T09:24:30Z] 5C161JEA304304  missing tcp:8081 — re-applying
adb: device '5C161JEA304304' not found
[2026-05-19T09:24:30Z] 5C161JEA304304  re-apply tcp:8081 FAILED
[2026-05-19T09:24:30Z] 5C161JEA304304  missing tcp:4566 — re-applying
adb: device '5C161JEA304304' not found
[2026-05-19T09:24:30Z] 5C161JEA304304  re-apply tcp:4566 FAILED
[2026-05-19T09:24:45Z] 5C161JEA304304  missing tcp:8080 — re-applying
adb: device '5C161JEA304304' not found
[2026-05-19T09:24:45Z] 5C161JEA304304  re-apply tcp:8080 FAILED
[2026-05-19T09:24:45Z] 5C161JEA304304  missing tcp:8081 — re-applying
adb: device '5C161JEA304304' not found
[2026-05-19T09:24:45Z] 5C161JEA304304  re-apply tcp:8081 FAILED
[2026-05-19T09:24:46Z] 5C161JEA304304  missing tcp:4566 — re-applying
adb: device '5C161JEA304304' not found
[2026-05-19T09:24:46Z] 5C161JEA304304  re-apply tcp:4566 FAILED
[2026-05-19T09:25:01Z] 5C161JEA304304  missing tcp:8080 — re-applying
adb: device '5C161JEA304304' not found
[2026-05-19T09:25:01Z] 5C161JEA304304  re-apply tcp:8080 FAILED
[2026-05-19T09:25:01Z] 5C161JEA304304  missing tcp:8081 — re-applying
adb: device '5C161JEA304304' not found
[2026-05-19T09:25:01Z] 5C161JEA304304  re-apply tcp:8081 FAILED
[2026-05-19T09:25:01Z] 5C161JEA304304  missing tcp:4566 — re-applying
adb: device '5C161JEA304304' not found
[2026-05-19T09:25:01Z] 5C161JEA304304  re-apply tcp:4566 FAILED
[2026-05-19T09:25:16Z] 5C161JEA304304  missing tcp:8080 — re-applying
adb: device '5C161JEA304304' not found
[2026-05-19T09:25:16Z] 5C161JEA304304  re-apply tcp:8080 FAILED
[2026-05-19T09:25:16Z] 5C161JEA304304  missing tcp:8081 — re-applying
adb: device '5C161JEA304304' not found
[2026-05-19T09:25:16Z] 5C161JEA304304  re-apply tcp:8081 FAILED
[2026-05-19T09:25:16Z] 5C161JEA304304  missing tcp:4566 — re-applying
adb: device '5C161JEA304304' not found
[2026-05-19T09:25:16Z] 5C161JEA304304  re-apply tcp:4566 FAILED
[2026-05-19T09:25:31Z] 5C161JEA304304  missing tcp:8080 — re-applying
adb: device '5C161JEA304304' not found
[2026-05-19T09:25:31Z] 5C161JEA304304  re-apply tcp:8080 FAILED
[2026-05-19T09:25:31Z] 5C161JEA304304  missing tcp:8081 — re-applying
adb: device '5C161JEA304304' not found
[2026-05-19T09:25:31Z] 5C161JEA304304  re-apply tcp:8081 FAILED
[2026-05-19T09:25:31Z] 5C161JEA304304  missing tcp:4566 — re-applying
adb: device '5C161JEA304304' not found
[2026-05-19T09:25:31Z] 5C161JEA304304  re-apply tcp:4566 FAILED
[2026-05-19T09:25:46Z] 5C161JEA304304  missing tcp:8080 — re-applying
adb: device '5C161JEA304304' not found
[2026-05-19T09:25:46Z] 5C161JEA304304  re-apply tcp:8080 FAILED
[2026-05-19T09:25:46Z] 5C161JEA304304  missing tcp:8081 — re-applying
adb: device '5C161JEA304304' not found
[2026-05-19T09:25:46Z] 5C161JEA304304  re-apply tcp:8081 FAILED
[2026-05-19T09:25:46Z] 5C161JEA304304  missing tcp:4566 — re-applying
adb: device '5C161JEA304304' not found
[2026-05-19T09:25:46Z] 5C161JEA304304  re-apply tcp:4566 FAILED
[2026-05-19T09:26:01Z] 5C161JEA304304  missing tcp:8080 — re-applying
adb: device '5C161JEA304304' not found
[2026-05-19T09:26:01Z] 5C161JEA304304  re-apply tcp:8080 FAILED
[2026-05-19T09:26:01Z] 5C161JEA304304  missing tcp:8081 — re-applying
adb: device '5C161JEA304304' not found
[2026-05-19T09:26:01Z] 5C161JEA304304  re-apply tcp:8081 FAILED
[2026-05-19T09:26:01Z] 5C161JEA304304  missing tcp:4566 — re-applying
adb: device '5C161JEA304304' not found
[2026-05-19T09:26:01Z] 5C161JEA304304  re-apply tcp:4566 FAILED
[2026-05-19T09:26:16Z] 5C161JEA304304  missing tcp:8080 — re-applying
adb: device '5C161JEA304304' not found
[2026-05-19T09:26:16Z] 5C161JEA304304  re-apply tcp:8080 FAILED
[2026-05-19T09:26:16Z] 5C161JEA304304  missing tcp:8081 — re-applying
adb: device '5C161JEA304304' not found
[2026-05-19T09:26:16Z] 5C161JEA304304  re-apply tcp:8081 FAILED
[2026-05-19T09:26:16Z] 5C161JEA304304  missing tcp:4566 — re-applying
adb: device '5C161JEA304304' not found
[2026-05-19T09:26:16Z] 5C161JEA304304  re-apply tcp:4566 FAILED
[2026-05-19T09:26:31Z] 5C161JEA304304  missing tcp:8080 — re-applying
adb: device '5C161JEA304304' not found
[2026-05-19T09:26:31Z] 5C161JEA304304  re-apply tcp:8080 FAILED
[2026-05-19T09:26:31Z] 5C161JEA304304  missing tcp:8081 — re-applying
adb: device '5C161JEA304304' not found
[2026-05-19T09:26:31Z] 5C161JEA304304  re-apply tcp:8081 FAILED
[2026-05-19T09:26:32Z] 5C161JEA304304  missing tcp:4566 — re-applying
adb: device '5C161JEA304304' not found
[2026-05-19T09:26:32Z] 5C161JEA304304  re-apply tcp:4566 FAILED
[2026-05-19T09:26:47Z] 5C161JEA304304  missing tcp:8080 — re-applying
adb: device '5C161JEA304304' not found
[2026-05-19T09:26:47Z] 5C161JEA304304  re-apply tcp:8080 FAILED
[2026-05-19T09:26:47Z] 5C161JEA304304  missing tcp:8081 — re-applying
adb: device '5C161JEA304304' not found
[2026-05-19T09:26:47Z] 5C161JEA304304  re-apply tcp:8081 FAILED
[2026-05-19T09:26:47Z] 5C161JEA304304  missing tcp:4566 — re-applying
adb: device '5C161JEA304304' not found
[2026-05-19T09:26:47Z] 5C161JEA304304  re-apply tcp:4566 FAILED
[2026-05-19T09:27:02Z] 5C161JEA304304  missing tcp:8080 — re-applying
adb: device '5C161JEA304304' not found
[2026-05-19T09:27:02Z] 5C161JEA304304  re-apply tcp:8080 FAILED
[2026-05-19T09:27:02Z] 5C161JEA304304  missing tcp:8081 — re-applying
adb: device '5C161JEA304304' not found
[2026-05-19T09:27:02Z] 5C161JEA304304  re-apply tcp:8081 FAILED
[2026-05-19T09:27:02Z] 5C161JEA304304  missing tcp:4566 — re-applying
adb: device '5C161JEA304304' not found
[2026-05-19T09:27:02Z] 5C161JEA304304  re-apply tcp:4566 FAILED
[2026-05-19T09:27:17Z] 5C161JEA304304  missing tcp:8080 — re-applying
adb: device '5C161JEA304304' not found
[2026-05-19T09:27:17Z] 5C161JEA304304  re-apply tcp:8080 FAILED
[2026-05-19T09:27:17Z] 5C161JEA304304  missing tcp:8081 — re-applying
adb: device '5C161JEA304304' not found
[2026-05-19T09:27:17Z] 5C161JEA304304  re-apply tcp:8081 FAILED
[2026-05-19T09:27:17Z] 5C161JEA304304  missing tcp:4566 — re-applying
adb: device '5C161JEA304304' not found
[2026-05-19T09:27:17Z] 5C161JEA304304  re-apply tcp:4566 FAILED
[2026-05-19T09:27:32Z] 5C161JEA304304  missing tcp:8080 — re-applying
adb: device '5C161JEA304304' not found
[2026-05-19T09:27:32Z] 5C161JEA304304  re-apply tcp:8080 FAILED
[2026-05-19T09:27:32Z] 5C161JEA304304  missing tcp:8081 — re-applying
adb: device '5C161JEA304304' not found
[2026-05-19T09:27:32Z] 5C161JEA304304  re-apply tcp:8081 FAILED
[2026-05-19T09:27:32Z] 5C161JEA304304  missing tcp:4566 — re-applying
adb: device '5C161JEA304304' not found
[2026-05-19T09:27:32Z] 5C161JEA304304  re-apply tcp:4566 FAILED
[2026-05-19T09:27:47Z] 5C161JEA304304  missing tcp:8080 — re-applying
adb: device '5C161JEA304304' not found
[2026-05-19T09:27:47Z] 5C161JEA304304  re-apply tcp:8080 FAILED
[2026-05-19T09:27:47Z] 5C161JEA304304  missing tcp:8081 — re-applying
adb: device '5C161JEA304304' not found
[2026-05-19T09:27:47Z] 5C161JEA304304  re-apply tcp:8081 FAILED
[2026-05-19T09:27:47Z] 5C161JEA304304  missing tcp:4566 — re-applying
adb: device '5C161JEA304304' not found
[2026-05-19T09:27:47Z] 5C161JEA304304  re-apply tcp:4566 FAILED
[2026-05-19T09:28:02Z] 5C161JEA304304  missing tcp:8080 — re-applying
adb: device '5C161JEA304304' not found
[2026-05-19T09:28:02Z] 5C161JEA304304  re-apply tcp:8080 FAILED
[2026-05-19T09:28:02Z] 5C161JEA304304  missing tcp:8081 — re-applying
adb: device '5C161JEA304304' not found
[2026-05-19T09:28:02Z] 5C161JEA304304  re-apply tcp:8081 FAILED
[2026-05-19T09:28:02Z] 5C161JEA304304  missing tcp:4566 — re-applying
adb: device '5C161JEA304304' not found
[2026-05-19T09:28:02Z] 5C161JEA304304  re-apply tcp:4566 FAILED
[2026-05-19T09:28:17Z] 5C161JEA304304  missing tcp:8080 — re-applying
adb: device '5C161JEA304304' not found
[2026-05-19T09:28:17Z] 5C161JEA304304  re-apply tcp:8080 FAILED
[2026-05-19T09:28:17Z] 5C161JEA304304  missing tcp:8081 — re-applying
adb: device '5C161JEA304304' not found
[2026-05-19T09:28:17Z] 5C161JEA304304  re-apply tcp:8081 FAILED
[2026-05-19T09:28:17Z] 5C161JEA304304  missing tcp:4566 — re-applying
adb: device '5C161JEA304304' not found
[2026-05-19T09:28:17Z] 5C161JEA304304  re-apply tcp:4566 FAILED
[2026-05-19T09:28:32Z] 5C161JEA304304  missing tcp:8080 — re-applying
adb: device '5C161JEA304304' not found
[2026-05-19T09:28:32Z] 5C161JEA304304  re-apply tcp:8080 FAILED
[2026-05-19T09:28:32Z] 5C161JEA304304  missing tcp:8081 — re-applying
adb: device '5C161JEA304304' not found
[2026-05-19T09:28:32Z] 5C161JEA304304  re-apply tcp:8081 FAILED
[2026-05-19T09:28:32Z] 5C161JEA304304  missing tcp:4566 — re-applying
adb: device '5C161JEA304304' not found
[2026-05-19T09:28:32Z] 5C161JEA304304  re-apply tcp:4566 FAILED
[2026-05-19T09:28:48Z] 5C161JEA304304  missing tcp:8080 — re-applying
adb: device '5C161JEA304304' not found
[2026-05-19T09:28:48Z] 5C161JEA304304  re-apply tcp:8080 FAILED
[2026-05-19T09:28:48Z] 5C161JEA304304  missing tcp:8081 — re-applying
adb: device '5C161JEA304304' not found
[2026-05-19T09:28:48Z] 5C161JEA304304  re-apply tcp:8081 FAILED
[2026-05-19T09:28:48Z] 5C161JEA304304  missing tcp:4566 — re-applying
adb: device '5C161JEA304304' not found
[2026-05-19T09:28:48Z] 5C161JEA304304  re-apply tcp:4566 FAILED
[2026-05-19T09:29:03Z] 5C161JEA304304  missing tcp:8080 — re-applying
adb: device '5C161JEA304304' not found
[2026-05-19T09:29:03Z] 5C161JEA304304  re-apply tcp:8080 FAILED
[2026-05-19T09:29:03Z] 5C161JEA304304  missing tcp:8081 — re-applying
adb: device '5C161JEA304304' not found
[2026-05-19T09:29:03Z] 5C161JEA304304  re-apply tcp:8081 FAILED
[2026-05-19T09:29:03Z] 5C161JEA304304  missing tcp:4566 — re-applying
adb: device '5C161JEA304304' not found
[2026-05-19T09:29:03Z] 5C161JEA304304  re-apply tcp:4566 FAILED
[2026-05-19T09:29:18Z] 5C161JEA304304  missing tcp:8080 — re-applying
adb: device '5C161JEA304304' not found
[2026-05-19T09:29:18Z] 5C161JEA304304  re-apply tcp:8080 FAILED
[2026-05-19T09:29:18Z] 5C161JEA304304  missing tcp:8081 — re-applying
adb: device '5C161JEA304304' not found
[2026-05-19T09:29:18Z] 5C161JEA304304  re-apply tcp:8081 FAILED
[2026-05-19T09:29:18Z] 5C161JEA304304  missing tcp:4566 — re-applying
adb: device '5C161JEA304304' not found
[2026-05-19T09:29:18Z] 5C161JEA304304  re-apply tcp:4566 FAILED
[2026-05-19T09:29:33Z] 5C161JEA304304  missing tcp:8080 — re-applying
adb: device '5C161JEA304304' not found
[2026-05-19T09:29:33Z] 5C161JEA304304  re-apply tcp:8080 FAILED
[2026-05-19T09:29:33Z] 5C161JEA304304  missing tcp:8081 — re-applying
adb: device '5C161JEA304304' not found
[2026-05-19T09:29:33Z] 5C161JEA304304  re-apply tcp:8081 FAILED
[2026-05-19T09:29:33Z] 5C161JEA304304  missing tcp:4566 — re-applying
adb: device '5C161JEA304304' not found
[2026-05-19T09:29:33Z] 5C161JEA304304  re-apply tcp:4566 FAILED
[2026-05-19T09:29:48Z] 5C161JEA304304  missing tcp:8080 — re-applying
adb: device '5C161JEA304304' not found
[2026-05-19T09:29:48Z] 5C161JEA304304  re-apply tcp:8080 FAILED
[2026-05-19T09:29:48Z] 5C161JEA304304  missing tcp:8081 — re-applying
adb: device '5C161JEA304304' not found
[2026-05-19T09:29:48Z] 5C161JEA304304  re-apply tcp:8081 FAILED
[2026-05-19T09:29:48Z] 5C161JEA304304  missing tcp:4566 — re-applying
adb: device '5C161JEA304304' not found
[2026-05-19T09:29:48Z] 5C161JEA304304  re-apply tcp:4566 FAILED
[2026-05-19T09:30:03Z] 5C161JEA304304  missing tcp:8080 — re-applying
adb: device '5C161JEA304304' not found
[2026-05-19T09:30:03Z] 5C161JEA304304  re-apply tcp:8080 FAILED
[2026-05-19T09:30:03Z] 5C161JEA304304  missing tcp:8081 — re-applying
adb: device '5C161JEA304304' not found
[2026-05-19T09:30:03Z] 5C161JEA304304  re-apply tcp:8081 FAILED
[2026-05-19T09:30:03Z] 5C161JEA304304  missing tcp:4566 — re-applying
adb: device '5C161JEA304304' not found
[2026-05-19T09:30:03Z] 5C161JEA304304  re-apply tcp:4566 FAILED
[2026-05-19T09:30:18Z] 5C161JEA304304  missing tcp:8080 — re-applying
adb: device '5C161JEA304304' not found
[2026-05-19T09:30:18Z] 5C161JEA304304  re-apply tcp:8080 FAILED
[2026-05-19T09:30:18Z] 5C161JEA304304  missing tcp:8081 — re-applying
adb: device '5C161JEA304304' not found
[2026-05-19T09:30:18Z] 5C161JEA304304  re-apply tcp:8081 FAILED
[2026-05-19T09:30:18Z] 5C161JEA304304  missing tcp:4566 — re-applying
adb: device '5C161JEA304304' not found
[2026-05-19T09:30:18Z] 5C161JEA304304  re-apply tcp:4566 FAILED
[2026-05-19T09:30:33Z] 5C161JEA304304  missing tcp:8080 — re-applying
adb: device '5C161JEA304304' not found
[2026-05-19T09:30:33Z] 5C161JEA304304  re-apply tcp:8080 FAILED
[2026-05-19T09:30:33Z] 5C161JEA304304  missing tcp:8081 — re-applying
adb: device '5C161JEA304304' not found
[2026-05-19T09:30:33Z] 5C161JEA304304  re-apply tcp:8081 FAILED
[2026-05-19T09:30:34Z] 5C161JEA304304  missing tcp:4566 — re-applying
adb: device '5C161JEA304304' not found
[2026-05-19T09:30:34Z] 5C161JEA304304  re-apply tcp:4566 FAILED
[2026-05-19T09:30:49Z] 5C161JEA304304  missing tcp:8080 — re-applying
adb: device '5C161JEA304304' not found
[2026-05-19T09:30:49Z] 5C161JEA304304  re-apply tcp:8080 FAILED
[2026-05-19T09:30:49Z] 5C161JEA304304  missing tcp:8081 — re-applying
adb: device '5C161JEA304304' not found
[2026-05-19T09:30:49Z] 5C161JEA304304  re-apply tcp:8081 FAILED
[2026-05-19T09:30:49Z] 5C161JEA304304  missing tcp:4566 — re-applying
adb: device '5C161JEA304304' not found
[2026-05-19T09:30:49Z] 5C161JEA304304  re-apply tcp:4566 FAILED
[2026-05-19T09:31:04Z] 5C161JEA304304  missing tcp:8080 — re-applying
adb: device '5C161JEA304304' not found
[2026-05-19T09:31:04Z] 5C161JEA304304  re-apply tcp:8080 FAILED
[2026-05-19T09:31:04Z] 5C161JEA304304  missing tcp:8081 — re-applying
adb: device '5C161JEA304304' not found
[2026-05-19T09:31:04Z] 5C161JEA304304  re-apply tcp:8081 FAILED
[2026-05-19T09:31:04Z] 5C161JEA304304  missing tcp:4566 — re-applying
adb: device '5C161JEA304304' not found
[2026-05-19T09:31:04Z] 5C161JEA304304  re-apply tcp:4566 FAILED
[2026-05-19T09:31:19Z] 5C161JEA304304  missing tcp:8080 — re-applying
adb: device '5C161JEA304304' not found
[2026-05-19T09:31:19Z] 5C161JEA304304  re-apply tcp:8080 FAILED
[2026-05-19T09:31:19Z] 5C161JEA304304  missing tcp:8081 — re-applying
adb: device '5C161JEA304304' not found
[2026-05-19T09:31:19Z] 5C161JEA304304  re-apply tcp:8081 FAILED
[2026-05-19T09:31:19Z] 5C161JEA304304  missing tcp:4566 — re-applying
adb: device '5C161JEA304304' not found
[2026-05-19T09:31:19Z] 5C161JEA304304  re-apply tcp:4566 FAILED
[2026-05-19T09:31:34Z] 5C161JEA304304  missing tcp:8080 — re-applying
adb: device '5C161JEA304304' not found
[2026-05-19T09:31:34Z] 5C161JEA304304  re-apply tcp:8080 FAILED
[2026-05-19T09:31:34Z] 5C161JEA304304  missing tcp:8081 — re-applying
adb: device '5C161JEA304304' not found
[2026-05-19T09:31:34Z] 5C161JEA304304  re-apply tcp:8081 FAILED
[2026-05-19T09:31:34Z] 5C161JEA304304  missing tcp:4566 — re-applying
adb: device '5C161JEA304304' not found
[2026-05-19T09:31:34Z] 5C161JEA304304  re-apply tcp:4566 FAILED
[2026-05-19T09:31:49Z] 5C161JEA304304  missing tcp:8080 — re-applying
adb: device '5C161JEA304304' not found
[2026-05-19T09:31:49Z] 5C161JEA304304  re-apply tcp:8080 FAILED
[2026-05-19T09:31:49Z] 5C161JEA304304  missing tcp:8081 — re-applying
adb: device '5C161JEA304304' not found
[2026-05-19T09:31:49Z] 5C161JEA304304  re-apply tcp:8081 FAILED
[2026-05-19T09:31:49Z] 5C161JEA304304  missing tcp:4566 — re-applying
adb: device '5C161JEA304304' not found
[2026-05-19T09:31:49Z] 5C161JEA304304  re-apply tcp:4566 FAILED
[2026-05-19T09:32:04Z] 5C161JEA304304  missing tcp:8080 — re-applying
adb: device '5C161JEA304304' not found
[2026-05-19T09:32:04Z] 5C161JEA304304  re-apply tcp:8080 FAILED
[2026-05-19T09:32:04Z] 5C161JEA304304  missing tcp:8081 — re-applying
adb: device '5C161JEA304304' not found
[2026-05-19T09:32:04Z] 5C161JEA304304  re-apply tcp:8081 FAILED
[2026-05-19T09:32:04Z] 5C161JEA304304  missing tcp:4566 — re-applying
adb: device '5C161JEA304304' not found
[2026-05-19T09:32:04Z] 5C161JEA304304  re-apply tcp:4566 FAILED
[2026-05-19T09:32:19Z] 5C161JEA304304  missing tcp:8080 — re-applying
adb: device '5C161JEA304304' not found
[2026-05-19T09:32:19Z] 5C161JEA304304  re-apply tcp:8080 FAILED
[2026-05-19T09:32:19Z] 5C161JEA304304  missing tcp:8081 — re-applying
adb: device '5C161JEA304304' not found
[2026-05-19T09:32:19Z] 5C161JEA304304  re-apply tcp:8081 FAILED
[2026-05-19T09:32:19Z] 5C161JEA304304  missing tcp:4566 — re-applying
adb: device '5C161JEA304304' not found
[2026-05-19T09:32:19Z] 5C161JEA304304  re-apply tcp:4566 FAILED
[2026-05-19T09:32:35Z] 5C161JEA304304  missing tcp:8080 — re-applying
adb: device '5C161JEA304304' not found
[2026-05-19T09:32:35Z] 5C161JEA304304  re-apply tcp:8080 FAILED
[2026-05-19T09:32:35Z] 5C161JEA304304  missing tcp:8081 — re-applying
adb: device '5C161JEA304304' not found
[2026-05-19T09:32:35Z] 5C161JEA304304  re-apply tcp:8081 FAILED
[2026-05-19T09:32:35Z] 5C161JEA304304  missing tcp:4566 — re-applying
adb: device '5C161JEA304304' not found
[2026-05-19T09:32:35Z] 5C161JEA304304  re-apply tcp:4566 FAILED
[2026-05-19T09:32:50Z] 5C161JEA304304  missing tcp:8080 — re-applying
adb: device '5C161JEA304304' not found
[2026-05-19T09:32:50Z] 5C161JEA304304  re-apply tcp:8080 FAILED
[2026-05-19T09:32:50Z] 5C161JEA304304  missing tcp:8081 — re-applying
adb: device '5C161JEA304304' not found
[2026-05-19T09:32:50Z] 5C161JEA304304  re-apply tcp:8081 FAILED
[2026-05-19T09:32:50Z] 5C161JEA304304  missing tcp:4566 — re-applying
adb: device '5C161JEA304304' not found
[2026-05-19T09:32:50Z] 5C161JEA304304  re-apply tcp:4566 FAILED
[2026-05-19T09:33:05Z] 5C161JEA304304  missing tcp:8080 — re-applying
adb: device '5C161JEA304304' not found
[2026-05-19T09:33:05Z] 5C161JEA304304  re-apply tcp:8080 FAILED
[2026-05-19T09:33:05Z] 5C161JEA304304  missing tcp:8081 — re-applying
adb: device '5C161JEA304304' not found
[2026-05-19T09:33:05Z] 5C161JEA304304  re-apply tcp:8081 FAILED
[2026-05-19T09:33:05Z] 5C161JEA304304  missing tcp:4566 — re-applying
adb: device '5C161JEA304304' not found
[2026-05-19T09:33:05Z] 5C161JEA304304  re-apply tcp:4566 FAILED
[2026-05-19T09:33:20Z] 5C161JEA304304  missing tcp:8080 — re-applying
adb: device '5C161JEA304304' not found
[2026-05-19T09:33:20Z] 5C161JEA304304  re-apply tcp:8080 FAILED
[2026-05-19T09:33:20Z] 5C161JEA304304  missing tcp:8081 — re-applying
adb: device '5C161JEA304304' not found
[2026-05-19T09:33:20Z] 5C161JEA304304  re-apply tcp:8081 FAILED
[2026-05-19T09:33:20Z] 5C161JEA304304  missing tcp:4566 — re-applying
adb: device '5C161JEA304304' not found
[2026-05-19T09:33:20Z] 5C161JEA304304  re-apply tcp:4566 FAILED
[2026-05-19T09:33:35Z] 5C161JEA304304  missing tcp:8080 — re-applying
adb: device '5C161JEA304304' not found
[2026-05-19T09:33:35Z] 5C161JEA304304  re-apply tcp:8080 FAILED
[2026-05-19T09:33:35Z] 5C161JEA304304  missing tcp:8081 — re-applying
adb: device '5C161JEA304304' not found
[2026-05-19T09:33:35Z] 5C161JEA304304  re-apply tcp:8081 FAILED
[2026-05-19T09:33:35Z] 5C161JEA304304  missing tcp:4566 — re-applying
adb: device '5C161JEA304304' not found
[2026-05-19T09:33:35Z] 5C161JEA304304  re-apply tcp:4566 FAILED
[2026-05-19T09:33:50Z] 5C161JEA304304  missing tcp:8080 — re-applying
adb: device '5C161JEA304304' not found
[2026-05-19T09:33:50Z] 5C161JEA304304  re-apply tcp:8080 FAILED
[2026-05-19T09:33:50Z] 5C161JEA304304  missing tcp:8081 — re-applying
adb: device '5C161JEA304304' not found
[2026-05-19T09:33:50Z] 5C161JEA304304  re-apply tcp:8081 FAILED
[2026-05-19T09:33:50Z] 5C161JEA304304  missing tcp:4566 — re-applying
adb: device '5C161JEA304304' not found
[2026-05-19T09:33:50Z] 5C161JEA304304  re-apply tcp:4566 FAILED
[2026-05-19T09:34:05Z] 5C161JEA304304  missing tcp:8080 — re-applying
adb: device '5C161JEA304304' not found
[2026-05-19T09:34:05Z] 5C161JEA304304  re-apply tcp:8080 FAILED
[2026-05-19T09:34:05Z] 5C161JEA304304  missing tcp:8081 — re-applying
adb: device '5C161JEA304304' not found
[2026-05-19T09:34:05Z] 5C161JEA304304  re-apply tcp:8081 FAILED
[2026-05-19T09:34:05Z] 5C161JEA304304  missing tcp:4566 — re-applying
adb: device '5C161JEA304304' not found
[2026-05-19T09:34:05Z] 5C161JEA304304  re-apply tcp:4566 FAILED
[2026-05-19T09:34:20Z] 5C161JEA304304  missing tcp:8080 — re-applying
adb: device '5C161JEA304304' not found
[2026-05-19T09:34:20Z] 5C161JEA304304  re-apply tcp:8080 FAILED
[2026-05-19T09:34:20Z] 5C161JEA304304  missing tcp:8081 — re-applying
adb: device '5C161JEA304304' not found
[2026-05-19T09:34:20Z] 5C161JEA304304  re-apply tcp:8081 FAILED
[2026-05-19T09:34:20Z] 5C161JEA304304  missing tcp:4566 — re-applying
adb: device '5C161JEA304304' not found
[2026-05-19T09:34:20Z] 5C161JEA304304  re-apply tcp:4566 FAILED
[2026-05-19T09:34:36Z] 5C161JEA304304  missing tcp:8080 — re-applying
adb: device '5C161JEA304304' not found
[2026-05-19T09:34:36Z] 5C161JEA304304  re-apply tcp:8080 FAILED
[2026-05-19T09:34:36Z] 5C161JEA304304  missing tcp:8081 — re-applying
adb: device '5C161JEA304304' not found
[2026-05-19T09:34:36Z] 5C161JEA304304  re-apply tcp:8081 FAILED
[2026-05-19T09:34:36Z] 5C161JEA304304  missing tcp:4566 — re-applying
adb: device '5C161JEA304304' not found
[2026-05-19T09:34:36Z] 5C161JEA304304  re-apply tcp:4566 FAILED
[2026-05-19T09:34:51Z] 5C161JEA304304  missing tcp:8080 — re-applying
adb: device '5C161JEA304304' not found
[2026-05-19T09:34:51Z] 5C161JEA304304  re-apply tcp:8080 FAILED
[2026-05-19T09:34:51Z] 5C161JEA304304  missing tcp:8081 — re-applying
adb: device '5C161JEA304304' not found
[2026-05-19T09:34:51Z] 5C161JEA304304  re-apply tcp:8081 FAILED
[2026-05-19T09:34:51Z] 5C161JEA304304  missing tcp:4566 — re-applying
adb: device '5C161JEA304304' not found
[2026-05-19T09:34:51Z] 5C161JEA304304  re-apply tcp:4566 FAILED
[2026-05-19T09:35:06Z] 5C161JEA304304  missing tcp:8080 — re-applying
adb: device '5C161JEA304304' not found
[2026-05-19T09:35:06Z] 5C161JEA304304  re-apply tcp:8080 FAILED
[2026-05-19T09:35:06Z] 5C161JEA304304  missing tcp:8081 — re-applying
adb: device '5C161JEA304304' not found
[2026-05-19T09:35:06Z] 5C161JEA304304  re-apply tcp:8081 FAILED
[2026-05-19T09:35:06Z] 5C161JEA304304  missing tcp:4566 — re-applying
adb: device '5C161JEA304304' not found
[2026-05-19T09:35:06Z] 5C161JEA304304  re-apply tcp:4566 FAILED
[2026-05-19T09:35:21Z] 5C161JEA304304  missing tcp:8080 — re-applying
adb: device '5C161JEA304304' not found
[2026-05-19T09:35:21Z] 5C161JEA304304  re-apply tcp:8080 FAILED
[2026-05-19T09:35:21Z] 5C161JEA304304  missing tcp:8081 — re-applying
adb: device '5C161JEA304304' not found
[2026-05-19T09:35:21Z] 5C161JEA304304  re-apply tcp:8081 FAILED
[2026-05-19T09:35:21Z] 5C161JEA304304  missing tcp:4566 — re-applying
adb: device '5C161JEA304304' not found
[2026-05-19T09:35:21Z] 5C161JEA304304  re-apply tcp:4566 FAILED
[2026-05-19T09:35:36Z] 5C161JEA304304  missing tcp:8080 — re-applying
adb: device '5C161JEA304304' not found
[2026-05-19T09:35:36Z] 5C161JEA304304  re-apply tcp:8080 FAILED
[2026-05-19T09:35:36Z] 5C161JEA304304  missing tcp:8081 — re-applying
adb: device '5C161JEA304304' not found
[2026-05-19T09:35:36Z] 5C161JEA304304  re-apply tcp:8081 FAILED
[2026-05-19T09:35:36Z] 5C161JEA304304  missing tcp:4566 — re-applying
adb: device '5C161JEA304304' not found
[2026-05-19T09:35:36Z] 5C161JEA304304  re-apply tcp:4566 FAILED
[2026-05-19T09:35:51Z] 5C161JEA304304  missing tcp:8080 — re-applying
adb: device '5C161JEA304304' not found
[2026-05-19T09:35:51Z] 5C161JEA304304  re-apply tcp:8080 FAILED
[2026-05-19T09:35:51Z] 5C161JEA304304  missing tcp:8081 — re-applying
adb: device '5C161JEA304304' not found
[2026-05-19T09:35:51Z] 5C161JEA304304  re-apply tcp:8081 FAILED
[2026-05-19T09:35:51Z] 5C161JEA304304  missing tcp:4566 — re-applying
adb: device '5C161JEA304304' not found
[2026-05-19T09:35:51Z] 5C161JEA304304  re-apply tcp:4566 FAILED
[2026-05-19T09:36:06Z] 5C161JEA304304  missing tcp:8080 — re-applying
adb: device '5C161JEA304304' not found
[2026-05-19T09:36:06Z] 5C161JEA304304  re-apply tcp:8080 FAILED
[2026-05-19T09:36:06Z] 5C161JEA304304  missing tcp:8081 — re-applying
adb: device '5C161JEA304304' not found
[2026-05-19T09:36:06Z] 5C161JEA304304  re-apply tcp:8081 FAILED
[2026-05-19T09:36:06Z] 5C161JEA304304  missing tcp:4566 — re-applying
adb: device '5C161JEA304304' not found
[2026-05-19T09:36:06Z] 5C161JEA304304  re-apply tcp:4566 FAILED
[2026-05-19T09:36:21Z] 5C161JEA304304  missing tcp:8080 — re-applying
adb: device '5C161JEA304304' not found
[2026-05-19T09:36:21Z] 5C161JEA304304  re-apply tcp:8080 FAILED
[2026-05-19T09:36:21Z] 5C161JEA304304  missing tcp:8081 — re-applying
adb: device '5C161JEA304304' not found
[2026-05-19T09:36:21Z] 5C161JEA304304  re-apply tcp:8081 FAILED
[2026-05-19T09:36:21Z] 5C161JEA304304  missing tcp:4566 — re-applying
adb: device '5C161JEA304304' not found
[2026-05-19T09:36:21Z] 5C161JEA304304  re-apply tcp:4566 FAILED
[2026-05-19T09:36:37Z] 5C161JEA304304  missing tcp:8080 — re-applying
adb: device '5C161JEA304304' not found
[2026-05-19T09:36:37Z] 5C161JEA304304  re-apply tcp:8080 FAILED
[2026-05-19T09:36:37Z] 5C161JEA304304  missing tcp:8081 — re-applying
adb: device '5C161JEA304304' not found
[2026-05-19T09:36:37Z] 5C161JEA304304  re-apply tcp:8081 FAILED
[2026-05-19T09:36:37Z] 5C161JEA304304  missing tcp:4566 — re-applying
adb: device '5C161JEA304304' not found
[2026-05-19T09:36:37Z] 5C161JEA304304  re-apply tcp:4566 FAILED
[2026-05-19T09:36:52Z] 5C161JEA304304  missing tcp:8080 — re-applying
adb: device '5C161JEA304304' not found
[2026-05-19T09:36:52Z] 5C161JEA304304  re-apply tcp:8080 FAILED
[2026-05-19T09:36:52Z] 5C161JEA304304  missing tcp:8081 — re-applying
adb: device '5C161JEA304304' not found
[2026-05-19T09:36:52Z] 5C161JEA304304  re-apply tcp:8081 FAILED
[2026-05-19T09:36:52Z] 5C161JEA304304  missing tcp:4566 — re-applying
adb: device '5C161JEA304304' not found
[2026-05-19T09:36:52Z] 5C161JEA304304  re-apply tcp:4566 FAILED
[2026-05-19T09:37:07Z] 5C161JEA304304  missing tcp:8080 — re-applying
adb: device '5C161JEA304304' not found
[2026-05-19T09:37:07Z] 5C161JEA304304  re-apply tcp:8080 FAILED
[2026-05-19T09:37:07Z] 5C161JEA304304  missing tcp:8081 — re-applying
adb: device '5C161JEA304304' not found
[2026-05-19T09:37:07Z] 5C161JEA304304  re-apply tcp:8081 FAILED
[2026-05-19T09:37:07Z] 5C161JEA304304  missing tcp:4566 — re-applying
adb: device '5C161JEA304304' not found
[2026-05-19T09:37:07Z] 5C161JEA304304  re-apply tcp:4566 FAILED
[2026-05-19T09:37:22Z] 5C161JEA304304  missing tcp:8080 — re-applying
adb: device '5C161JEA304304' not found
[2026-05-19T09:37:22Z] 5C161JEA304304  re-apply tcp:8080 FAILED
[2026-05-19T09:37:22Z] 5C161JEA304304  missing tcp:8081 — re-applying
adb: device '5C161JEA304304' not found
[2026-05-19T09:37:22Z] 5C161JEA304304  re-apply tcp:8081 FAILED
[2026-05-19T09:37:22Z] 5C161JEA304304  missing tcp:4566 — re-applying
adb: device '5C161JEA304304' not found
[2026-05-19T09:37:22Z] 5C161JEA304304  re-apply tcp:4566 FAILED
[2026-05-19T09:37:37Z] 5C161JEA304304  missing tcp:8080 — re-applying
adb: device '5C161JEA304304' not found
[2026-05-19T09:37:37Z] 5C161JEA304304  re-apply tcp:8080 FAILED
[2026-05-19T09:37:37Z] 5C161JEA304304  missing tcp:8081 — re-applying
adb: device '5C161JEA304304' not found
[2026-05-19T09:37:37Z] 5C161JEA304304  re-apply tcp:8081 FAILED
[2026-05-19T09:37:37Z] 5C161JEA304304  missing tcp:4566 — re-applying
adb: device '5C161JEA304304' not found
[2026-05-19T09:37:37Z] 5C161JEA304304  re-apply tcp:4566 FAILED
[2026-05-19T09:37:52Z] 5C161JEA304304  missing tcp:8080 — re-applying
adb: device '5C161JEA304304' not found
[2026-05-19T09:37:52Z] 5C161JEA304304  re-apply tcp:8080 FAILED
[2026-05-19T09:37:52Z] 5C161JEA304304  missing tcp:8081 — re-applying
adb: device '5C161JEA304304' not found
[2026-05-19T09:37:52Z] 5C161JEA304304  re-apply tcp:8081 FAILED
[2026-05-19T09:37:52Z] 5C161JEA304304  missing tcp:4566 — re-applying
adb: device '5C161JEA304304' not found
[2026-05-19T09:37:52Z] 5C161JEA304304  re-apply tcp:4566 FAILED
[2026-05-19T09:38:07Z] 5C161JEA304304  missing tcp:8080 — re-applying
adb: device '5C161JEA304304' not found
[2026-05-19T09:38:07Z] 5C161JEA304304  re-apply tcp:8080 FAILED
[2026-05-19T09:38:07Z] 5C161JEA304304  missing tcp:8081 — re-applying
adb: device '5C161JEA304304' not found
[2026-05-19T09:38:07Z] 5C161JEA304304  re-apply tcp:8081 FAILED
[2026-05-19T09:38:07Z] 5C161JEA304304  missing tcp:4566 — re-applying
adb: device '5C161JEA304304' not found
[2026-05-19T09:38:07Z] 5C161JEA304304  re-apply tcp:4566 FAILED
[2026-05-19T09:38:23Z] 5C161JEA304304  missing tcp:8080 — re-applying
adb: device '5C161JEA304304' not found
[2026-05-19T09:38:23Z] 5C161JEA304304  re-apply tcp:8080 FAILED
[2026-05-19T09:38:23Z] 5C161JEA304304  missing tcp:8081 — re-applying
adb: device '5C161JEA304304' not found
[2026-05-19T09:38:23Z] 5C161JEA304304  re-apply tcp:8081 FAILED
[2026-05-19T09:38:23Z] 5C161JEA304304  missing tcp:4566 — re-applying
adb: device '5C161JEA304304' not found
[2026-05-19T09:38:23Z] 5C161JEA304304  re-apply tcp:4566 FAILED
[2026-05-19T09:38:38Z] 5C161JEA304304  missing tcp:8080 — re-applying
adb: device '5C161JEA304304' not found
[2026-05-19T09:38:38Z] 5C161JEA304304  re-apply tcp:8080 FAILED
[2026-05-19T09:38:38Z] 5C161JEA304304  missing tcp:8081 — re-applying
adb: device '5C161JEA304304' not found
[2026-05-19T09:38:38Z] 5C161JEA304304  re-apply tcp:8081 FAILED
[2026-05-19T09:38:38Z] 5C161JEA304304  missing tcp:4566 — re-applying
adb: device '5C161JEA304304' not found
[2026-05-19T09:38:38Z] 5C161JEA304304  re-apply tcp:4566 FAILED
[2026-05-19T09:38:53Z] 5C161JEA304304  missing tcp:8080 — re-applying
adb: device '5C161JEA304304' not found
[2026-05-19T09:38:53Z] 5C161JEA304304  re-apply tcp:8080 FAILED
[2026-05-19T09:38:53Z] 5C161JEA304304  missing tcp:8081 — re-applying
adb: device '5C161JEA304304' not found
[2026-05-19T09:38:53Z] 5C161JEA304304  re-apply tcp:8081 FAILED
[2026-05-19T09:38:53Z] 5C161JEA304304  missing tcp:4566 — re-applying
adb: device '5C161JEA304304' not found
[2026-05-19T09:38:53Z] 5C161JEA304304  re-apply tcp:4566 FAILED
[2026-05-19T09:39:08Z] 5C161JEA304304  missing tcp:8080 — re-applying
adb: device '5C161JEA304304' not found
[2026-05-19T09:39:08Z] 5C161JEA304304  re-apply tcp:8080 FAILED
[2026-05-19T09:39:08Z] 5C161JEA304304  missing tcp:8081 — re-applying
adb: device '5C161JEA304304' not found
[2026-05-19T09:39:08Z] 5C161JEA304304  re-apply tcp:8081 FAILED
[2026-05-19T09:39:08Z] 5C161JEA304304  missing tcp:4566 — re-applying
adb: device '5C161JEA304304' not found
[2026-05-19T09:39:08Z] 5C161JEA304304  re-apply tcp:4566 FAILED
[2026-05-19T09:39:23Z] 5C161JEA304304  missing tcp:8080 — re-applying
adb: device '5C161JEA304304' not found
[2026-05-19T09:39:23Z] 5C161JEA304304  re-apply tcp:8080 FAILED
[2026-05-19T09:39:23Z] 5C161JEA304304  missing tcp:8081 — re-applying
adb: device '5C161JEA304304' not found
[2026-05-19T09:39:23Z] 5C161JEA304304  re-apply tcp:8081 FAILED
[2026-05-19T09:39:23Z] 5C161JEA304304  missing tcp:4566 — re-applying
adb: device '5C161JEA304304' not found
[2026-05-19T09:39:23Z] 5C161JEA304304  re-apply tcp:4566 FAILED
[2026-05-19T09:39:38Z] 5C161JEA304304  missing tcp:8080 — re-applying
adb: device '5C161JEA304304' not found
[2026-05-19T09:39:38Z] 5C161JEA304304  re-apply tcp:8080 FAILED
[2026-05-19T09:39:38Z] 5C161JEA304304  missing tcp:8081 — re-applying
adb: device '5C161JEA304304' not found
[2026-05-19T09:39:38Z] 5C161JEA304304  re-apply tcp:8081 FAILED
[2026-05-19T09:39:38Z] 5C161JEA304304  missing tcp:4566 — re-applying
adb: device '5C161JEA304304' not found
[2026-05-19T09:39:38Z] 5C161JEA304304  re-apply tcp:4566 FAILED
[2026-05-19T09:39:53Z] 5C161JEA304304  missing tcp:8080 — re-applying
adb: device '5C161JEA304304' not found
[2026-05-19T09:39:53Z] 5C161JEA304304  re-apply tcp:8080 FAILED
[2026-05-19T09:39:53Z] 5C161JEA304304  missing tcp:8081 — re-applying
adb: device '5C161JEA304304' not found
[2026-05-19T09:39:53Z] 5C161JEA304304  re-apply tcp:8081 FAILED
[2026-05-19T09:39:53Z] 5C161JEA304304  missing tcp:4566 — re-applying
adb: device '5C161JEA304304' not found
[2026-05-19T09:39:53Z] 5C161JEA304304  re-apply tcp:4566 FAILED
[2026-05-19T09:40:08Z] 5C161JEA304304  missing tcp:8080 — re-applying
adb: device '5C161JEA304304' not found
[2026-05-19T09:40:08Z] 5C161JEA304304  re-apply tcp:8080 FAILED
[2026-05-19T09:40:08Z] 5C161JEA304304  missing tcp:8081 — re-applying
adb: device '5C161JEA304304' not found
[2026-05-19T09:40:08Z] 5C161JEA304304  re-apply tcp:8081 FAILED
[2026-05-19T09:40:08Z] 5C161JEA304304  missing tcp:4566 — re-applying
adb: device '5C161JEA304304' not found
[2026-05-19T09:40:08Z] 5C161JEA304304  re-apply tcp:4566 FAILED
[2026-05-19T09:40:24Z] 5C161JEA304304  missing tcp:8080 — re-applying
adb: device '5C161JEA304304' not found
[2026-05-19T09:40:24Z] 5C161JEA304304  re-apply tcp:8080 FAILED
[2026-05-19T09:40:24Z] 5C161JEA304304  missing tcp:8081 — re-applying
adb: device '5C161JEA304304' not found
[2026-05-19T09:40:24Z] 5C161JEA304304  re-apply tcp:8081 FAILED
[2026-05-19T09:40:24Z] 5C161JEA304304  missing tcp:4566 — re-applying
adb: device '5C161JEA304304' not found
[2026-05-19T09:40:24Z] 5C161JEA304304  re-apply tcp:4566 FAILED
[2026-05-19T09:40:39Z] 5C161JEA304304  missing tcp:8080 — re-applying
adb: device '5C161JEA304304' not found
[2026-05-19T09:40:39Z] 5C161JEA304304  re-apply tcp:8080 FAILED
[2026-05-19T09:40:39Z] 5C161JEA304304  missing tcp:8081 — re-applying
adb: device '5C161JEA304304' not found
[2026-05-19T09:40:39Z] 5C161JEA304304  re-apply tcp:8081 FAILED
[2026-05-19T09:40:39Z] 5C161JEA304304  missing tcp:4566 — re-applying
adb: device '5C161JEA304304' not found
[2026-05-19T09:40:39Z] 5C161JEA304304  re-apply tcp:4566 FAILED
[2026-05-19T09:40:54Z] 5C161JEA304304  missing tcp:8080 — re-applying
adb: device '5C161JEA304304' not found
[2026-05-19T09:40:54Z] 5C161JEA304304  re-apply tcp:8080 FAILED
[2026-05-19T09:40:54Z] 5C161JEA304304  missing tcp:8081 — re-applying
adb: device '5C161JEA304304' not found
[2026-05-19T09:40:54Z] 5C161JEA304304  re-apply tcp:8081 FAILED
[2026-05-19T09:40:54Z] 5C161JEA304304  missing tcp:4566 — re-applying
adb: device '5C161JEA304304' not found
[2026-05-19T09:40:54Z] 5C161JEA304304  re-apply tcp:4566 FAILED
[2026-05-19T09:41:09Z] 5C161JEA304304  missing tcp:8080 — re-applying
adb: device '5C161JEA304304' not found
[2026-05-19T09:41:09Z] 5C161JEA304304  re-apply tcp:8080 FAILED
[2026-05-19T09:41:09Z] 5C161JEA304304  missing tcp:8081 — re-applying
adb: device '5C161JEA304304' not found
[2026-05-19T09:41:09Z] 5C161JEA304304  re-apply tcp:8081 FAILED
[2026-05-19T09:41:09Z] 5C161JEA304304  missing tcp:4566 — re-applying
adb: device '5C161JEA304304' not found
[2026-05-19T09:41:09Z] 5C161JEA304304  re-apply tcp:4566 FAILED
[2026-05-19T09:41:24Z] 5C161JEA304304  missing tcp:8080 — re-applying
adb: device '5C161JEA304304' not found
[2026-05-19T09:41:24Z] 5C161JEA304304  re-apply tcp:8080 FAILED
[2026-05-19T09:41:24Z] 5C161JEA304304  missing tcp:8081 — re-applying
adb: device '5C161JEA304304' not found
[2026-05-19T09:41:24Z] 5C161JEA304304  re-apply tcp:8081 FAILED
[2026-05-19T09:41:24Z] 5C161JEA304304  missing tcp:4566 — re-applying
adb: device '5C161JEA304304' not found
[2026-05-19T09:41:24Z] 5C161JEA304304  re-apply tcp:4566 FAILED
[2026-05-19T09:41:39Z] 5C161JEA304304  missing tcp:8080 — re-applying
adb: device '5C161JEA304304' not found
[2026-05-19T09:41:39Z] 5C161JEA304304  re-apply tcp:8080 FAILED
[2026-05-19T09:41:39Z] 5C161JEA304304  missing tcp:8081 — re-applying
adb: device '5C161JEA304304' not found
[2026-05-19T09:41:39Z] 5C161JEA304304  re-apply tcp:8081 FAILED
[2026-05-19T09:41:39Z] 5C161JEA304304  missing tcp:4566 — re-applying
adb: device '5C161JEA304304' not found
[2026-05-19T09:41:39Z] 5C161JEA304304  re-apply tcp:4566 FAILED
[2026-05-19T09:41:54Z] 5C161JEA304304  missing tcp:8080 — re-applying
adb: device '5C161JEA304304' not found
[2026-05-19T09:41:54Z] 5C161JEA304304  re-apply tcp:8080 FAILED
[2026-05-19T09:41:54Z] 5C161JEA304304  missing tcp:8081 — re-applying
adb: device '5C161JEA304304' not found
[2026-05-19T09:41:54Z] 5C161JEA304304  re-apply tcp:8081 FAILED
[2026-05-19T09:41:54Z] 5C161JEA304304  missing tcp:4566 — re-applying
adb: device '5C161JEA304304' not found
[2026-05-19T09:41:54Z] 5C161JEA304304  re-apply tcp:4566 FAILED
[2026-05-19T09:42:09Z] 5C161JEA304304  missing tcp:8080 — re-applying
adb: device '5C161JEA304304' not found
[2026-05-19T09:42:09Z] 5C161JEA304304  re-apply tcp:8080 FAILED
[2026-05-19T09:42:09Z] 5C161JEA304304  missing tcp:8081 — re-applying
adb: device '5C161JEA304304' not found
[2026-05-19T09:42:09Z] 5C161JEA304304  re-apply tcp:8081 FAILED
[2026-05-19T09:42:09Z] 5C161JEA304304  missing tcp:4566 — re-applying
adb: device '5C161JEA304304' not found
[2026-05-19T09:42:09Z] 5C161JEA304304  re-apply tcp:4566 FAILED
[2026-05-19T09:42:25Z] 5C161JEA304304  missing tcp:8080 — re-applying
adb: device '5C161JEA304304' not found
[2026-05-19T09:42:25Z] 5C161JEA304304  re-apply tcp:8080 FAILED
[2026-05-19T09:42:25Z] 5C161JEA304304  missing tcp:8081 — re-applying
adb: device '5C161JEA304304' not found
[2026-05-19T09:42:25Z] 5C161JEA304304  re-apply tcp:8081 FAILED
[2026-05-19T09:42:25Z] 5C161JEA304304  missing tcp:4566 — re-applying
adb: device '5C161JEA304304' not found
[2026-05-19T09:42:25Z] 5C161JEA304304  re-apply tcp:4566 FAILED
[2026-05-19T09:42:40Z] 5C161JEA304304  missing tcp:8080 — re-applying
adb: device '5C161JEA304304' not found
[2026-05-19T09:42:40Z] 5C161JEA304304  re-apply tcp:8080 FAILED
[2026-05-19T09:42:40Z] 5C161JEA304304  missing tcp:8081 — re-applying
adb: device '5C161JEA304304' not found
[2026-05-19T09:42:40Z] 5C161JEA304304  re-apply tcp:8081 FAILED
[2026-05-19T09:42:40Z] 5C161JEA304304  missing tcp:4566 — re-applying
adb: device '5C161JEA304304' not found
[2026-05-19T09:42:40Z] 5C161JEA304304  re-apply tcp:4566 FAILED
[2026-05-19T09:42:55Z] 5C161JEA304304  missing tcp:8080 — re-applying
adb: device '5C161JEA304304' not found
[2026-05-19T09:42:55Z] 5C161JEA304304  re-apply tcp:8080 FAILED
[2026-05-19T09:42:55Z] 5C161JEA304304  missing tcp:8081 — re-applying
adb: device '5C161JEA304304' not found
[2026-05-19T09:42:55Z] 5C161JEA304304  re-apply tcp:8081 FAILED
[2026-05-19T09:42:55Z] 5C161JEA304304  missing tcp:4566 — re-applying
adb: device '5C161JEA304304' not found
[2026-05-19T09:42:55Z] 5C161JEA304304  re-apply tcp:4566 FAILED
[2026-05-19T09:43:10Z] 5C161JEA304304  missing tcp:8080 — re-applying
adb: device '5C161JEA304304' not found
[2026-05-19T09:43:10Z] 5C161JEA304304  re-apply tcp:8080 FAILED
[2026-05-19T09:43:10Z] 5C161JEA304304  missing tcp:8081 — re-applying
adb: device '5C161JEA304304' not found
[2026-05-19T09:43:10Z] 5C161JEA304304  re-apply tcp:8081 FAILED
[2026-05-19T09:43:10Z] 5C161JEA304304  missing tcp:4566 — re-applying
adb: device '5C161JEA304304' not found
[2026-05-19T09:43:10Z] 5C161JEA304304  re-apply tcp:4566 FAILED
[2026-05-19T09:43:25Z] 5C161JEA304304  missing tcp:8080 — re-applying
adb: device '5C161JEA304304' not found
[2026-05-19T09:43:25Z] 5C161JEA304304  re-apply tcp:8080 FAILED
[2026-05-19T09:43:25Z] 5C161JEA304304  missing tcp:8081 — re-applying
adb: device '5C161JEA304304' not found
[2026-05-19T09:43:25Z] 5C161JEA304304  re-apply tcp:8081 FAILED
[2026-05-19T09:43:25Z] 5C161JEA304304  missing tcp:4566 — re-applying
adb: device '5C161JEA304304' not found
[2026-05-19T09:43:25Z] 5C161JEA304304  re-apply tcp:4566 FAILED
[2026-05-19T09:43:40Z] 5C161JEA304304  missing tcp:8080 — re-applying
adb: device '5C161JEA304304' not found
[2026-05-19T09:43:40Z] 5C161JEA304304  re-apply tcp:8080 FAILED
[2026-05-19T09:43:40Z] 5C161JEA304304  missing tcp:8081 — re-applying
adb: device '5C161JEA304304' not found
[2026-05-19T09:43:40Z] 5C161JEA304304  re-apply tcp:8081 FAILED
[2026-05-19T09:43:40Z] 5C161JEA304304  missing tcp:4566 — re-applying
adb: device '5C161JEA304304' not found
[2026-05-19T09:43:40Z] 5C161JEA304304  re-apply tcp:4566 FAILED
[2026-05-19T09:43:55Z] 5C161JEA304304  missing tcp:8080 — re-applying
adb: device '5C161JEA304304' not found
[2026-05-19T09:43:55Z] 5C161JEA304304  re-apply tcp:8080 FAILED
[2026-05-19T09:43:55Z] 5C161JEA304304  missing tcp:8081 — re-applying
adb: device '5C161JEA304304' not found
[2026-05-19T09:43:55Z] 5C161JEA304304  re-apply tcp:8081 FAILED
[2026-05-19T09:43:55Z] 5C161JEA304304  missing tcp:4566 — re-applying
adb: device '5C161JEA304304' not found
[2026-05-19T09:43:55Z] 5C161JEA304304  re-apply tcp:4566 FAILED
[2026-05-19T09:44:10Z] 5C161JEA304304  missing tcp:8080 — re-applying
adb: device '5C161JEA304304' not found
[2026-05-19T09:44:10Z] 5C161JEA304304  re-apply tcp:8080 FAILED
[2026-05-19T09:44:10Z] 5C161JEA304304  missing tcp:8081 — re-applying
adb: device '5C161JEA304304' not found
[2026-05-19T09:44:10Z] 5C161JEA304304  re-apply tcp:8081 FAILED
[2026-05-19T09:44:11Z] 5C161JEA304304  missing tcp:4566 — re-applying
adb: device '5C161JEA304304' not found
[2026-05-19T09:44:11Z] 5C161JEA304304  re-apply tcp:4566 FAILED
[2026-05-19T09:44:26Z] 5C161JEA304304  missing tcp:8080 — re-applying
adb: device '5C161JEA304304' not found
[2026-05-19T09:44:26Z] 5C161JEA304304  re-apply tcp:8080 FAILED
[2026-05-19T09:44:26Z] 5C161JEA304304  missing tcp:8081 — re-applying
adb: device '5C161JEA304304' not found
[2026-05-19T09:44:26Z] 5C161JEA304304  re-apply tcp:8081 FAILED
[2026-05-19T09:44:26Z] 5C161JEA304304  missing tcp:4566 — re-applying
adb: device '5C161JEA304304' not found
[2026-05-19T09:44:26Z] 5C161JEA304304  re-apply tcp:4566 FAILED
[2026-05-19T09:44:41Z] 5C161JEA304304  missing tcp:8080 — re-applying
adb: device '5C161JEA304304' not found
[2026-05-19T09:44:41Z] 5C161JEA304304  re-apply tcp:8080 FAILED
[2026-05-19T09:44:41Z] 5C161JEA304304  missing tcp:8081 — re-applying
adb: device '5C161JEA304304' not found
[2026-05-19T09:44:41Z] 5C161JEA304304  re-apply tcp:8081 FAILED
[2026-05-19T09:44:41Z] 5C161JEA304304  missing tcp:4566 — re-applying
adb: device '5C161JEA304304' not found
[2026-05-19T09:44:41Z] 5C161JEA304304  re-apply tcp:4566 FAILED
[2026-05-19T09:44:56Z] 5C161JEA304304  missing tcp:8080 — re-applying
adb: device '5C161JEA304304' not found
[2026-05-19T09:44:56Z] 5C161JEA304304  re-apply tcp:8080 FAILED
[2026-05-19T09:44:56Z] 5C161JEA304304  missing tcp:8081 — re-applying
adb: device '5C161JEA304304' not found
[2026-05-19T09:44:56Z] 5C161JEA304304  re-apply tcp:8081 FAILED
[2026-05-19T09:44:56Z] 5C161JEA304304  missing tcp:4566 — re-applying
adb: device '5C161JEA304304' not found
[2026-05-19T09:44:56Z] 5C161JEA304304  re-apply tcp:4566 FAILED
[2026-05-19T09:45:11Z] 5C161JEA304304  missing tcp:8080 — re-applying
adb: device '5C161JEA304304' not found
[2026-05-19T09:45:11Z] 5C161JEA304304  re-apply tcp:8080 FAILED
[2026-05-19T09:45:11Z] 5C161JEA304304  missing tcp:8081 — re-applying
adb: device '5C161JEA304304' not found
[2026-05-19T09:45:11Z] 5C161JEA304304  re-apply tcp:8081 FAILED
[2026-05-19T09:45:11Z] 5C161JEA304304  missing tcp:4566 — re-applying
adb: device '5C161JEA304304' not found
[2026-05-19T09:45:11Z] 5C161JEA304304  re-apply tcp:4566 FAILED
[2026-05-19T09:45:26Z] 5C161JEA304304  missing tcp:8080 — re-applying
adb: device '5C161JEA304304' not found
[2026-05-19T09:45:26Z] 5C161JEA304304  re-apply tcp:8080 FAILED
[2026-05-19T09:45:26Z] 5C161JEA304304  missing tcp:8081 — re-applying
adb: device '5C161JEA304304' not found
[2026-05-19T09:45:26Z] 5C161JEA304304  re-apply tcp:8081 FAILED
[2026-05-19T09:45:26Z] 5C161JEA304304  missing tcp:4566 — re-applying
adb: device '5C161JEA304304' not found
[2026-05-19T09:45:26Z] 5C161JEA304304  re-apply tcp:4566 FAILED
[2026-05-19T09:45:41Z] 5C161JEA304304  missing tcp:8080 — re-applying
adb: device '5C161JEA304304' not found
[2026-05-19T09:45:41Z] 5C161JEA304304  re-apply tcp:8080 FAILED
[2026-05-19T09:45:41Z] 5C161JEA304304  missing tcp:8081 — re-applying
adb: device '5C161JEA304304' not found
[2026-05-19T09:45:41Z] 5C161JEA304304  re-apply tcp:8081 FAILED
[2026-05-19T09:45:41Z] 5C161JEA304304  missing tcp:4566 — re-applying
adb: device '5C161JEA304304' not found
[2026-05-19T09:45:41Z] 5C161JEA304304  re-apply tcp:4566 FAILED
[2026-05-19T09:45:56Z] 5C161JEA304304  missing tcp:8080 — re-applying
adb: device '5C161JEA304304' not found
[2026-05-19T09:45:56Z] 5C161JEA304304  re-apply tcp:8080 FAILED
[2026-05-19T09:45:56Z] 5C161JEA304304  missing tcp:8081 — re-applying
adb: device '5C161JEA304304' not found
[2026-05-19T09:45:56Z] 5C161JEA304304  re-apply tcp:8081 FAILED
[2026-05-19T09:45:57Z] 5C161JEA304304  missing tcp:4566 — re-applying
adb: device '5C161JEA304304' not found
[2026-05-19T09:45:57Z] 5C161JEA304304  re-apply tcp:4566 FAILED
[2026-05-19T09:46:12Z] 5C161JEA304304  missing tcp:8080 — re-applying
adb: device '5C161JEA304304' not found
[2026-05-19T09:46:12Z] 5C161JEA304304  re-apply tcp:8080 FAILED
[2026-05-19T09:46:12Z] 5C161JEA304304  missing tcp:8081 — re-applying
adb: device '5C161JEA304304' not found
[2026-05-19T09:46:12Z] 5C161JEA304304  re-apply tcp:8081 FAILED
[2026-05-19T09:46:12Z] 5C161JEA304304  missing tcp:4566 — re-applying
adb: device '5C161JEA304304' not found
[2026-05-19T09:46:12Z] 5C161JEA304304  re-apply tcp:4566 FAILED
[2026-05-19T09:46:27Z] 5C161JEA304304  missing tcp:8080 — re-applying
adb: device '5C161JEA304304' not found
[2026-05-19T09:46:27Z] 5C161JEA304304  re-apply tcp:8080 FAILED
[2026-05-19T09:46:27Z] 5C161JEA304304  missing tcp:8081 — re-applying
adb: device '5C161JEA304304' not found
[2026-05-19T09:46:27Z] 5C161JEA304304  re-apply tcp:8081 FAILED
[2026-05-19T09:46:27Z] 5C161JEA304304  missing tcp:4566 — re-applying
adb: device '5C161JEA304304' not found
[2026-05-19T09:46:27Z] 5C161JEA304304  re-apply tcp:4566 FAILED
[2026-05-19T09:46:42Z] 5C161JEA304304  missing tcp:8080 — re-applying
adb: device '5C161JEA304304' not found
[2026-05-19T09:46:42Z] 5C161JEA304304  re-apply tcp:8080 FAILED
[2026-05-19T09:46:42Z] 5C161JEA304304  missing tcp:8081 — re-applying
adb: device '5C161JEA304304' not found
[2026-05-19T09:46:42Z] 5C161JEA304304  re-apply tcp:8081 FAILED
[2026-05-19T09:46:42Z] 5C161JEA304304  missing tcp:4566 — re-applying
adb: device '5C161JEA304304' not found
[2026-05-19T09:46:42Z] 5C161JEA304304  re-apply tcp:4566 FAILED
[2026-05-19T09:46:57Z] 5C161JEA304304  missing tcp:8080 — re-applying
adb: device '5C161JEA304304' not found
[2026-05-19T09:46:57Z] 5C161JEA304304  re-apply tcp:8080 FAILED
[2026-05-19T09:46:57Z] 5C161JEA304304  missing tcp:8081 — re-applying
adb: device '5C161JEA304304' not found
[2026-05-19T09:46:57Z] 5C161JEA304304  re-apply tcp:8081 FAILED
[2026-05-19T09:46:57Z] 5C161JEA304304  missing tcp:4566 — re-applying
adb: device '5C161JEA304304' not found
[2026-05-19T09:46:57Z] 5C161JEA304304  re-apply tcp:4566 FAILED
[2026-05-19T09:47:12Z] 5C161JEA304304  missing tcp:8080 — re-applying
adb: device '5C161JEA304304' not found
[2026-05-19T09:47:12Z] 5C161JEA304304  re-apply tcp:8080 FAILED
[2026-05-19T09:47:12Z] 5C161JEA304304  missing tcp:8081 — re-applying
adb: device '5C161JEA304304' not found
[2026-05-19T09:47:12Z] 5C161JEA304304  re-apply tcp:8081 FAILED
[2026-05-19T09:47:12Z] 5C161JEA304304  missing tcp:4566 — re-applying
adb: device '5C161JEA304304' not found
[2026-05-19T09:47:12Z] 5C161JEA304304  re-apply tcp:4566 FAILED
[2026-05-19T09:47:27Z] 5C161JEA304304  missing tcp:8080 — re-applying
adb: device '5C161JEA304304' not found
[2026-05-19T09:47:27Z] 5C161JEA304304  re-apply tcp:8080 FAILED
[2026-05-19T09:47:27Z] 5C161JEA304304  missing tcp:8081 — re-applying
adb: device '5C161JEA304304' not found
[2026-05-19T09:47:27Z] 5C161JEA304304  re-apply tcp:8081 FAILED
[2026-05-19T09:47:27Z] 5C161JEA304304  missing tcp:4566 — re-applying
adb: device '5C161JEA304304' not found
[2026-05-19T09:47:27Z] 5C161JEA304304  re-apply tcp:4566 FAILED
[2026-05-19T09:47:42Z] 5C161JEA304304  missing tcp:8080 — re-applying
adb: device '5C161JEA304304' not found
[2026-05-19T09:47:42Z] 5C161JEA304304  re-apply tcp:8080 FAILED
[2026-05-19T09:47:42Z] 5C161JEA304304  missing tcp:8081 — re-applying
adb: device '5C161JEA304304' not found
[2026-05-19T09:47:42Z] 5C161JEA304304  re-apply tcp:8081 FAILED
[2026-05-19T09:47:42Z] 5C161JEA304304  missing tcp:4566 — re-applying
adb: device '5C161JEA304304' not found
[2026-05-19T09:47:42Z] 5C161JEA304304  re-apply tcp:4566 FAILED
[2026-05-19T09:47:58Z] 5C161JEA304304  missing tcp:8080 — re-applying
adb: device '5C161JEA304304' not found
[2026-05-19T09:47:58Z] 5C161JEA304304  re-apply tcp:8080 FAILED
[2026-05-19T09:47:58Z] 5C161JEA304304  missing tcp:8081 — re-applying
adb: device '5C161JEA304304' not found
[2026-05-19T09:47:58Z] 5C161JEA304304  re-apply tcp:8081 FAILED
[2026-05-19T09:47:58Z] 5C161JEA304304  missing tcp:4566 — re-applying
adb: device '5C161JEA304304' not found
[2026-05-19T09:47:58Z] 5C161JEA304304  re-apply tcp:4566 FAILED
[2026-05-19T09:48:13Z] 5C161JEA304304  missing tcp:8080 — re-applying
adb: device '5C161JEA304304' not found
[2026-05-19T09:48:13Z] 5C161JEA304304  re-apply tcp:8080 FAILED
[2026-05-19T09:48:13Z] 5C161JEA304304  missing tcp:8081 — re-applying
adb: device '5C161JEA304304' not found
[2026-05-19T09:48:13Z] 5C161JEA304304  re-apply tcp:8081 FAILED
[2026-05-19T09:48:13Z] 5C161JEA304304  missing tcp:4566 — re-applying
adb: device '5C161JEA304304' not found
[2026-05-19T09:48:13Z] 5C161JEA304304  re-apply tcp:4566 FAILED
[2026-05-19T09:48:28Z] 5C161JEA304304  missing tcp:8080 — re-applying
adb: device '5C161JEA304304' not found
[2026-05-19T09:48:28Z] 5C161JEA304304  re-apply tcp:8080 FAILED
[2026-05-19T09:48:28Z] 5C161JEA304304  missing tcp:8081 — re-applying
adb: device '5C161JEA304304' not found
[2026-05-19T09:48:28Z] 5C161JEA304304  re-apply tcp:8081 FAILED
[2026-05-19T09:48:28Z] 5C161JEA304304  missing tcp:4566 — re-applying
adb: device '5C161JEA304304' not found
[2026-05-19T09:48:28Z] 5C161JEA304304  re-apply tcp:4566 FAILED
[2026-05-19T09:48:43Z] 5C161JEA304304  missing tcp:8080 — re-applying
adb: device '5C161JEA304304' not found
[2026-05-19T09:48:43Z] 5C161JEA304304  re-apply tcp:8080 FAILED
[2026-05-19T09:48:43Z] 5C161JEA304304  missing tcp:8081 — re-applying
adb: device '5C161JEA304304' not found
[2026-05-19T09:48:43Z] 5C161JEA304304  re-apply tcp:8081 FAILED
[2026-05-19T09:48:43Z] 5C161JEA304304  missing tcp:4566 — re-applying
adb: device '5C161JEA304304' not found
[2026-05-19T09:48:43Z] 5C161JEA304304  re-apply tcp:4566 FAILED
[2026-05-19T09:48:58Z] 5C161JEA304304  missing tcp:8080 — re-applying
adb: device '5C161JEA304304' not found
[2026-05-19T09:48:58Z] 5C161JEA304304  re-apply tcp:8080 FAILED
[2026-05-19T09:48:58Z] 5C161JEA304304  missing tcp:8081 — re-applying
adb: device '5C161JEA304304' not found
[2026-05-19T09:48:58Z] 5C161JEA304304  re-apply tcp:8081 FAILED
[2026-05-19T09:48:58Z] 5C161JEA304304  missing tcp:4566 — re-applying
adb: device '5C161JEA304304' not found
[2026-05-19T09:48:58Z] 5C161JEA304304  re-apply tcp:4566 FAILED
[2026-05-19T09:49:13Z] 5C161JEA304304  missing tcp:8080 — re-applying
adb: device '5C161JEA304304' not found
[2026-05-19T09:49:13Z] 5C161JEA304304  re-apply tcp:8080 FAILED
[2026-05-19T09:49:13Z] 5C161JEA304304  missing tcp:8081 — re-applying
adb: device '5C161JEA304304' not found
[2026-05-19T09:49:13Z] 5C161JEA304304  re-apply tcp:8081 FAILED
[2026-05-19T09:49:13Z] 5C161JEA304304  missing tcp:4566 — re-applying
adb: device '5C161JEA304304' not found
[2026-05-19T09:49:13Z] 5C161JEA304304  re-apply tcp:4566 FAILED
[2026-05-19T09:49:28Z] 5C161JEA304304  missing tcp:8080 — re-applying
adb: device '5C161JEA304304' not found
[2026-05-19T09:49:28Z] 5C161JEA304304  re-apply tcp:8080 FAILED
[2026-05-19T09:49:28Z] 5C161JEA304304  missing tcp:8081 — re-applying
adb: device '5C161JEA304304' not found
[2026-05-19T09:49:28Z] 5C161JEA304304  re-apply tcp:8081 FAILED
[2026-05-19T09:49:28Z] 5C161JEA304304  missing tcp:4566 — re-applying
adb: device '5C161JEA304304' not found
[2026-05-19T09:49:28Z] 5C161JEA304304  re-apply tcp:4566 FAILED
[2026-05-19T09:49:43Z] 5C161JEA304304  missing tcp:8080 — re-applying
adb: device '5C161JEA304304' not found
[2026-05-19T09:49:43Z] 5C161JEA304304  re-apply tcp:8080 FAILED
[2026-05-19T09:49:43Z] 5C161JEA304304  missing tcp:8081 — re-applying
adb: device '5C161JEA304304' not found
[2026-05-19T09:49:43Z] 5C161JEA304304  re-apply tcp:8081 FAILED
[2026-05-19T09:49:43Z] 5C161JEA304304  missing tcp:4566 — re-applying
adb: device '5C161JEA304304' not found
[2026-05-19T09:49:43Z] 5C161JEA304304  re-apply tcp:4566 FAILED
[2026-05-19T09:49:59Z] 5C161JEA304304  missing tcp:8080 — re-applying
adb: device '5C161JEA304304' not found
[2026-05-19T09:49:59Z] 5C161JEA304304  re-apply tcp:8080 FAILED
[2026-05-19T09:49:59Z] 5C161JEA304304  missing tcp:8081 — re-applying
adb: device '5C161JEA304304' not found
[2026-05-19T09:49:59Z] 5C161JEA304304  re-apply tcp:8081 FAILED
[2026-05-19T09:49:59Z] 5C161JEA304304  missing tcp:4566 — re-applying
adb: device '5C161JEA304304' not found
[2026-05-19T09:49:59Z] 5C161JEA304304  re-apply tcp:4566 FAILED
[2026-05-19T09:50:14Z] 5C161JEA304304  missing tcp:8080 — re-applying
adb: device '5C161JEA304304' not found
[2026-05-19T09:50:14Z] 5C161JEA304304  re-apply tcp:8080 FAILED
[2026-05-19T09:50:14Z] 5C161JEA304304  missing tcp:8081 — re-applying
adb: device '5C161JEA304304' not found
[2026-05-19T09:50:14Z] 5C161JEA304304  re-apply tcp:8081 FAILED
[2026-05-19T09:50:14Z] 5C161JEA304304  missing tcp:4566 — re-applying
adb: device '5C161JEA304304' not found
[2026-05-19T09:50:14Z] 5C161JEA304304  re-apply tcp:4566 FAILED
[2026-05-19T09:50:29Z] 5C161JEA304304  missing tcp:8080 — re-applying
adb: device '5C161JEA304304' not found
[2026-05-19T09:50:29Z] 5C161JEA304304  re-apply tcp:8080 FAILED
[2026-05-19T09:50:29Z] 5C161JEA304304  missing tcp:8081 — re-applying
adb: device '5C161JEA304304' not found
[2026-05-19T09:50:29Z] 5C161JEA304304  re-apply tcp:8081 FAILED
[2026-05-19T09:50:29Z] 5C161JEA304304  missing tcp:4566 — re-applying
adb: device '5C161JEA304304' not found
[2026-05-19T09:50:29Z] 5C161JEA304304  re-apply tcp:4566 FAILED
[2026-05-19T09:50:44Z] 5C161JEA304304  missing tcp:8080 — re-applying
adb: device '5C161JEA304304' not found
[2026-05-19T09:50:44Z] 5C161JEA304304  re-apply tcp:8080 FAILED
[2026-05-19T09:50:44Z] 5C161JEA304304  missing tcp:8081 — re-applying
adb: device '5C161JEA304304' not found
[2026-05-19T09:50:44Z] 5C161JEA304304  re-apply tcp:8081 FAILED
[2026-05-19T09:50:44Z] 5C161JEA304304  missing tcp:4566 — re-applying
adb: device '5C161JEA304304' not found
[2026-05-19T09:50:44Z] 5C161JEA304304  re-apply tcp:4566 FAILED
[2026-05-19T09:50:59Z] 5C161JEA304304  missing tcp:8080 — re-applying
adb: device '5C161JEA304304' not found
[2026-05-19T09:50:59Z] 5C161JEA304304  re-apply tcp:8080 FAILED
[2026-05-19T09:50:59Z] 5C161JEA304304  missing tcp:8081 — re-applying
adb: device '5C161JEA304304' not found
[2026-05-19T09:50:59Z] 5C161JEA304304  re-apply tcp:8081 FAILED
[2026-05-19T09:50:59Z] 5C161JEA304304  missing tcp:4566 — re-applying
adb: device '5C161JEA304304' not found
[2026-05-19T09:50:59Z] 5C161JEA304304  re-apply tcp:4566 FAILED
[2026-05-19T09:51:14Z] 5C161JEA304304  missing tcp:8080 — re-applying
adb: device '5C161JEA304304' not found
[2026-05-19T09:51:14Z] 5C161JEA304304  re-apply tcp:8080 FAILED
[2026-05-19T09:51:14Z] 5C161JEA304304  missing tcp:8081 — re-applying
adb: device '5C161JEA304304' not found
[2026-05-19T09:51:14Z] 5C161JEA304304  re-apply tcp:8081 FAILED
[2026-05-19T09:51:14Z] 5C161JEA304304  missing tcp:4566 — re-applying
adb: device '5C161JEA304304' not found
[2026-05-19T09:51:14Z] 5C161JEA304304  re-apply tcp:4566 FAILED
[2026-05-19T09:51:29Z] 5C161JEA304304  missing tcp:8080 — re-applying
adb: device '5C161JEA304304' not found
[2026-05-19T09:51:29Z] 5C161JEA304304  re-apply tcp:8080 FAILED
[2026-05-19T09:51:29Z] 5C161JEA304304  missing tcp:8081 — re-applying
adb: device '5C161JEA304304' not found
[2026-05-19T09:51:29Z] 5C161JEA304304  re-apply tcp:8081 FAILED
[2026-05-19T09:51:29Z] 5C161JEA304304  missing tcp:4566 — re-applying
adb: device '5C161JEA304304' not found
[2026-05-19T09:51:29Z] 5C161JEA304304  re-apply tcp:4566 FAILED
[2026-05-19T09:51:45Z] 5C161JEA304304  missing tcp:8080 — re-applying
adb: device '5C161JEA304304' not found
[2026-05-19T09:51:45Z] 5C161JEA304304  re-apply tcp:8080 FAILED
[2026-05-19T09:51:45Z] 5C161JEA304304  missing tcp:8081 — re-applying
adb: device '5C161JEA304304' not found
[2026-05-19T09:51:45Z] 5C161JEA304304  re-apply tcp:8081 FAILED
[2026-05-19T09:51:45Z] 5C161JEA304304  missing tcp:4566 — re-applying
adb: device '5C161JEA304304' not found
[2026-05-19T09:51:45Z] 5C161JEA304304  re-apply tcp:4566 FAILED
[2026-05-19T09:52:00Z] 5C161JEA304304  missing tcp:8080 — re-applying
adb: device '5C161JEA304304' not found
[2026-05-19T09:52:00Z] 5C161JEA304304  re-apply tcp:8080 FAILED
[2026-05-19T09:52:00Z] 5C161JEA304304  missing tcp:8081 — re-applying
adb: device '5C161JEA304304' not found
[2026-05-19T09:52:00Z] 5C161JEA304304  re-apply tcp:8081 FAILED
[2026-05-19T09:52:00Z] 5C161JEA304304  missing tcp:4566 — re-applying
adb: device '5C161JEA304304' not found
[2026-05-19T09:52:00Z] 5C161JEA304304  re-apply tcp:4566 FAILED
[2026-05-19T09:52:15Z] 5C161JEA304304  missing tcp:8080 — re-applying
adb: device '5C161JEA304304' not found
[2026-05-19T09:52:15Z] 5C161JEA304304  re-apply tcp:8080 FAILED
[2026-05-19T09:52:15Z] 5C161JEA304304  missing tcp:8081 — re-applying
adb: device '5C161JEA304304' not found
[2026-05-19T09:52:15Z] 5C161JEA304304  re-apply tcp:8081 FAILED
[2026-05-19T09:52:15Z] 5C161JEA304304  missing tcp:4566 — re-applying
adb: device '5C161JEA304304' not found
[2026-05-19T09:52:15Z] 5C161JEA304304  re-apply tcp:4566 FAILED
[2026-05-19T09:52:30Z] 5C161JEA304304  missing tcp:8080 — re-applying
adb: device '5C161JEA304304' not found
[2026-05-19T09:52:30Z] 5C161JEA304304  re-apply tcp:8080 FAILED
[2026-05-19T09:52:30Z] 5C161JEA304304  missing tcp:8081 — re-applying
adb: device '5C161JEA304304' not found
[2026-05-19T09:52:30Z] 5C161JEA304304  re-apply tcp:8081 FAILED
[2026-05-19T09:52:30Z] 5C161JEA304304  missing tcp:4566 — re-applying
adb: device '5C161JEA304304' not found
[2026-05-19T09:52:30Z] 5C161JEA304304  re-apply tcp:4566 FAILED
[2026-05-19T09:52:45Z] 5C161JEA304304  missing tcp:8080 — re-applying
adb: device '5C161JEA304304' not found
[2026-05-19T09:52:45Z] 5C161JEA304304  re-apply tcp:8080 FAILED
[2026-05-19T09:52:45Z] 5C161JEA304304  missing tcp:8081 — re-applying
adb: device '5C161JEA304304' not found
[2026-05-19T09:52:45Z] 5C161JEA304304  re-apply tcp:8081 FAILED
[2026-05-19T09:52:45Z] 5C161JEA304304  missing tcp:4566 — re-applying
adb: device '5C161JEA304304' not found
[2026-05-19T09:52:45Z] 5C161JEA304304  re-apply tcp:4566 FAILED
[2026-05-19T09:53:00Z] 5C161JEA304304  missing tcp:8080 — re-applying
adb: device '5C161JEA304304' not found
[2026-05-19T09:53:00Z] 5C161JEA304304  re-apply tcp:8080 FAILED
[2026-05-19T09:53:00Z] 5C161JEA304304  missing tcp:8081 — re-applying
adb: device '5C161JEA304304' not found
[2026-05-19T09:53:00Z] 5C161JEA304304  re-apply tcp:8081 FAILED
[2026-05-19T09:53:00Z] 5C161JEA304304  missing tcp:4566 — re-applying
adb: device '5C161JEA304304' not found
[2026-05-19T09:53:00Z] 5C161JEA304304  re-apply tcp:4566 FAILED
[2026-05-19T09:53:15Z] 5C161JEA304304  missing tcp:8080 — re-applying
adb: device '5C161JEA304304' not found
[2026-05-19T09:53:15Z] 5C161JEA304304  re-apply tcp:8080 FAILED
[2026-05-19T09:53:15Z] 5C161JEA304304  missing tcp:8081 — re-applying
adb: device '5C161JEA304304' not found
[2026-05-19T09:53:15Z] 5C161JEA304304  re-apply tcp:8081 FAILED
[2026-05-19T09:53:15Z] 5C161JEA304304  missing tcp:4566 — re-applying
adb: device '5C161JEA304304' not found
[2026-05-19T09:53:15Z] 5C161JEA304304  re-apply tcp:4566 FAILED
[2026-05-19T09:53:30Z] 5C161JEA304304  missing tcp:8080 — re-applying
adb: device '5C161JEA304304' not found
[2026-05-19T09:53:30Z] 5C161JEA304304  re-apply tcp:8080 FAILED
[2026-05-19T09:53:31Z] 5C161JEA304304  missing tcp:8081 — re-applying
adb: device '5C161JEA304304' not found
[2026-05-19T09:53:31Z] 5C161JEA304304  re-apply tcp:8081 FAILED
[2026-05-19T09:53:31Z] 5C161JEA304304  missing tcp:4566 — re-applying
adb: device '5C161JEA304304' not found
[2026-05-19T09:53:31Z] 5C161JEA304304  re-apply tcp:4566 FAILED
[2026-05-19T09:53:46Z] 5C161JEA304304  missing tcp:8080 — re-applying
adb: device '5C161JEA304304' not found
[2026-05-19T09:53:46Z] 5C161JEA304304  re-apply tcp:8080 FAILED
[2026-05-19T09:53:46Z] 5C161JEA304304  missing tcp:8081 — re-applying
adb: device '5C161JEA304304' not found
[2026-05-19T09:53:46Z] 5C161JEA304304  re-apply tcp:8081 FAILED
[2026-05-19T09:53:46Z] 5C161JEA304304  missing tcp:4566 — re-applying
adb: device '5C161JEA304304' not found
[2026-05-19T09:53:46Z] 5C161JEA304304  re-apply tcp:4566 FAILED
[2026-05-19T09:54:01Z] 5C161JEA304304  missing tcp:8080 — re-applying
adb: device '5C161JEA304304' not found
[2026-05-19T09:54:01Z] 5C161JEA304304  re-apply tcp:8080 FAILED
[2026-05-19T09:54:01Z] 5C161JEA304304  missing tcp:8081 — re-applying
adb: device '5C161JEA304304' not found
[2026-05-19T09:54:01Z] 5C161JEA304304  re-apply tcp:8081 FAILED
[2026-05-19T09:54:01Z] 5C161JEA304304  missing tcp:4566 — re-applying
adb: device '5C161JEA304304' not found
[2026-05-19T09:54:01Z] 5C161JEA304304  re-apply tcp:4566 FAILED
[2026-05-19T09:54:16Z] 5C161JEA304304  missing tcp:8080 — re-applying
adb: device '5C161JEA304304' not found
[2026-05-19T09:54:16Z] 5C161JEA304304  re-apply tcp:8080 FAILED
[2026-05-19T09:54:16Z] 5C161JEA304304  missing tcp:8081 — re-applying
adb: device '5C161JEA304304' not found
[2026-05-19T09:54:16Z] 5C161JEA304304  re-apply tcp:8081 FAILED
[2026-05-19T09:54:16Z] 5C161JEA304304  missing tcp:4566 — re-applying
adb: device '5C161JEA304304' not found
[2026-05-19T09:54:16Z] 5C161JEA304304  re-apply tcp:4566 FAILED
[2026-05-19T09:54:31Z] 5C161JEA304304  missing tcp:8080 — re-applying
adb: device '5C161JEA304304' not found
[2026-05-19T09:54:31Z] 5C161JEA304304  re-apply tcp:8080 FAILED
[2026-05-19T09:54:31Z] 5C161JEA304304  missing tcp:8081 — re-applying
adb: device '5C161JEA304304' not found
[2026-05-19T09:54:31Z] 5C161JEA304304  re-apply tcp:8081 FAILED
[2026-05-19T09:54:31Z] 5C161JEA304304  missing tcp:4566 — re-applying
adb: device '5C161JEA304304' not found
[2026-05-19T09:54:31Z] 5C161JEA304304  re-apply tcp:4566 FAILED
[2026-05-19T09:54:46Z] 5C161JEA304304  missing tcp:8080 — re-applying
adb: device '5C161JEA304304' not found
[2026-05-19T09:54:46Z] 5C161JEA304304  re-apply tcp:8080 FAILED
[2026-05-19T09:54:46Z] 5C161JEA304304  missing tcp:8081 — re-applying
adb: device '5C161JEA304304' not found
[2026-05-19T09:54:46Z] 5C161JEA304304  re-apply tcp:8081 FAILED
[2026-05-19T09:54:46Z] 5C161JEA304304  missing tcp:4566 — re-applying
adb: device '5C161JEA304304' not found
[2026-05-19T09:54:46Z] 5C161JEA304304  re-apply tcp:4566 FAILED
[2026-05-19T09:55:01Z] 5C161JEA304304  missing tcp:8080 — re-applying
adb: device '5C161JEA304304' not found
[2026-05-19T09:55:01Z] 5C161JEA304304  re-apply tcp:8080 FAILED
[2026-05-19T09:55:01Z] 5C161JEA304304  missing tcp:8081 — re-applying
adb: device '5C161JEA304304' not found
[2026-05-19T09:55:01Z] 5C161JEA304304  re-apply tcp:8081 FAILED
[2026-05-19T09:55:01Z] 5C161JEA304304  missing tcp:4566 — re-applying
adb: device '5C161JEA304304' not found
[2026-05-19T09:55:01Z] 5C161JEA304304  re-apply tcp:4566 FAILED
[2026-05-19T09:55:16Z] 5C161JEA304304  missing tcp:8080 — re-applying
adb: device '5C161JEA304304' not found
[2026-05-19T09:55:16Z] 5C161JEA304304  re-apply tcp:8080 FAILED
[2026-05-19T09:55:16Z] 5C161JEA304304  missing tcp:8081 — re-applying
adb: device '5C161JEA304304' not found
[2026-05-19T09:55:16Z] 5C161JEA304304  re-apply tcp:8081 FAILED
[2026-05-19T09:55:16Z] 5C161JEA304304  missing tcp:4566 — re-applying
adb: device '5C161JEA304304' not found
[2026-05-19T09:55:16Z] 5C161JEA304304  re-apply tcp:4566 FAILED
[2026-05-19T09:55:32Z] 5C161JEA304304  missing tcp:8080 — re-applying
adb: device '5C161JEA304304' not found
[2026-05-19T09:55:32Z] 5C161JEA304304  re-apply tcp:8080 FAILED
[2026-05-19T09:55:32Z] 5C161JEA304304  missing tcp:8081 — re-applying
adb: device '5C161JEA304304' not found
[2026-05-19T09:55:32Z] 5C161JEA304304  re-apply tcp:8081 FAILED
[2026-05-19T09:55:32Z] 5C161JEA304304  missing tcp:4566 — re-applying
adb: device '5C161JEA304304' not found
[2026-05-19T09:55:32Z] 5C161JEA304304  re-apply tcp:4566 FAILED
[2026-05-19T09:55:47Z] 5C161JEA304304  missing tcp:8080 — re-applying
adb: device '5C161JEA304304' not found
[2026-05-19T09:55:47Z] 5C161JEA304304  re-apply tcp:8080 FAILED
[2026-05-19T09:55:47Z] 5C161JEA304304  missing tcp:8081 — re-applying
adb: device '5C161JEA304304' not found
[2026-05-19T09:55:47Z] 5C161JEA304304  re-apply tcp:8081 FAILED
[2026-05-19T09:55:47Z] 5C161JEA304304  missing tcp:4566 — re-applying
adb: device '5C161JEA304304' not found
[2026-05-19T09:55:47Z] 5C161JEA304304  re-apply tcp:4566 FAILED
[2026-05-19T09:56:02Z] 5C161JEA304304  missing tcp:8080 — re-applying
adb: device '5C161JEA304304' not found
[2026-05-19T09:56:02Z] 5C161JEA304304  re-apply tcp:8080 FAILED
[2026-05-19T09:56:02Z] 5C161JEA304304  missing tcp:8081 — re-applying
adb: device '5C161JEA304304' not found
[2026-05-19T09:56:02Z] 5C161JEA304304  re-apply tcp:8081 FAILED
[2026-05-19T09:56:02Z] 5C161JEA304304  missing tcp:4566 — re-applying
adb: device '5C161JEA304304' not found
[2026-05-19T09:56:02Z] 5C161JEA304304  re-apply tcp:4566 FAILED
[2026-05-19T09:56:17Z] 5C161JEA304304  missing tcp:8080 — re-applying
adb: device '5C161JEA304304' not found
[2026-05-19T09:56:17Z] 5C161JEA304304  re-apply tcp:8080 FAILED
[2026-05-19T09:56:17Z] 5C161JEA304304  missing tcp:8081 — re-applying
adb: device '5C161JEA304304' not found
[2026-05-19T09:56:17Z] 5C161JEA304304  re-apply tcp:8081 FAILED
[2026-05-19T09:56:17Z] 5C161JEA304304  missing tcp:4566 — re-applying
adb: device '5C161JEA304304' not found
[2026-05-19T09:56:17Z] 5C161JEA304304  re-apply tcp:4566 FAILED
[2026-05-19T09:56:32Z] 5C161JEA304304  missing tcp:8080 — re-applying
adb: device '5C161JEA304304' not found
[2026-05-19T09:56:32Z] 5C161JEA304304  re-apply tcp:8080 FAILED
[2026-05-19T09:56:32Z] 5C161JEA304304  missing tcp:8081 — re-applying
adb: device '5C161JEA304304' not found
[2026-05-19T09:56:32Z] 5C161JEA304304  re-apply tcp:8081 FAILED
[2026-05-19T09:56:32Z] 5C161JEA304304  missing tcp:4566 — re-applying
adb: device '5C161JEA304304' not found
[2026-05-19T09:56:32Z] 5C161JEA304304  re-apply tcp:4566 FAILED
[2026-05-19T10:04:59Z] 5C161JEA304304  missing tcp:8080 — re-applying
adb: device '5C161JEA304304' not found
[2026-05-19T10:04:59Z] 5C161JEA304304  re-apply tcp:8080 FAILED
[2026-05-19T10:04:59Z] 5C161JEA304304  missing tcp:8081 — re-applying
adb: device '5C161JEA304304' not found
[2026-05-19T10:04:59Z] 5C161JEA304304  re-apply tcp:8081 FAILED
[2026-05-19T10:04:59Z] 5C161JEA304304  missing tcp:4566 — re-applying
adb: device '5C161JEA304304' not found
[2026-05-19T10:04:59Z] 5C161JEA304304  re-apply tcp:4566 FAILED
[2026-05-19T10:05:14Z] 5C161JEA304304  missing tcp:8080 — re-applying
adb: device '5C161JEA304304' not found
[2026-05-19T10:05:14Z] 5C161JEA304304  re-apply tcp:8080 FAILED
[2026-05-19T10:05:14Z] 5C161JEA304304  missing tcp:8081 — re-applying
adb: device '5C161JEA304304' not found
[2026-05-19T10:05:14Z] 5C161JEA304304  re-apply tcp:8081 FAILED
[2026-05-19T10:05:14Z] 5C161JEA304304  missing tcp:4566 — re-applying
adb: device '5C161JEA304304' not found
[2026-05-19T10:05:14Z] 5C161JEA304304  re-apply tcp:4566 FAILED
[2026-05-19T10:05:30Z] 5C161JEA304304  missing tcp:8080 — re-applying
adb: device '5C161JEA304304' not found
[2026-05-19T10:05:30Z] 5C161JEA304304  re-apply tcp:8080 FAILED
[2026-05-19T10:05:30Z] 5C161JEA304304  missing tcp:8081 — re-applying
adb: device '5C161JEA304304' not found
[2026-05-19T10:05:30Z] 5C161JEA304304  re-apply tcp:8081 FAILED
[2026-05-19T10:05:30Z] 5C161JEA304304  missing tcp:4566 — re-applying
adb: device '5C161JEA304304' not found
[2026-05-19T10:05:30Z] 5C161JEA304304  re-apply tcp:4566 FAILED
[2026-05-19T10:05:45Z] 5C161JEA304304  missing tcp:8080 — re-applying
adb: device '5C161JEA304304' not found
[2026-05-19T10:05:45Z] 5C161JEA304304  re-apply tcp:8080 FAILED
[2026-05-19T10:05:45Z] 5C161JEA304304  missing tcp:8081 — re-applying
adb: device '5C161JEA304304' not found
[2026-05-19T10:05:45Z] 5C161JEA304304  re-apply tcp:8081 FAILED
[2026-05-19T10:05:45Z] 5C161JEA304304  missing tcp:4566 — re-applying
adb: device '5C161JEA304304' not found
[2026-05-19T10:05:45Z] 5C161JEA304304  re-apply tcp:4566 FAILED
[2026-05-19T10:06:00Z] 5C161JEA304304  missing tcp:8080 — re-applying
adb: device '5C161JEA304304' not found
[2026-05-19T10:06:00Z] 5C161JEA304304  re-apply tcp:8080 FAILED
[2026-05-19T10:06:00Z] 5C161JEA304304  missing tcp:8081 — re-applying
adb: device '5C161JEA304304' not found
[2026-05-19T10:06:00Z] 5C161JEA304304  re-apply tcp:8081 FAILED
[2026-05-19T10:06:00Z] 5C161JEA304304  missing tcp:4566 — re-applying
adb: device '5C161JEA304304' not found
[2026-05-19T10:06:00Z] 5C161JEA304304  re-apply tcp:4566 FAILED
[2026-05-19T10:06:15Z] 5C161JEA304304  missing tcp:8080 — re-applying
adb: device '5C161JEA304304' not found
[2026-05-19T10:06:15Z] 5C161JEA304304  re-apply tcp:8080 FAILED
[2026-05-19T10:06:15Z] 5C161JEA304304  missing tcp:8081 — re-applying
adb: device '5C161JEA304304' not found
[2026-05-19T10:06:15Z] 5C161JEA304304  re-apply tcp:8081 FAILED
[2026-05-19T10:06:15Z] 5C161JEA304304  missing tcp:4566 — re-applying
adb: device '5C161JEA304304' not found
[2026-05-19T10:06:15Z] 5C161JEA304304  re-apply tcp:4566 FAILED
[2026-05-19T10:06:30Z] 5C161JEA304304  missing tcp:8080 — re-applying
adb: device '5C161JEA304304' not found
[2026-05-19T10:06:30Z] 5C161JEA304304  re-apply tcp:8080 FAILED
[2026-05-19T10:06:30Z] 5C161JEA304304  missing tcp:8081 — re-applying
adb: device '5C161JEA304304' not found
[2026-05-19T10:06:30Z] 5C161JEA304304  re-apply tcp:8081 FAILED
[2026-05-19T10:06:30Z] 5C161JEA304304  missing tcp:4566 — re-applying
adb: device '5C161JEA304304' not found
[2026-05-19T10:06:30Z] 5C161JEA304304  re-apply tcp:4566 FAILED
[2026-05-19T10:24:41Z] 5C161JEA304304  missing tcp:8080 — re-applying
adb: device '5C161JEA304304' not found
[2026-05-19T10:24:41Z] 5C161JEA304304  re-apply tcp:8080 FAILED
[2026-05-19T10:24:41Z] 5C161JEA304304  missing tcp:8081 — re-applying
adb: device '5C161JEA304304' not found
[2026-05-19T10:24:41Z] 5C161JEA304304  re-apply tcp:8081 FAILED
[2026-05-19T10:24:41Z] 5C161JEA304304  missing tcp:4566 — re-applying
adb: device '5C161JEA304304' not found
[2026-05-19T10:24:41Z] 5C161JEA304304  re-apply tcp:4566 FAILED
[2026-05-19T11:15:25Z] 5C161JEA304304  missing tcp:8080 — re-applying
adb: device '5C161JEA304304' not found
[2026-05-19T11:15:25Z] 5C161JEA304304  re-apply tcp:8080 FAILED
[2026-05-19T11:15:25Z] 5C161JEA304304  missing tcp:8081 — re-applying
adb: device '5C161JEA304304' not found
[2026-05-19T11:15:25Z] 5C161JEA304304  re-apply tcp:8081 FAILED
[2026-05-19T11:15:25Z] 5C161JEA304304  missing tcp:4566 — re-applying
adb: device '5C161JEA304304' not found
[2026-05-19T11:15:25Z] 5C161JEA304304  re-apply tcp:4566 FAILED
[2026-05-19T11:18:58Z] 5C161JEA304304  missing tcp:8080 — re-applying
adb: device '5C161JEA304304' not found
[2026-05-19T11:18:58Z] 5C161JEA304304  re-apply tcp:8080 FAILED
[2026-05-19T11:18:58Z] 5C161JEA304304  missing tcp:8081 — re-applying
adb: device '5C161JEA304304' not found
[2026-05-19T11:18:58Z] 5C161JEA304304  re-apply tcp:8081 FAILED
[2026-05-19T11:18:58Z] 5C161JEA304304  missing tcp:4566 — re-applying
adb: device '5C161JEA304304' not found
[2026-05-19T11:18:58Z] 5C161JEA304304  re-apply tcp:4566 FAILED
[2026-05-19T11:19:13Z] 5C161JEA304304  missing tcp:8080 — re-applying
adb: device '5C161JEA304304' not found
[2026-05-19T11:19:13Z] 5C161JEA304304  re-apply tcp:8080 FAILED
[2026-05-19T11:19:13Z] 5C161JEA304304  missing tcp:8081 — re-applying
adb: device '5C161JEA304304' not found
[2026-05-19T11:19:13Z] 5C161JEA304304  re-apply tcp:8081 FAILED
[2026-05-19T11:19:13Z] 5C161JEA304304  missing tcp:4566 — re-applying
adb: device '5C161JEA304304' not found
[2026-05-19T11:19:13Z] 5C161JEA304304  re-apply tcp:4566 FAILED
[2026-05-19T11:19:28Z] 5C161JEA304304  missing tcp:8080 — re-applying
adb: device '5C161JEA304304' not found
[2026-05-19T11:19:28Z] 5C161JEA304304  re-apply tcp:8080 FAILED
[2026-05-19T11:19:28Z] 5C161JEA304304  missing tcp:8081 — re-applying
adb: device '5C161JEA304304' not found
[2026-05-19T11:19:28Z] 5C161JEA304304  re-apply tcp:8081 FAILED
[2026-05-19T11:19:28Z] 5C161JEA304304  missing tcp:4566 — re-applying
adb: device '5C161JEA304304' not found
[2026-05-19T11:19:28Z] 5C161JEA304304  re-apply tcp:4566 FAILED
[2026-05-19T11:19:44Z] 5C161JEA304304  missing tcp:8080 — re-applying
adb: device '5C161JEA304304' not found
[2026-05-19T11:19:44Z] 5C161JEA304304  re-apply tcp:8080 FAILED
[2026-05-19T11:19:44Z] 5C161JEA304304  missing tcp:8081 — re-applying
adb: device '5C161JEA304304' not found
[2026-05-19T11:19:44Z] 5C161JEA304304  re-apply tcp:8081 FAILED
[2026-05-19T11:19:44Z] 5C161JEA304304  missing tcp:4566 — re-applying
adb: device '5C161JEA304304' not found
[2026-05-19T11:19:44Z] 5C161JEA304304  re-apply tcp:4566 FAILED
[2026-05-19T11:19:59Z] 5C161JEA304304  missing tcp:8080 — re-applying
adb: device '5C161JEA304304' not found
[2026-05-19T11:19:59Z] 5C161JEA304304  re-apply tcp:8080 FAILED
[2026-05-19T11:19:59Z] 5C161JEA304304  missing tcp:8081 — re-applying
adb: device '5C161JEA304304' not found
[2026-05-19T11:19:59Z] 5C161JEA304304  re-apply tcp:8081 FAILED
[2026-05-19T11:19:59Z] 5C161JEA304304  missing tcp:4566 — re-applying
adb: device '5C161JEA304304' not found
[2026-05-19T11:19:59Z] 5C161JEA304304  re-apply tcp:4566 FAILED
[2026-05-19T11:20:14Z] 5C161JEA304304  missing tcp:8080 — re-applying
adb: device '5C161JEA304304' not found
[2026-05-19T11:20:14Z] 5C161JEA304304  re-apply tcp:8080 FAILED
[2026-05-19T11:20:14Z] 5C161JEA304304  missing tcp:8081 — re-applying
adb: device '5C161JEA304304' not found
[2026-05-19T11:20:14Z] 5C161JEA304304  re-apply tcp:8081 FAILED
[2026-05-19T11:20:14Z] 5C161JEA304304  missing tcp:4566 — re-applying
adb: device '5C161JEA304304' not found
[2026-05-19T11:20:14Z] 5C161JEA304304  re-apply tcp:4566 FAILED
[2026-05-19T11:20:29Z] 5C161JEA304304  missing tcp:8080 — re-applying
adb: device '5C161JEA304304' not found
[2026-05-19T11:20:29Z] 5C161JEA304304  re-apply tcp:8080 FAILED
[2026-05-19T11:20:29Z] 5C161JEA304304  missing tcp:8081 — re-applying
adb: device '5C161JEA304304' not found
[2026-05-19T11:20:29Z] 5C161JEA304304  re-apply tcp:8081 FAILED
[2026-05-19T11:20:29Z] 5C161JEA304304  missing tcp:4566 — re-applying
adb: device '5C161JEA304304' not found
[2026-05-19T11:20:29Z] 5C161JEA304304  re-apply tcp:4566 FAILED
[2026-05-19T11:20:45Z] 5C161JEA304304  missing tcp:8080 — re-applying
adb: device '5C161JEA304304' not found
[2026-05-19T11:20:45Z] 5C161JEA304304  re-apply tcp:8080 FAILED
[2026-05-19T11:20:45Z] 5C161JEA304304  missing tcp:8081 — re-applying
adb: device '5C161JEA304304' not found
[2026-05-19T11:20:45Z] 5C161JEA304304  re-apply tcp:8081 FAILED
[2026-05-19T11:20:45Z] 5C161JEA304304  missing tcp:4566 — re-applying
adb: device '5C161JEA304304' not found
[2026-05-19T11:20:45Z] 5C161JEA304304  re-apply tcp:4566 FAILED
[2026-05-19T11:21:00Z] 5C161JEA304304  missing tcp:8080 — re-applying
adb: device '5C161JEA304304' not found
[2026-05-19T11:21:00Z] 5C161JEA304304  re-apply tcp:8080 FAILED
[2026-05-19T11:21:00Z] 5C161JEA304304  missing tcp:8081 — re-applying
adb: device '5C161JEA304304' not found
[2026-05-19T11:21:00Z] 5C161JEA304304  re-apply tcp:8081 FAILED
[2026-05-19T11:21:00Z] 5C161JEA304304  missing tcp:4566 — re-applying
adb: device '5C161JEA304304' not found
[2026-05-19T11:21:00Z] 5C161JEA304304  re-apply tcp:4566 FAILED
[2026-05-19T11:21:15Z] 5C161JEA304304  missing tcp:8080 — re-applying
adb: device '5C161JEA304304' not found
[2026-05-19T11:21:15Z] 5C161JEA304304  re-apply tcp:8080 FAILED
[2026-05-19T11:21:15Z] 5C161JEA304304  missing tcp:8081 — re-applying
adb: device '5C161JEA304304' not found
[2026-05-19T11:21:15Z] 5C161JEA304304  re-apply tcp:8081 FAILED
[2026-05-19T11:21:15Z] 5C161JEA304304  missing tcp:4566 — re-applying
adb: device '5C161JEA304304' not found
[2026-05-19T11:21:15Z] 5C161JEA304304  re-apply tcp:4566 FAILED
[2026-05-19T11:21:30Z] 5C161JEA304304  missing tcp:8080 — re-applying
adb: device '5C161JEA304304' not found
[2026-05-19T11:21:30Z] 5C161JEA304304  re-apply tcp:8080 FAILED
[2026-05-19T11:21:30Z] 5C161JEA304304  missing tcp:8081 — re-applying
adb: device '5C161JEA304304' not found
[2026-05-19T11:21:30Z] 5C161JEA304304  re-apply tcp:8081 FAILED
[2026-05-19T11:21:30Z] 5C161JEA304304  missing tcp:4566 — re-applying
adb: device '5C161JEA304304' not found
[2026-05-19T11:21:30Z] 5C161JEA304304  re-apply tcp:4566 FAILED
[2026-05-19T11:21:45Z] 5C161JEA304304  missing tcp:8080 — re-applying
adb: device '5C161JEA304304' not found
[2026-05-19T11:21:45Z] 5C161JEA304304  re-apply tcp:8080 FAILED
[2026-05-19T11:21:45Z] 5C161JEA304304  missing tcp:8081 — re-applying
adb: device '5C161JEA304304' not found
[2026-05-19T11:21:45Z] 5C161JEA304304  re-apply tcp:8081 FAILED
[2026-05-19T11:21:45Z] 5C161JEA304304  missing tcp:4566 — re-applying
adb: device '5C161JEA304304' not found
[2026-05-19T11:21:45Z] 5C161JEA304304  re-apply tcp:4566 FAILED
[2026-05-19T11:22:00Z] 5C161JEA304304  missing tcp:8080 — re-applying
adb: device '5C161JEA304304' not found
[2026-05-19T11:22:00Z] 5C161JEA304304  re-apply tcp:8080 FAILED
[2026-05-19T11:22:00Z] 5C161JEA304304  missing tcp:8081 — re-applying
adb: device '5C161JEA304304' not found
[2026-05-19T11:22:00Z] 5C161JEA304304  re-apply tcp:8081 FAILED
[2026-05-19T11:22:00Z] 5C161JEA304304  missing tcp:4566 — re-applying
adb: device '5C161JEA304304' not found
[2026-05-19T11:22:00Z] 5C161JEA304304  re-apply tcp:4566 FAILED
[2026-05-19T11:22:15Z] 5C161JEA304304  missing tcp:8080 — re-applying
adb: device '5C161JEA304304' not found
[2026-05-19T11:22:15Z] 5C161JEA304304  re-apply tcp:8080 FAILED
[2026-05-19T11:22:15Z] 5C161JEA304304  missing tcp:8081 — re-applying
adb: device '5C161JEA304304' not found
[2026-05-19T11:22:15Z] 5C161JEA304304  re-apply tcp:8081 FAILED
[2026-05-19T11:22:15Z] 5C161JEA304304  missing tcp:4566 — re-applying
adb: device '5C161JEA304304' not found
[2026-05-19T11:22:15Z] 5C161JEA304304  re-apply tcp:4566 FAILED
[2026-05-19T11:22:30Z] 5C161JEA304304  missing tcp:8080 — re-applying
adb: device '5C161JEA304304' not found
[2026-05-19T11:22:30Z] 5C161JEA304304  re-apply tcp:8080 FAILED
[2026-05-19T11:22:30Z] 5C161JEA304304  missing tcp:8081 — re-applying
adb: device '5C161JEA304304' not found
[2026-05-19T11:22:30Z] 5C161JEA304304  re-apply tcp:8081 FAILED
[2026-05-19T11:22:30Z] 5C161JEA304304  missing tcp:4566 — re-applying
adb: device '5C161JEA304304' not found
[2026-05-19T11:22:30Z] 5C161JEA304304  re-apply tcp:4566 FAILED
[2026-05-19T11:22:46Z] 5C161JEA304304  missing tcp:8080 — re-applying
adb: device '5C161JEA304304' not found
[2026-05-19T11:22:46Z] 5C161JEA304304  re-apply tcp:8080 FAILED
[2026-05-19T11:22:46Z] 5C161JEA304304  missing tcp:8081 — re-applying
adb: device '5C161JEA304304' not found
[2026-05-19T11:22:46Z] 5C161JEA304304  re-apply tcp:8081 FAILED
[2026-05-19T11:22:46Z] 5C161JEA304304  missing tcp:4566 — re-applying
adb: device '5C161JEA304304' not found
[2026-05-19T11:22:46Z] 5C161JEA304304  re-apply tcp:4566 FAILED
[2026-05-19T11:23:01Z] 5C161JEA304304  missing tcp:8080 — re-applying
adb: device '5C161JEA304304' not found
[2026-05-19T11:23:01Z] 5C161JEA304304  re-apply tcp:8080 FAILED
[2026-05-19T11:23:01Z] 5C161JEA304304  missing tcp:8081 — re-applying
adb: device '5C161JEA304304' not found
[2026-05-19T11:23:01Z] 5C161JEA304304  re-apply tcp:8081 FAILED
[2026-05-19T11:23:01Z] 5C161JEA304304  missing tcp:4566 — re-applying
adb: device '5C161JEA304304' not found
[2026-05-19T11:23:01Z] 5C161JEA304304  re-apply tcp:4566 FAILED
[2026-05-19T11:23:16Z] 5C161JEA304304  missing tcp:8080 — re-applying
adb: device '5C161JEA304304' not found
[2026-05-19T11:23:16Z] 5C161JEA304304  re-apply tcp:8080 FAILED
[2026-05-19T11:23:16Z] 5C161JEA304304  missing tcp:8081 — re-applying
adb: device '5C161JEA304304' not found
[2026-05-19T11:23:16Z] 5C161JEA304304  re-apply tcp:8081 FAILED
[2026-05-19T11:23:16Z] 5C161JEA304304  missing tcp:4566 — re-applying
adb: device '5C161JEA304304' not found
[2026-05-19T11:23:16Z] 5C161JEA304304  re-apply tcp:4566 FAILED
[2026-05-19T11:23:31Z] 5C161JEA304304  missing tcp:8080 — re-applying
adb: device '5C161JEA304304' not found
[2026-05-19T11:23:31Z] 5C161JEA304304  re-apply tcp:8080 FAILED
[2026-05-19T11:23:31Z] 5C161JEA304304  missing tcp:8081 — re-applying
adb: device '5C161JEA304304' not found
[2026-05-19T11:23:31Z] 5C161JEA304304  re-apply tcp:8081 FAILED
[2026-05-19T11:23:31Z] 5C161JEA304304  missing tcp:4566 — re-applying
adb: device '5C161JEA304304' not found
[2026-05-19T11:23:31Z] 5C161JEA304304  re-apply tcp:4566 FAILED
[2026-05-19T11:23:46Z] 5C161JEA304304  missing tcp:8080 — re-applying
adb: device '5C161JEA304304' not found
[2026-05-19T11:23:46Z] 5C161JEA304304  re-apply tcp:8080 FAILED
[2026-05-19T11:23:46Z] 5C161JEA304304  missing tcp:8081 — re-applying
adb: device '5C161JEA304304' not found
[2026-05-19T11:23:46Z] 5C161JEA304304  re-apply tcp:8081 FAILED
[2026-05-19T11:23:46Z] 5C161JEA304304  missing tcp:4566 — re-applying
adb: device '5C161JEA304304' not found
[2026-05-19T11:23:46Z] 5C161JEA304304  re-apply tcp:4566 FAILED
[2026-05-19T11:24:01Z] 5C161JEA304304  missing tcp:8080 — re-applying
adb: device '5C161JEA304304' not found
[2026-05-19T11:24:01Z] 5C161JEA304304  re-apply tcp:8080 FAILED
[2026-05-19T11:24:01Z] 5C161JEA304304  missing tcp:8081 — re-applying
adb: device '5C161JEA304304' not found
[2026-05-19T11:24:01Z] 5C161JEA304304  re-apply tcp:8081 FAILED
[2026-05-19T11:24:01Z] 5C161JEA304304  missing tcp:4566 — re-applying
adb: device '5C161JEA304304' not found
[2026-05-19T11:24:01Z] 5C161JEA304304  re-apply tcp:4566 FAILED
[2026-05-19T11:24:16Z] 5C161JEA304304  missing tcp:8080 — re-applying
adb: device '5C161JEA304304' not found
[2026-05-19T11:24:16Z] 5C161JEA304304  re-apply tcp:8080 FAILED
[2026-05-19T11:24:16Z] 5C161JEA304304  missing tcp:8081 — re-applying
adb: device '5C161JEA304304' not found
[2026-05-19T11:24:16Z] 5C161JEA304304  re-apply tcp:8081 FAILED
[2026-05-19T11:24:16Z] 5C161JEA304304  missing tcp:4566 — re-applying
adb: device '5C161JEA304304' not found
[2026-05-19T11:24:16Z] 5C161JEA304304  re-apply tcp:4566 FAILED
[2026-05-19T11:24:31Z] 5C161JEA304304  missing tcp:8080 — re-applying
adb: device '5C161JEA304304' not found
[2026-05-19T11:24:31Z] 5C161JEA304304  re-apply tcp:8080 FAILED
[2026-05-19T11:24:31Z] 5C161JEA304304  missing tcp:8081 — re-applying
adb: device '5C161JEA304304' not found
[2026-05-19T11:24:31Z] 5C161JEA304304  re-apply tcp:8081 FAILED
[2026-05-19T11:24:32Z] 5C161JEA304304  missing tcp:4566 — re-applying
adb: device '5C161JEA304304' not found
[2026-05-19T11:24:32Z] 5C161JEA304304  re-apply tcp:4566 FAILED
[2026-05-19T11:24:47Z] 5C161JEA304304  missing tcp:8080 — re-applying
adb: device '5C161JEA304304' not found
[2026-05-19T11:24:47Z] 5C161JEA304304  re-apply tcp:8080 FAILED
[2026-05-19T11:24:47Z] 5C161JEA304304  missing tcp:8081 — re-applying
adb: device '5C161JEA304304' not found
[2026-05-19T11:24:47Z] 5C161JEA304304  re-apply tcp:8081 FAILED
[2026-05-19T11:24:47Z] 5C161JEA304304  missing tcp:4566 — re-applying
adb: device '5C161JEA304304' not found
[2026-05-19T11:24:47Z] 5C161JEA304304  re-apply tcp:4566 FAILED
[2026-05-19T11:25:02Z] 5C161JEA304304  missing tcp:8080 — re-applying
adb: device '5C161JEA304304' not found
[2026-05-19T11:25:02Z] 5C161JEA304304  re-apply tcp:8080 FAILED
[2026-05-19T11:25:02Z] 5C161JEA304304  missing tcp:8081 — re-applying
adb: device '5C161JEA304304' not found
[2026-05-19T11:25:02Z] 5C161JEA304304  re-apply tcp:8081 FAILED
[2026-05-19T11:25:02Z] 5C161JEA304304  missing tcp:4566 — re-applying
adb: device '5C161JEA304304' not found
[2026-05-19T11:25:02Z] 5C161JEA304304  re-apply tcp:4566 FAILED
[2026-05-19T11:25:17Z] 5C161JEA304304  missing tcp:8080 — re-applying
adb: device '5C161JEA304304' not found
[2026-05-19T11:25:17Z] 5C161JEA304304  re-apply tcp:8080 FAILED
[2026-05-19T11:25:17Z] 5C161JEA304304  missing tcp:8081 — re-applying
adb: device '5C161JEA304304' not found
[2026-05-19T11:25:17Z] 5C161JEA304304  re-apply tcp:8081 FAILED
[2026-05-19T11:25:17Z] 5C161JEA304304  missing tcp:4566 — re-applying
adb: device '5C161JEA304304' not found
[2026-05-19T11:25:17Z] 5C161JEA304304  re-apply tcp:4566 FAILED
[2026-05-19T11:25:32Z] 5C161JEA304304  missing tcp:8080 — re-applying
adb: device '5C161JEA304304' not found
[2026-05-19T11:25:32Z] 5C161JEA304304  re-apply tcp:8080 FAILED
[2026-05-19T11:25:32Z] 5C161JEA304304  missing tcp:8081 — re-applying
adb: device '5C161JEA304304' not found
[2026-05-19T11:25:32Z] 5C161JEA304304  re-apply tcp:8081 FAILED
[2026-05-19T11:25:32Z] 5C161JEA304304  missing tcp:4566 — re-applying
adb: device '5C161JEA304304' not found
[2026-05-19T11:25:32Z] 5C161JEA304304  re-apply tcp:4566 FAILED
[2026-05-19T11:25:47Z] 5C161JEA304304  missing tcp:8080 — re-applying
adb: device '5C161JEA304304' not found
[2026-05-19T11:25:47Z] 5C161JEA304304  re-apply tcp:8080 FAILED
[2026-05-19T11:25:47Z] 5C161JEA304304  missing tcp:8081 — re-applying
adb: device '5C161JEA304304' not found
[2026-05-19T11:25:47Z] 5C161JEA304304  re-apply tcp:8081 FAILED
[2026-05-19T11:25:47Z] 5C161JEA304304  missing tcp:4566 — re-applying
adb: device '5C161JEA304304' not found
[2026-05-19T11:25:47Z] 5C161JEA304304  re-apply tcp:4566 FAILED
[2026-05-19T11:26:02Z] 5C161JEA304304  missing tcp:8080 — re-applying
adb: device '5C161JEA304304' not found
[2026-05-19T11:26:02Z] 5C161JEA304304  re-apply tcp:8080 FAILED
[2026-05-19T11:26:02Z] 5C161JEA304304  missing tcp:8081 — re-applying
adb: device '5C161JEA304304' not found
[2026-05-19T11:26:02Z] 5C161JEA304304  re-apply tcp:8081 FAILED
[2026-05-19T11:26:02Z] 5C161JEA304304  missing tcp:4566 — re-applying
adb: device '5C161JEA304304' not found
[2026-05-19T11:26:02Z] 5C161JEA304304  re-apply tcp:4566 FAILED
[2026-05-19T11:26:17Z] 5C161JEA304304  missing tcp:8080 — re-applying
adb: device '5C161JEA304304' not found
[2026-05-19T11:26:17Z] 5C161JEA304304  re-apply tcp:8080 FAILED
[2026-05-19T11:26:17Z] 5C161JEA304304  missing tcp:8081 — re-applying
adb: device '5C161JEA304304' not found
[2026-05-19T11:26:17Z] 5C161JEA304304  re-apply tcp:8081 FAILED
[2026-05-19T11:26:17Z] 5C161JEA304304  missing tcp:4566 — re-applying
adb: device '5C161JEA304304' not found
[2026-05-19T11:26:17Z] 5C161JEA304304  re-apply tcp:4566 FAILED
[2026-05-19T11:26:33Z] 5C161JEA304304  missing tcp:8080 — re-applying
adb: device '5C161JEA304304' not found
[2026-05-19T11:26:33Z] 5C161JEA304304  re-apply tcp:8080 FAILED
[2026-05-19T11:26:33Z] 5C161JEA304304  missing tcp:8081 — re-applying
adb: device '5C161JEA304304' not found
[2026-05-19T11:26:33Z] 5C161JEA304304  re-apply tcp:8081 FAILED
[2026-05-19T11:26:33Z] 5C161JEA304304  missing tcp:4566 — re-applying
adb: device '5C161JEA304304' not found
[2026-05-19T11:26:33Z] 5C161JEA304304  re-apply tcp:4566 FAILED
[2026-05-19T11:26:48Z] 5C161JEA304304  missing tcp:8080 — re-applying
adb: device '5C161JEA304304' not found
[2026-05-19T11:26:48Z] 5C161JEA304304  re-apply tcp:8080 FAILED
[2026-05-19T11:26:48Z] 5C161JEA304304  missing tcp:8081 — re-applying
adb: device '5C161JEA304304' not found
[2026-05-19T11:26:48Z] 5C161JEA304304  re-apply tcp:8081 FAILED
[2026-05-19T11:26:48Z] 5C161JEA304304  missing tcp:4566 — re-applying
adb: device '5C161JEA304304' not found
[2026-05-19T11:26:48Z] 5C161JEA304304  re-apply tcp:4566 FAILED
[2026-05-19T11:27:03Z] 5C161JEA304304  missing tcp:8080 — re-applying
adb: device '5C161JEA304304' not found
[2026-05-19T11:27:03Z] 5C161JEA304304  re-apply tcp:8080 FAILED
[2026-05-19T11:27:03Z] 5C161JEA304304  missing tcp:8081 — re-applying
adb: device '5C161JEA304304' not found
[2026-05-19T11:27:03Z] 5C161JEA304304  re-apply tcp:8081 FAILED
[2026-05-19T11:27:03Z] 5C161JEA304304  missing tcp:4566 — re-applying
adb: device '5C161JEA304304' not found
[2026-05-19T11:27:03Z] 5C161JEA304304  re-apply tcp:4566 FAILED
[2026-05-19T11:27:18Z] 5C161JEA304304  missing tcp:8080 — re-applying
adb: device '5C161JEA304304' not found
[2026-05-19T11:27:18Z] 5C161JEA304304  re-apply tcp:8080 FAILED
[2026-05-19T11:27:18Z] 5C161JEA304304  missing tcp:8081 — re-applying
adb: device '5C161JEA304304' not found
[2026-05-19T11:27:18Z] 5C161JEA304304  re-apply tcp:8081 FAILED
[2026-05-19T11:27:18Z] 5C161JEA304304  missing tcp:4566 — re-applying
adb: device '5C161JEA304304' not found
[2026-05-19T11:27:18Z] 5C161JEA304304  re-apply tcp:4566 FAILED
[2026-05-19T11:27:33Z] 5C161JEA304304  missing tcp:8080 — re-applying
adb: device '5C161JEA304304' not found
[2026-05-19T11:27:33Z] 5C161JEA304304  re-apply tcp:8080 FAILED
[2026-05-19T11:27:33Z] 5C161JEA304304  missing tcp:8081 — re-applying
adb: device '5C161JEA304304' not found
[2026-05-19T11:27:33Z] 5C161JEA304304  re-apply tcp:8081 FAILED
[2026-05-19T11:27:33Z] 5C161JEA304304  missing tcp:4566 — re-applying
adb: device '5C161JEA304304' not found
[2026-05-19T11:27:33Z] 5C161JEA304304  re-apply tcp:4566 FAILED
[2026-05-19T11:27:48Z] 5C161JEA304304  missing tcp:8080 — re-applying
adb: device '5C161JEA304304' not found
[2026-05-19T11:27:48Z] 5C161JEA304304  re-apply tcp:8080 FAILED
[2026-05-19T11:27:48Z] 5C161JEA304304  missing tcp:8081 — re-applying
adb: device '5C161JEA304304' not found
[2026-05-19T11:27:48Z] 5C161JEA304304  re-apply tcp:8081 FAILED
[2026-05-19T11:27:48Z] 5C161JEA304304  missing tcp:4566 — re-applying
adb: device '5C161JEA304304' not found
[2026-05-19T11:27:48Z] 5C161JEA304304  re-apply tcp:4566 FAILED
[2026-05-19T11:28:03Z] 5C161JEA304304  missing tcp:8080 — re-applying
adb: device '5C161JEA304304' not found
[2026-05-19T11:28:03Z] 5C161JEA304304  re-apply tcp:8080 FAILED
[2026-05-19T11:28:03Z] 5C161JEA304304  missing tcp:8081 — re-applying
adb: device '5C161JEA304304' not found
[2026-05-19T11:28:03Z] 5C161JEA304304  re-apply tcp:8081 FAILED
[2026-05-19T11:28:03Z] 5C161JEA304304  missing tcp:4566 — re-applying
adb: device '5C161JEA304304' not found
[2026-05-19T11:28:03Z] 5C161JEA304304  re-apply tcp:4566 FAILED
[2026-05-19T11:28:18Z] 5C161JEA304304  missing tcp:8080 — re-applying
adb: device '5C161JEA304304' not found
[2026-05-19T11:28:18Z] 5C161JEA304304  re-apply tcp:8080 FAILED
[2026-05-19T11:28:18Z] 5C161JEA304304  missing tcp:8081 — re-applying
adb: device '5C161JEA304304' not found
[2026-05-19T11:28:18Z] 5C161JEA304304  re-apply tcp:8081 FAILED
[2026-05-19T11:28:18Z] 5C161JEA304304  missing tcp:4566 — re-applying
adb: device '5C161JEA304304' not found
[2026-05-19T11:28:18Z] 5C161JEA304304  re-apply tcp:4566 FAILED
[2026-05-19T11:28:33Z] 5C161JEA304304  missing tcp:8080 — re-applying
adb: device '5C161JEA304304' not found
[2026-05-19T11:28:33Z] 5C161JEA304304  re-apply tcp:8080 FAILED
[2026-05-19T11:28:33Z] 5C161JEA304304  missing tcp:8081 — re-applying
adb: device '5C161JEA304304' not found
[2026-05-19T11:28:33Z] 5C161JEA304304  re-apply tcp:8081 FAILED
[2026-05-19T11:28:33Z] 5C161JEA304304  missing tcp:4566 — re-applying
adb: device '5C161JEA304304' not found
[2026-05-19T11:28:33Z] 5C161JEA304304  re-apply tcp:4566 FAILED
[2026-05-19T11:28:48Z] 5C161JEA304304  missing tcp:8080 — re-applying
adb: device '5C161JEA304304' not found
[2026-05-19T11:28:48Z] 5C161JEA304304  re-apply tcp:8080 FAILED
[2026-05-19T11:28:48Z] 5C161JEA304304  missing tcp:8081 — re-applying
adb: device '5C161JEA304304' not found
[2026-05-19T11:28:48Z] 5C161JEA304304  re-apply tcp:8081 FAILED
[2026-05-19T11:28:48Z] 5C161JEA304304  missing tcp:4566 — re-applying
adb: device '5C161JEA304304' not found
[2026-05-19T11:28:48Z] 5C161JEA304304  re-apply tcp:4566 FAILED
[2026-05-19T11:29:04Z] 5C161JEA304304  missing tcp:8080 — re-applying
adb: device '5C161JEA304304' not found
[2026-05-19T11:29:04Z] 5C161JEA304304  re-apply tcp:8080 FAILED
[2026-05-19T11:29:04Z] 5C161JEA304304  missing tcp:8081 — re-applying
adb: device '5C161JEA304304' not found
[2026-05-19T11:29:04Z] 5C161JEA304304  re-apply tcp:8081 FAILED
[2026-05-19T11:29:04Z] 5C161JEA304304  missing tcp:4566 — re-applying
adb: device '5C161JEA304304' not found
[2026-05-19T11:29:04Z] 5C161JEA304304  re-apply tcp:4566 FAILED
[2026-05-19T11:29:19Z] 5C161JEA304304  missing tcp:8080 — re-applying
adb: device '5C161JEA304304' not found
[2026-05-19T11:29:19Z] 5C161JEA304304  re-apply tcp:8080 FAILED
[2026-05-19T11:29:19Z] 5C161JEA304304  missing tcp:8081 — re-applying
adb: device '5C161JEA304304' not found
[2026-05-19T11:29:19Z] 5C161JEA304304  re-apply tcp:8081 FAILED
[2026-05-19T11:29:19Z] 5C161JEA304304  missing tcp:4566 — re-applying
adb: device '5C161JEA304304' not found
[2026-05-19T11:29:19Z] 5C161JEA304304  re-apply tcp:4566 FAILED
[2026-05-19T11:29:34Z] 5C161JEA304304  missing tcp:8080 — re-applying
adb: device '5C161JEA304304' not found
[2026-05-19T11:29:34Z] 5C161JEA304304  re-apply tcp:8080 FAILED
[2026-05-19T11:29:34Z] 5C161JEA304304  missing tcp:8081 — re-applying
adb: device '5C161JEA304304' not found
[2026-05-19T11:29:34Z] 5C161JEA304304  re-apply tcp:8081 FAILED
[2026-05-19T11:29:34Z] 5C161JEA304304  missing tcp:4566 — re-applying
adb: device '5C161JEA304304' not found
[2026-05-19T11:29:34Z] 5C161JEA304304  re-apply tcp:4566 FAILED
[2026-05-19T11:29:49Z] 5C161JEA304304  missing tcp:8080 — re-applying
adb: device '5C161JEA304304' not found
[2026-05-19T11:29:49Z] 5C161JEA304304  re-apply tcp:8080 FAILED
[2026-05-19T11:29:49Z] 5C161JEA304304  missing tcp:8081 — re-applying
adb: device '5C161JEA304304' not found
[2026-05-19T11:29:49Z] 5C161JEA304304  re-apply tcp:8081 FAILED
[2026-05-19T11:29:49Z] 5C161JEA304304  missing tcp:4566 — re-applying
adb: device '5C161JEA304304' not found
[2026-05-19T11:29:49Z] 5C161JEA304304  re-apply tcp:4566 FAILED
[2026-05-19T11:30:04Z] 5C161JEA304304  missing tcp:8080 — re-applying
adb: device '5C161JEA304304' not found
[2026-05-19T11:30:04Z] 5C161JEA304304  re-apply tcp:8080 FAILED
[2026-05-19T11:30:04Z] 5C161JEA304304  missing tcp:8081 — re-applying
adb: device '5C161JEA304304' not found
[2026-05-19T11:30:04Z] 5C161JEA304304  re-apply tcp:8081 FAILED
[2026-05-19T11:30:04Z] 5C161JEA304304  missing tcp:4566 — re-applying
adb: device '5C161JEA304304' not found
[2026-05-19T11:30:04Z] 5C161JEA304304  re-apply tcp:4566 FAILED
[2026-05-19T11:30:19Z] 5C161JEA304304  missing tcp:8080 — re-applying
adb: device '5C161JEA304304' not found
[2026-05-19T11:30:19Z] 5C161JEA304304  re-apply tcp:8080 FAILED
[2026-05-19T11:30:19Z] 5C161JEA304304  missing tcp:8081 — re-applying
adb: device '5C161JEA304304' not found
[2026-05-19T11:30:19Z] 5C161JEA304304  re-apply tcp:8081 FAILED
[2026-05-19T11:30:19Z] 5C161JEA304304  missing tcp:4566 — re-applying
adb: device '5C161JEA304304' not found
[2026-05-19T11:30:19Z] 5C161JEA304304  re-apply tcp:4566 FAILED
[2026-05-19T11:30:34Z] 5C161JEA304304  missing tcp:8080 — re-applying
adb: device '5C161JEA304304' not found
[2026-05-19T11:30:34Z] 5C161JEA304304  re-apply tcp:8080 FAILED
[2026-05-19T11:30:34Z] 5C161JEA304304  missing tcp:8081 — re-applying
adb: device '5C161JEA304304' not found
[2026-05-19T11:30:34Z] 5C161JEA304304  re-apply tcp:8081 FAILED
[2026-05-19T11:30:34Z] 5C161JEA304304  missing tcp:4566 — re-applying
adb: device '5C161JEA304304' not found
[2026-05-19T11:30:34Z] 5C161JEA304304  re-apply tcp:4566 FAILED
[2026-05-19T11:30:50Z] 5C161JEA304304  missing tcp:8080 — re-applying
adb: device '5C161JEA304304' not found
[2026-05-19T11:30:50Z] 5C161JEA304304  re-apply tcp:8080 FAILED
[2026-05-19T11:30:50Z] 5C161JEA304304  missing tcp:8081 — re-applying
adb: device '5C161JEA304304' not found
[2026-05-19T11:30:50Z] 5C161JEA304304  re-apply tcp:8081 FAILED
[2026-05-19T11:30:50Z] 5C161JEA304304  missing tcp:4566 — re-applying
adb: device '5C161JEA304304' not found
[2026-05-19T11:30:50Z] 5C161JEA304304  re-apply tcp:4566 FAILED
[2026-05-19T11:31:05Z] 5C161JEA304304  missing tcp:8080 — re-applying
adb: device '5C161JEA304304' not found
[2026-05-19T11:31:05Z] 5C161JEA304304  re-apply tcp:8080 FAILED
[2026-05-19T11:31:05Z] 5C161JEA304304  missing tcp:8081 — re-applying
adb: device '5C161JEA304304' not found
[2026-05-19T11:31:05Z] 5C161JEA304304  re-apply tcp:8081 FAILED
[2026-05-19T11:31:05Z] 5C161JEA304304  missing tcp:4566 — re-applying
adb: device '5C161JEA304304' not found
[2026-05-19T11:31:05Z] 5C161JEA304304  re-apply tcp:4566 FAILED
[2026-05-19T11:31:20Z] 5C161JEA304304  missing tcp:8080 — re-applying
adb: device '5C161JEA304304' not found
[2026-05-19T11:31:20Z] 5C161JEA304304  re-apply tcp:8080 FAILED
[2026-05-19T11:31:20Z] 5C161JEA304304  missing tcp:8081 — re-applying
adb: device '5C161JEA304304' not found
[2026-05-19T11:31:20Z] 5C161JEA304304  re-apply tcp:8081 FAILED
[2026-05-19T11:31:20Z] 5C161JEA304304  missing tcp:4566 — re-applying
adb: device '5C161JEA304304' not found
[2026-05-19T11:31:20Z] 5C161JEA304304  re-apply tcp:4566 FAILED
[2026-05-19T11:31:35Z] 5C161JEA304304  missing tcp:8080 — re-applying
adb: device '5C161JEA304304' not found
[2026-05-19T11:31:35Z] 5C161JEA304304  re-apply tcp:8080 FAILED
[2026-05-19T11:31:35Z] 5C161JEA304304  missing tcp:8081 — re-applying
adb: device '5C161JEA304304' not found
[2026-05-19T11:31:35Z] 5C161JEA304304  re-apply tcp:8081 FAILED
[2026-05-19T11:31:35Z] 5C161JEA304304  missing tcp:4566 — re-applying
adb: device '5C161JEA304304' not found
[2026-05-19T11:31:35Z] 5C161JEA304304  re-apply tcp:4566 FAILED
[2026-05-19T11:31:50Z] 5C161JEA304304  missing tcp:8080 — re-applying
adb: device '5C161JEA304304' not found
[2026-05-19T11:31:50Z] 5C161JEA304304  re-apply tcp:8080 FAILED
[2026-05-19T11:31:50Z] 5C161JEA304304  missing tcp:8081 — re-applying
adb: device '5C161JEA304304' not found
[2026-05-19T11:31:50Z] 5C161JEA304304  re-apply tcp:8081 FAILED
[2026-05-19T11:31:50Z] 5C161JEA304304  missing tcp:4566 — re-applying
adb: device '5C161JEA304304' not found
[2026-05-19T11:31:50Z] 5C161JEA304304  re-apply tcp:4566 FAILED
[2026-05-19T11:32:05Z] 5C161JEA304304  missing tcp:8080 — re-applying
adb: device '5C161JEA304304' not found
[2026-05-19T11:32:05Z] 5C161JEA304304  re-apply tcp:8080 FAILED
[2026-05-19T11:32:05Z] 5C161JEA304304  missing tcp:8081 — re-applying
adb: device '5C161JEA304304' not found
[2026-05-19T11:32:05Z] 5C161JEA304304  re-apply tcp:8081 FAILED
[2026-05-19T11:32:05Z] 5C161JEA304304  missing tcp:4566 — re-applying
adb: device '5C161JEA304304' not found
[2026-05-19T11:32:05Z] 5C161JEA304304  re-apply tcp:4566 FAILED
[2026-05-19T11:32:20Z] 5C161JEA304304  missing tcp:8080 — re-applying
adb: device '5C161JEA304304' not found
[2026-05-19T11:32:20Z] 5C161JEA304304  re-apply tcp:8080 FAILED
[2026-05-19T11:32:20Z] 5C161JEA304304  missing tcp:8081 — re-applying
adb: device '5C161JEA304304' not found
[2026-05-19T11:32:20Z] 5C161JEA304304  re-apply tcp:8081 FAILED
[2026-05-19T11:32:20Z] 5C161JEA304304  missing tcp:4566 — re-applying
adb: device '5C161JEA304304' not found
[2026-05-19T11:32:20Z] 5C161JEA304304  re-apply tcp:4566 FAILED
[2026-05-19T11:32:36Z] 5C161JEA304304  missing tcp:8080 — re-applying
adb: device '5C161JEA304304' not found
[2026-05-19T11:32:36Z] 5C161JEA304304  re-apply tcp:8080 FAILED
[2026-05-19T11:32:36Z] 5C161JEA304304  missing tcp:8081 — re-applying
adb: device '5C161JEA304304' not found
[2026-05-19T11:32:36Z] 5C161JEA304304  re-apply tcp:8081 FAILED
[2026-05-19T11:32:36Z] 5C161JEA304304  missing tcp:4566 — re-applying
adb: device '5C161JEA304304' not found
[2026-05-19T11:32:36Z] 5C161JEA304304  re-apply tcp:4566 FAILED
[2026-05-19T11:32:51Z] 5C161JEA304304  missing tcp:8080 — re-applying
adb: device '5C161JEA304304' not found
[2026-05-19T11:32:51Z] 5C161JEA304304  re-apply tcp:8080 FAILED
[2026-05-19T11:32:51Z] 5C161JEA304304  missing tcp:8081 — re-applying
adb: device '5C161JEA304304' not found
[2026-05-19T11:32:51Z] 5C161JEA304304  re-apply tcp:8081 FAILED
[2026-05-19T11:32:51Z] 5C161JEA304304  missing tcp:4566 — re-applying
adb: device '5C161JEA304304' not found
[2026-05-19T11:32:51Z] 5C161JEA304304  re-apply tcp:4566 FAILED
[2026-05-19T11:33:06Z] 5C161JEA304304  missing tcp:8080 — re-applying
adb: device '5C161JEA304304' not found
[2026-05-19T11:33:06Z] 5C161JEA304304  re-apply tcp:8080 FAILED
[2026-05-19T11:33:06Z] 5C161JEA304304  missing tcp:8081 — re-applying
adb: device '5C161JEA304304' not found
[2026-05-19T11:33:06Z] 5C161JEA304304  re-apply tcp:8081 FAILED
[2026-05-19T11:33:06Z] 5C161JEA304304  missing tcp:4566 — re-applying
adb: device '5C161JEA304304' not found
[2026-05-19T11:33:06Z] 5C161JEA304304  re-apply tcp:4566 FAILED
[2026-05-19T11:33:21Z] 5C161JEA304304  missing tcp:8080 — re-applying
adb: device '5C161JEA304304' not found
[2026-05-19T11:33:21Z] 5C161JEA304304  re-apply tcp:8080 FAILED
[2026-05-19T11:33:21Z] 5C161JEA304304  missing tcp:8081 — re-applying
adb: device '5C161JEA304304' not found
[2026-05-19T11:33:21Z] 5C161JEA304304  re-apply tcp:8081 FAILED
[2026-05-19T11:33:21Z] 5C161JEA304304  missing tcp:4566 — re-applying
adb: device '5C161JEA304304' not found
[2026-05-19T11:33:21Z] 5C161JEA304304  re-apply tcp:4566 FAILED
[2026-05-19T11:33:36Z] 5C161JEA304304  missing tcp:8080 — re-applying
adb: device '5C161JEA304304' not found
[2026-05-19T11:33:36Z] 5C161JEA304304  re-apply tcp:8080 FAILED
[2026-05-19T11:33:36Z] 5C161JEA304304  missing tcp:8081 — re-applying
adb: device '5C161JEA304304' not found
[2026-05-19T11:33:36Z] 5C161JEA304304  re-apply tcp:8081 FAILED
[2026-05-19T11:33:36Z] 5C161JEA304304  missing tcp:4566 — re-applying
adb: device '5C161JEA304304' not found
[2026-05-19T11:33:36Z] 5C161JEA304304  re-apply tcp:4566 FAILED
[2026-05-19T11:33:51Z] 5C161JEA304304  missing tcp:8080 — re-applying
adb: device '5C161JEA304304' not found
[2026-05-19T11:33:51Z] 5C161JEA304304  re-apply tcp:8080 FAILED
[2026-05-19T11:33:51Z] 5C161JEA304304  missing tcp:8081 — re-applying
adb: device '5C161JEA304304' not found
[2026-05-19T11:33:51Z] 5C161JEA304304  re-apply tcp:8081 FAILED
[2026-05-19T11:33:51Z] 5C161JEA304304  missing tcp:4566 — re-applying
adb: device '5C161JEA304304' not found
[2026-05-19T11:33:51Z] 5C161JEA304304  re-apply tcp:4566 FAILED
[2026-05-19T11:34:06Z] 5C161JEA304304  missing tcp:8080 — re-applying
adb: device '5C161JEA304304' not found
[2026-05-19T11:34:06Z] 5C161JEA304304  re-apply tcp:8080 FAILED
[2026-05-19T11:34:06Z] 5C161JEA304304  missing tcp:8081 — re-applying
adb: device '5C161JEA304304' not found
[2026-05-19T11:34:06Z] 5C161JEA304304  re-apply tcp:8081 FAILED
[2026-05-19T11:34:06Z] 5C161JEA304304  missing tcp:4566 — re-applying
adb: device '5C161JEA304304' not found
[2026-05-19T11:34:06Z] 5C161JEA304304  re-apply tcp:4566 FAILED
[2026-05-19T11:34:21Z] 5C161JEA304304  missing tcp:8080 — re-applying
adb: device '5C161JEA304304' not found
[2026-05-19T11:34:21Z] 5C161JEA304304  re-apply tcp:8080 FAILED
[2026-05-19T11:34:22Z] 5C161JEA304304  missing tcp:8081 — re-applying
adb: device '5C161JEA304304' not found
[2026-05-19T11:34:22Z] 5C161JEA304304  re-apply tcp:8081 FAILED
[2026-05-19T11:34:22Z] 5C161JEA304304  missing tcp:4566 — re-applying
adb: device '5C161JEA304304' not found
[2026-05-19T11:34:22Z] 5C161JEA304304  re-apply tcp:4566 FAILED
[2026-05-19T11:34:37Z] 5C161JEA304304  missing tcp:8080 — re-applying
adb: device '5C161JEA304304' not found
[2026-05-19T11:34:37Z] 5C161JEA304304  re-apply tcp:8080 FAILED
[2026-05-19T11:34:37Z] 5C161JEA304304  missing tcp:8081 — re-applying
adb: device '5C161JEA304304' not found
[2026-05-19T11:34:37Z] 5C161JEA304304  re-apply tcp:8081 FAILED
[2026-05-19T11:34:37Z] 5C161JEA304304  missing tcp:4566 — re-applying
adb: device '5C161JEA304304' not found
[2026-05-19T11:34:37Z] 5C161JEA304304  re-apply tcp:4566 FAILED
[2026-05-19T11:34:52Z] 5C161JEA304304  missing tcp:8080 — re-applying
adb: device '5C161JEA304304' not found
[2026-05-19T11:34:52Z] 5C161JEA304304  re-apply tcp:8080 FAILED
[2026-05-19T11:34:52Z] 5C161JEA304304  missing tcp:8081 — re-applying
adb: device '5C161JEA304304' not found
[2026-05-19T11:34:52Z] 5C161JEA304304  re-apply tcp:8081 FAILED
[2026-05-19T11:34:52Z] 5C161JEA304304  missing tcp:4566 — re-applying
adb: device '5C161JEA304304' not found
[2026-05-19T11:34:52Z] 5C161JEA304304  re-apply tcp:4566 FAILED
[2026-05-19T11:35:07Z] 5C161JEA304304  missing tcp:8080 — re-applying
adb: device '5C161JEA304304' not found
[2026-05-19T11:35:07Z] 5C161JEA304304  re-apply tcp:8080 FAILED
[2026-05-19T11:35:07Z] 5C161JEA304304  missing tcp:8081 — re-applying
adb: device '5C161JEA304304' not found
[2026-05-19T11:35:07Z] 5C161JEA304304  re-apply tcp:8081 FAILED
[2026-05-19T11:35:07Z] 5C161JEA304304  missing tcp:4566 — re-applying
adb: device '5C161JEA304304' not found
[2026-05-19T11:35:07Z] 5C161JEA304304  re-apply tcp:4566 FAILED
[2026-05-19T11:35:22Z] 5C161JEA304304  missing tcp:8080 — re-applying
adb: device '5C161JEA304304' not found
[2026-05-19T11:35:22Z] 5C161JEA304304  re-apply tcp:8080 FAILED
[2026-05-19T11:35:22Z] 5C161JEA304304  missing tcp:8081 — re-applying
adb: device '5C161JEA304304' not found
[2026-05-19T11:35:22Z] 5C161JEA304304  re-apply tcp:8081 FAILED
[2026-05-19T11:35:22Z] 5C161JEA304304  missing tcp:4566 — re-applying
adb: device '5C161JEA304304' not found
[2026-05-19T11:35:22Z] 5C161JEA304304  re-apply tcp:4566 FAILED
[2026-05-19T11:35:37Z] 5C161JEA304304  missing tcp:8080 — re-applying
adb: device '5C161JEA304304' not found
[2026-05-19T11:35:37Z] 5C161JEA304304  re-apply tcp:8080 FAILED
[2026-05-19T11:35:37Z] 5C161JEA304304  missing tcp:8081 — re-applying
adb: device '5C161JEA304304' not found
[2026-05-19T11:35:37Z] 5C161JEA304304  re-apply tcp:8081 FAILED
[2026-05-19T11:35:37Z] 5C161JEA304304  missing tcp:4566 — re-applying
adb: device '5C161JEA304304' not found
[2026-05-19T11:35:37Z] 5C161JEA304304  re-apply tcp:4566 FAILED
[2026-05-19T11:35:52Z] 5C161JEA304304  missing tcp:8080 — re-applying
adb: device '5C161JEA304304' not found
[2026-05-19T11:35:52Z] 5C161JEA304304  re-apply tcp:8080 FAILED
[2026-05-19T11:35:52Z] 5C161JEA304304  missing tcp:8081 — re-applying
adb: device '5C161JEA304304' not found
[2026-05-19T11:35:52Z] 5C161JEA304304  re-apply tcp:8081 FAILED
[2026-05-19T11:35:52Z] 5C161JEA304304  missing tcp:4566 — re-applying
adb: device '5C161JEA304304' not found
[2026-05-19T11:35:52Z] 5C161JEA304304  re-apply tcp:4566 FAILED
[2026-05-19T11:36:07Z] 5C161JEA304304  missing tcp:8080 — re-applying
adb: device '5C161JEA304304' not found
[2026-05-19T11:36:07Z] 5C161JEA304304  re-apply tcp:8080 FAILED
[2026-05-19T11:36:07Z] 5C161JEA304304  missing tcp:8081 — re-applying
adb: device '5C161JEA304304' not found
[2026-05-19T11:36:07Z] 5C161JEA304304  re-apply tcp:8081 FAILED
[2026-05-19T11:36:07Z] 5C161JEA304304  missing tcp:4566 — re-applying
adb: device '5C161JEA304304' not found
[2026-05-19T11:36:07Z] 5C161JEA304304  re-apply tcp:4566 FAILED
[2026-05-19T11:36:23Z] 5C161JEA304304  missing tcp:8080 — re-applying
adb: device '5C161JEA304304' not found
[2026-05-19T11:36:23Z] 5C161JEA304304  re-apply tcp:8080 FAILED
[2026-05-19T11:36:23Z] 5C161JEA304304  missing tcp:8081 — re-applying
adb: device '5C161JEA304304' not found
[2026-05-19T11:36:23Z] 5C161JEA304304  re-apply tcp:8081 FAILED
[2026-05-19T11:36:23Z] 5C161JEA304304  missing tcp:4566 — re-applying
adb: device '5C161JEA304304' not found
[2026-05-19T11:36:23Z] 5C161JEA304304  re-apply tcp:4566 FAILED
[2026-05-19T11:36:38Z] 5C161JEA304304  missing tcp:8080 — re-applying
adb: device '5C161JEA304304' not found
[2026-05-19T11:36:38Z] 5C161JEA304304  re-apply tcp:8080 FAILED
[2026-05-19T11:36:38Z] 5C161JEA304304  missing tcp:8081 — re-applying
adb: device '5C161JEA304304' not found
[2026-05-19T11:36:38Z] 5C161JEA304304  re-apply tcp:8081 FAILED
[2026-05-19T11:36:38Z] 5C161JEA304304  missing tcp:4566 — re-applying
adb: device '5C161JEA304304' not found
[2026-05-19T11:36:38Z] 5C161JEA304304  re-apply tcp:4566 FAILED
[2026-05-19T11:36:53Z] 5C161JEA304304  missing tcp:8080 — re-applying
adb: device '5C161JEA304304' not found
[2026-05-19T11:36:53Z] 5C161JEA304304  re-apply tcp:8080 FAILED
[2026-05-19T11:36:53Z] 5C161JEA304304  missing tcp:8081 — re-applying
adb: device '5C161JEA304304' not found
[2026-05-19T11:36:53Z] 5C161JEA304304  re-apply tcp:8081 FAILED
[2026-05-19T11:36:53Z] 5C161JEA304304  missing tcp:4566 — re-applying
adb: device '5C161JEA304304' not found
[2026-05-19T11:36:53Z] 5C161JEA304304  re-apply tcp:4566 FAILED
[2026-05-19T11:39:20Z] 5C161JEA304304  missing tcp:8080 — re-applying
adb: device '5C161JEA304304' not found
[2026-05-19T11:39:20Z] 5C161JEA304304  re-apply tcp:8080 FAILED
[2026-05-19T11:39:20Z] 5C161JEA304304  missing tcp:8081 — re-applying
adb: device '5C161JEA304304' not found
[2026-05-19T11:39:20Z] 5C161JEA304304  re-apply tcp:8081 FAILED
[2026-05-19T11:39:20Z] 5C161JEA304304  missing tcp:4566 — re-applying
adb: device '5C161JEA304304' not found
[2026-05-19T11:39:20Z] 5C161JEA304304  re-apply tcp:4566 FAILED
[2026-05-19T11:39:35Z] 5C161JEA304304  missing tcp:8080 — re-applying
adb: device '5C161JEA304304' not found
[2026-05-19T11:39:35Z] 5C161JEA304304  re-apply tcp:8080 FAILED
[2026-05-19T11:39:35Z] 5C161JEA304304  missing tcp:8081 — re-applying
adb: device '5C161JEA304304' not found
[2026-05-19T11:39:35Z] 5C161JEA304304  re-apply tcp:8081 FAILED
[2026-05-19T11:39:35Z] 5C161JEA304304  missing tcp:4566 — re-applying
adb: device '5C161JEA304304' not found
[2026-05-19T11:39:35Z] 5C161JEA304304  re-apply tcp:4566 FAILED
[2026-05-19T11:39:50Z] 5C161JEA304304  missing tcp:8080 — re-applying
adb: device '5C161JEA304304' not found
[2026-05-19T11:39:50Z] 5C161JEA304304  re-apply tcp:8080 FAILED
[2026-05-19T11:39:50Z] 5C161JEA304304  missing tcp:8081 — re-applying
adb: device '5C161JEA304304' not found
[2026-05-19T11:39:50Z] 5C161JEA304304  re-apply tcp:8081 FAILED
[2026-05-19T11:39:50Z] 5C161JEA304304  missing tcp:4566 — re-applying
adb: device '5C161JEA304304' not found
[2026-05-19T11:39:50Z] 5C161JEA304304  re-apply tcp:4566 FAILED
[2026-05-19T11:40:05Z] 5C161JEA304304  missing tcp:8080 — re-applying
adb: device '5C161JEA304304' not found
[2026-05-19T11:40:05Z] 5C161JEA304304  re-apply tcp:8080 FAILED
[2026-05-19T11:40:05Z] 5C161JEA304304  missing tcp:8081 — re-applying
adb: device '5C161JEA304304' not found
[2026-05-19T11:40:05Z] 5C161JEA304304  re-apply tcp:8081 FAILED
[2026-05-19T11:40:05Z] 5C161JEA304304  missing tcp:4566 — re-applying
adb: device '5C161JEA304304' not found
[2026-05-19T11:40:05Z] 5C161JEA304304  re-apply tcp:4566 FAILED
[2026-05-19T11:40:20Z] 5C161JEA304304  missing tcp:8080 — re-applying
adb: device '5C161JEA304304' not found
[2026-05-19T11:40:20Z] 5C161JEA304304  re-apply tcp:8080 FAILED
[2026-05-19T11:40:20Z] 5C161JEA304304  missing tcp:8081 — re-applying
adb: device '5C161JEA304304' not found
[2026-05-19T11:40:20Z] 5C161JEA304304  re-apply tcp:8081 FAILED
[2026-05-19T11:40:20Z] 5C161JEA304304  missing tcp:4566 — re-applying
adb: device '5C161JEA304304' not found
[2026-05-19T11:40:20Z] 5C161JEA304304  re-apply tcp:4566 FAILED
[2026-05-19T11:40:35Z] 5C161JEA304304  missing tcp:8080 — re-applying
adb: device '5C161JEA304304' not found
[2026-05-19T11:40:35Z] 5C161JEA304304  re-apply tcp:8080 FAILED
[2026-05-19T11:40:35Z] 5C161JEA304304  missing tcp:8081 — re-applying
adb: device '5C161JEA304304' not found
[2026-05-19T11:40:35Z] 5C161JEA304304  re-apply tcp:8081 FAILED
[2026-05-19T11:40:35Z] 5C161JEA304304  missing tcp:4566 — re-applying
adb: device '5C161JEA304304' not found
[2026-05-19T11:40:35Z] 5C161JEA304304  re-apply tcp:4566 FAILED
[2026-05-19T11:40:51Z] 5C161JEA304304  missing tcp:8080 — re-applying
adb: device '5C161JEA304304' not found
[2026-05-19T11:40:51Z] 5C161JEA304304  re-apply tcp:8080 FAILED
[2026-05-19T11:40:51Z] 5C161JEA304304  missing tcp:8081 — re-applying
adb: device '5C161JEA304304' not found
[2026-05-19T11:40:51Z] 5C161JEA304304  re-apply tcp:8081 FAILED
[2026-05-19T11:40:51Z] 5C161JEA304304  missing tcp:4566 — re-applying
adb: device '5C161JEA304304' not found
[2026-05-19T11:40:51Z] 5C161JEA304304  re-apply tcp:4566 FAILED
[2026-05-19T11:41:06Z] 5C161JEA304304  missing tcp:8080 — re-applying
adb: device '5C161JEA304304' not found
[2026-05-19T11:41:06Z] 5C161JEA304304  re-apply tcp:8080 FAILED
[2026-05-19T11:41:06Z] 5C161JEA304304  missing tcp:8081 — re-applying
adb: device '5C161JEA304304' not found
[2026-05-19T11:41:06Z] 5C161JEA304304  re-apply tcp:8081 FAILED
[2026-05-19T11:41:06Z] 5C161JEA304304  missing tcp:4566 — re-applying
adb: device '5C161JEA304304' not found
[2026-05-19T11:41:06Z] 5C161JEA304304  re-apply tcp:4566 FAILED
[2026-05-19T11:41:21Z] 5C161JEA304304  missing tcp:8080 — re-applying
adb: device '5C161JEA304304' not found
[2026-05-19T11:41:21Z] 5C161JEA304304  re-apply tcp:8080 FAILED
[2026-05-19T11:41:21Z] 5C161JEA304304  missing tcp:8081 — re-applying
adb: device '5C161JEA304304' not found
[2026-05-19T11:41:21Z] 5C161JEA304304  re-apply tcp:8081 FAILED
[2026-05-19T11:41:21Z] 5C161JEA304304  missing tcp:4566 — re-applying
adb: device '5C161JEA304304' not found
[2026-05-19T11:41:21Z] 5C161JEA304304  re-apply tcp:4566 FAILED
[2026-05-19T11:41:36Z] 5C161JEA304304  missing tcp:8080 — re-applying
adb: device '5C161JEA304304' not found
[2026-05-19T11:41:36Z] 5C161JEA304304  re-apply tcp:8080 FAILED
[2026-05-19T11:41:36Z] 5C161JEA304304  missing tcp:8081 — re-applying
adb: device '5C161JEA304304' not found
[2026-05-19T11:41:36Z] 5C161JEA304304  re-apply tcp:8081 FAILED
[2026-05-19T11:41:36Z] 5C161JEA304304  missing tcp:4566 — re-applying
adb: device '5C161JEA304304' not found
[2026-05-19T11:41:36Z] 5C161JEA304304  re-apply tcp:4566 FAILED
[2026-05-19T11:41:51Z] 5C161JEA304304  missing tcp:8080 — re-applying
adb: device '5C161JEA304304' not found
[2026-05-19T11:41:51Z] 5C161JEA304304  re-apply tcp:8080 FAILED
[2026-05-19T11:41:51Z] 5C161JEA304304  missing tcp:8081 — re-applying
adb: device '5C161JEA304304' not found
[2026-05-19T11:41:51Z] 5C161JEA304304  re-apply tcp:8081 FAILED
[2026-05-19T11:41:51Z] 5C161JEA304304  missing tcp:4566 — re-applying
adb: device '5C161JEA304304' not found
[2026-05-19T11:41:51Z] 5C161JEA304304  re-apply tcp:4566 FAILED
[2026-05-19T11:42:06Z] 5C161JEA304304  missing tcp:8080 — re-applying
adb: device '5C161JEA304304' not found
[2026-05-19T11:42:06Z] 5C161JEA304304  re-apply tcp:8080 FAILED
[2026-05-19T11:42:06Z] 5C161JEA304304  missing tcp:8081 — re-applying
adb: device '5C161JEA304304' not found
[2026-05-19T11:42:06Z] 5C161JEA304304  re-apply tcp:8081 FAILED
[2026-05-19T11:42:06Z] 5C161JEA304304  missing tcp:4566 — re-applying
adb: device '5C161JEA304304' not found
[2026-05-19T11:42:06Z] 5C161JEA304304  re-apply tcp:4566 FAILED
[2026-05-19T11:42:21Z] 5C161JEA304304  missing tcp:8080 — re-applying
adb: device '5C161JEA304304' not found
[2026-05-19T11:42:21Z] 5C161JEA304304  re-apply tcp:8080 FAILED
[2026-05-19T11:42:21Z] 5C161JEA304304  missing tcp:8081 — re-applying
adb: device '5C161JEA304304' not found
[2026-05-19T11:42:21Z] 5C161JEA304304  re-apply tcp:8081 FAILED
[2026-05-19T11:42:21Z] 5C161JEA304304  missing tcp:4566 — re-applying
adb: device '5C161JEA304304' not found
[2026-05-19T11:42:21Z] 5C161JEA304304  re-apply tcp:4566 FAILED
[2026-05-19T11:42:36Z] 5C161JEA304304  missing tcp:8080 — re-applying
adb: device '5C161JEA304304' not found
[2026-05-19T11:42:36Z] 5C161JEA304304  re-apply tcp:8080 FAILED
[2026-05-19T11:42:36Z] 5C161JEA304304  missing tcp:8081 — re-applying
adb: device '5C161JEA304304' not found
[2026-05-19T11:42:36Z] 5C161JEA304304  re-apply tcp:8081 FAILED
[2026-05-19T11:42:36Z] 5C161JEA304304  missing tcp:4566 — re-applying
adb: device '5C161JEA304304' not found
[2026-05-19T11:42:36Z] 5C161JEA304304  re-apply tcp:4566 FAILED
[2026-05-19T11:42:52Z] 5C161JEA304304  missing tcp:8080 — re-applying
adb: device '5C161JEA304304' not found
[2026-05-19T11:42:52Z] 5C161JEA304304  re-apply tcp:8080 FAILED
[2026-05-19T11:42:52Z] 5C161JEA304304  missing tcp:8081 — re-applying
adb: device '5C161JEA304304' not found
[2026-05-19T11:42:52Z] 5C161JEA304304  re-apply tcp:8081 FAILED
[2026-05-19T11:42:52Z] 5C161JEA304304  missing tcp:4566 — re-applying
adb: device '5C161JEA304304' not found
[2026-05-19T11:42:52Z] 5C161JEA304304  re-apply tcp:4566 FAILED
[2026-05-19T11:43:07Z] 5C161JEA304304  missing tcp:8080 — re-applying
adb: device '5C161JEA304304' not found
[2026-05-19T11:43:07Z] 5C161JEA304304  re-apply tcp:8080 FAILED
[2026-05-19T11:43:07Z] 5C161JEA304304  missing tcp:8081 — re-applying
adb: device '5C161JEA304304' not found
[2026-05-19T11:43:07Z] 5C161JEA304304  re-apply tcp:8081 FAILED
[2026-05-19T11:43:07Z] 5C161JEA304304  missing tcp:4566 — re-applying
adb: device '5C161JEA304304' not found
[2026-05-19T11:43:07Z] 5C161JEA304304  re-apply tcp:4566 FAILED
[2026-05-19T11:43:22Z] 5C161JEA304304  missing tcp:8080 — re-applying
adb: device '5C161JEA304304' not found
[2026-05-19T11:43:22Z] 5C161JEA304304  re-apply tcp:8080 FAILED
[2026-05-19T11:43:22Z] 5C161JEA304304  missing tcp:8081 — re-applying
adb: device '5C161JEA304304' not found
[2026-05-19T11:43:22Z] 5C161JEA304304  re-apply tcp:8081 FAILED
[2026-05-19T11:43:22Z] 5C161JEA304304  missing tcp:4566 — re-applying
adb: device '5C161JEA304304' not found
[2026-05-19T11:43:22Z] 5C161JEA304304  re-apply tcp:4566 FAILED
[2026-05-19T11:43:37Z] 5C161JEA304304  missing tcp:8080 — re-applying
adb: device '5C161JEA304304' not found
[2026-05-19T11:43:37Z] 5C161JEA304304  re-apply tcp:8080 FAILED
[2026-05-19T11:43:37Z] 5C161JEA304304  missing tcp:8081 — re-applying
adb: device '5C161JEA304304' not found
[2026-05-19T11:43:37Z] 5C161JEA304304  re-apply tcp:8081 FAILED
[2026-05-19T11:43:37Z] 5C161JEA304304  missing tcp:4566 — re-applying
adb: device '5C161JEA304304' not found
[2026-05-19T11:43:37Z] 5C161JEA304304  re-apply tcp:4566 FAILED
[2026-05-19T11:43:52Z] 5C161JEA304304  missing tcp:8080 — re-applying
adb: device '5C161JEA304304' not found
[2026-05-19T11:43:52Z] 5C161JEA304304  re-apply tcp:8080 FAILED
[2026-05-19T11:43:52Z] 5C161JEA304304  missing tcp:8081 — re-applying
adb: device '5C161JEA304304' not found
[2026-05-19T11:43:52Z] 5C161JEA304304  re-apply tcp:8081 FAILED
[2026-05-19T11:43:52Z] 5C161JEA304304  missing tcp:4566 — re-applying
adb: device '5C161JEA304304' not found
[2026-05-19T11:43:52Z] 5C161JEA304304  re-apply tcp:4566 FAILED
[2026-05-19T11:44:07Z] 5C161JEA304304  missing tcp:8080 — re-applying
adb: device '5C161JEA304304' not found
[2026-05-19T11:44:07Z] 5C161JEA304304  re-apply tcp:8080 FAILED
[2026-05-19T11:44:07Z] 5C161JEA304304  missing tcp:8081 — re-applying
adb: device '5C161JEA304304' not found
[2026-05-19T11:44:07Z] 5C161JEA304304  re-apply tcp:8081 FAILED
[2026-05-19T11:44:07Z] 5C161JEA304304  missing tcp:4566 — re-applying
adb: device '5C161JEA304304' not found
[2026-05-19T11:44:07Z] 5C161JEA304304  re-apply tcp:4566 FAILED
[2026-05-19T11:44:22Z] 5C161JEA304304  missing tcp:8080 — re-applying
adb: device '5C161JEA304304' not found
[2026-05-19T11:44:22Z] 5C161JEA304304  re-apply tcp:8080 FAILED
[2026-05-19T11:44:22Z] 5C161JEA304304  missing tcp:8081 — re-applying
adb: device '5C161JEA304304' not found
[2026-05-19T11:44:22Z] 5C161JEA304304  re-apply tcp:8081 FAILED
[2026-05-19T11:44:22Z] 5C161JEA304304  missing tcp:4566 — re-applying
adb: device '5C161JEA304304' not found
[2026-05-19T11:44:22Z] 5C161JEA304304  re-apply tcp:4566 FAILED
[2026-05-19T11:44:37Z] 5C161JEA304304  missing tcp:8080 — re-applying
adb: device '5C161JEA304304' not found
[2026-05-19T11:44:37Z] 5C161JEA304304  re-apply tcp:8080 FAILED
[2026-05-19T11:44:37Z] 5C161JEA304304  missing tcp:8081 — re-applying
adb: device '5C161JEA304304' not found
[2026-05-19T11:44:37Z] 5C161JEA304304  re-apply tcp:8081 FAILED
[2026-05-19T11:44:38Z] 5C161JEA304304  missing tcp:4566 — re-applying
adb: device '5C161JEA304304' not found
[2026-05-19T11:44:38Z] 5C161JEA304304  re-apply tcp:4566 FAILED
[2026-05-19T11:44:53Z] 5C161JEA304304  missing tcp:8080 — re-applying
adb: device '5C161JEA304304' not found
[2026-05-19T11:44:53Z] 5C161JEA304304  re-apply tcp:8080 FAILED
[2026-05-19T11:44:53Z] 5C161JEA304304  missing tcp:8081 — re-applying
adb: device '5C161JEA304304' not found
[2026-05-19T11:44:53Z] 5C161JEA304304  re-apply tcp:8081 FAILED
[2026-05-19T11:44:53Z] 5C161JEA304304  missing tcp:4566 — re-applying
adb: device '5C161JEA304304' not found
[2026-05-19T11:44:53Z] 5C161JEA304304  re-apply tcp:4566 FAILED
[2026-05-19T11:45:08Z] 5C161JEA304304  missing tcp:8080 — re-applying
adb: device '5C161JEA304304' not found
[2026-05-19T11:45:08Z] 5C161JEA304304  re-apply tcp:8080 FAILED
[2026-05-19T11:45:08Z] 5C161JEA304304  missing tcp:8081 — re-applying
adb: device '5C161JEA304304' not found
[2026-05-19T11:45:08Z] 5C161JEA304304  re-apply tcp:8081 FAILED
[2026-05-19T11:45:08Z] 5C161JEA304304  missing tcp:4566 — re-applying
adb: device '5C161JEA304304' not found
[2026-05-19T11:45:08Z] 5C161JEA304304  re-apply tcp:4566 FAILED
[2026-05-19T11:45:23Z] 5C161JEA304304  missing tcp:8080 — re-applying
adb: device '5C161JEA304304' not found
[2026-05-19T11:45:23Z] 5C161JEA304304  re-apply tcp:8080 FAILED
[2026-05-19T11:45:23Z] 5C161JEA304304  missing tcp:8081 — re-applying
adb: device '5C161JEA304304' not found
[2026-05-19T11:45:23Z] 5C161JEA304304  re-apply tcp:8081 FAILED
[2026-05-19T11:45:23Z] 5C161JEA304304  missing tcp:4566 — re-applying
adb: device '5C161JEA304304' not found
[2026-05-19T11:45:23Z] 5C161JEA304304  re-apply tcp:4566 FAILED
[2026-05-19T11:45:38Z] 5C161JEA304304  missing tcp:8080 — re-applying
adb: device '5C161JEA304304' not found
[2026-05-19T11:45:38Z] 5C161JEA304304  re-apply tcp:8080 FAILED
[2026-05-19T11:45:38Z] 5C161JEA304304  missing tcp:8081 — re-applying
adb: device '5C161JEA304304' not found
[2026-05-19T11:45:38Z] 5C161JEA304304  re-apply tcp:8081 FAILED
[2026-05-19T11:45:38Z] 5C161JEA304304  missing tcp:4566 — re-applying
adb: device '5C161JEA304304' not found
[2026-05-19T11:45:38Z] 5C161JEA304304  re-apply tcp:4566 FAILED
[2026-05-19T11:45:53Z] 5C161JEA304304  missing tcp:8080 — re-applying
adb: device '5C161JEA304304' not found
[2026-05-19T11:45:53Z] 5C161JEA304304  re-apply tcp:8080 FAILED
[2026-05-19T11:45:53Z] 5C161JEA304304  missing tcp:8081 — re-applying
adb: device '5C161JEA304304' not found
[2026-05-19T11:45:53Z] 5C161JEA304304  re-apply tcp:8081 FAILED
[2026-05-19T11:45:53Z] 5C161JEA304304  missing tcp:4566 — re-applying
adb: device '5C161JEA304304' not found
[2026-05-19T11:45:53Z] 5C161JEA304304  re-apply tcp:4566 FAILED
[2026-05-19T11:46:08Z] 5C161JEA304304  missing tcp:8080 — re-applying
adb: device '5C161JEA304304' not found
[2026-05-19T11:46:08Z] 5C161JEA304304  re-apply tcp:8080 FAILED
[2026-05-19T11:46:08Z] 5C161JEA304304  missing tcp:8081 — re-applying
adb: device '5C161JEA304304' not found
[2026-05-19T11:46:08Z] 5C161JEA304304  re-apply tcp:8081 FAILED
[2026-05-19T11:46:08Z] 5C161JEA304304  missing tcp:4566 — re-applying
adb: device '5C161JEA304304' not found
[2026-05-19T11:46:08Z] 5C161JEA304304  re-apply tcp:4566 FAILED
[2026-05-19T11:46:23Z] 5C161JEA304304  missing tcp:8080 — re-applying
adb: device '5C161JEA304304' not found
[2026-05-19T11:46:23Z] 5C161JEA304304  re-apply tcp:8080 FAILED
[2026-05-19T11:46:23Z] 5C161JEA304304  missing tcp:8081 — re-applying
adb: device '5C161JEA304304' not found
[2026-05-19T11:46:23Z] 5C161JEA304304  re-apply tcp:8081 FAILED
[2026-05-19T11:46:23Z] 5C161JEA304304  missing tcp:4566 — re-applying
adb: device '5C161JEA304304' not found
[2026-05-19T11:46:23Z] 5C161JEA304304  re-apply tcp:4566 FAILED
[2026-05-19T11:46:38Z] 5C161JEA304304  missing tcp:8080 — re-applying
adb: device '5C161JEA304304' not found
[2026-05-19T11:46:38Z] 5C161JEA304304  re-apply tcp:8080 FAILED
[2026-05-19T11:46:39Z] 5C161JEA304304  missing tcp:8081 — re-applying
adb: device '5C161JEA304304' not found
[2026-05-19T11:46:39Z] 5C161JEA304304  re-apply tcp:8081 FAILED
[2026-05-19T11:46:39Z] 5C161JEA304304  missing tcp:4566 — re-applying
adb: device '5C161JEA304304' not found
[2026-05-19T11:46:39Z] 5C161JEA304304  re-apply tcp:4566 FAILED
[2026-05-19T11:46:54Z] 5C161JEA304304  missing tcp:8080 — re-applying
adb: device '5C161JEA304304' not found
[2026-05-19T11:46:54Z] 5C161JEA304304  re-apply tcp:8080 FAILED
[2026-05-19T11:46:54Z] 5C161JEA304304  missing tcp:8081 — re-applying
adb: device '5C161JEA304304' not found
[2026-05-19T11:46:54Z] 5C161JEA304304  re-apply tcp:8081 FAILED
[2026-05-19T11:46:54Z] 5C161JEA304304  missing tcp:4566 — re-applying
adb: device '5C161JEA304304' not found
[2026-05-19T11:46:54Z] 5C161JEA304304  re-apply tcp:4566 FAILED
[2026-05-19T11:47:09Z] 5C161JEA304304  missing tcp:8080 — re-applying
adb: device '5C161JEA304304' not found
[2026-05-19T11:47:09Z] 5C161JEA304304  re-apply tcp:8080 FAILED
[2026-05-19T11:47:09Z] 5C161JEA304304  missing tcp:8081 — re-applying
adb: device '5C161JEA304304' not found
[2026-05-19T11:47:09Z] 5C161JEA304304  re-apply tcp:8081 FAILED
[2026-05-19T11:47:09Z] 5C161JEA304304  missing tcp:4566 — re-applying
adb: device '5C161JEA304304' not found
[2026-05-19T11:47:09Z] 5C161JEA304304  re-apply tcp:4566 FAILED
[2026-05-19T11:47:24Z] 5C161JEA304304  missing tcp:8080 — re-applying
adb: device '5C161JEA304304' not found
[2026-05-19T11:47:24Z] 5C161JEA304304  re-apply tcp:8080 FAILED
[2026-05-19T11:47:24Z] 5C161JEA304304  missing tcp:8081 — re-applying
adb: device '5C161JEA304304' not found
[2026-05-19T11:47:24Z] 5C161JEA304304  re-apply tcp:8081 FAILED
[2026-05-19T11:47:24Z] 5C161JEA304304  missing tcp:4566 — re-applying
adb: device '5C161JEA304304' not found
[2026-05-19T11:47:24Z] 5C161JEA304304  re-apply tcp:4566 FAILED
[2026-05-19T11:47:39Z] 5C161JEA304304  missing tcp:8080 — re-applying
adb: device '5C161JEA304304' not found
[2026-05-19T11:47:39Z] 5C161JEA304304  re-apply tcp:8080 FAILED
[2026-05-19T11:47:39Z] 5C161JEA304304  missing tcp:8081 — re-applying
adb: device '5C161JEA304304' not found
[2026-05-19T11:47:39Z] 5C161JEA304304  re-apply tcp:8081 FAILED
[2026-05-19T11:47:39Z] 5C161JEA304304  missing tcp:4566 — re-applying
adb: device '5C161JEA304304' not found
[2026-05-19T11:47:39Z] 5C161JEA304304  re-apply tcp:4566 FAILED
[2026-05-19T11:47:54Z] 5C161JEA304304  missing tcp:8080 — re-applying
adb: device '5C161JEA304304' not found
[2026-05-19T11:47:54Z] 5C161JEA304304  re-apply tcp:8080 FAILED
[2026-05-19T11:47:54Z] 5C161JEA304304  missing tcp:8081 — re-applying
adb: device '5C161JEA304304' not found
[2026-05-19T11:47:54Z] 5C161JEA304304  re-apply tcp:8081 FAILED
[2026-05-19T11:47:54Z] 5C161JEA304304  missing tcp:4566 — re-applying
adb: device '5C161JEA304304' not found
[2026-05-19T11:47:54Z] 5C161JEA304304  re-apply tcp:4566 FAILED
[2026-05-19T11:48:09Z] 5C161JEA304304  missing tcp:8080 — re-applying
adb: device '5C161JEA304304' not found
[2026-05-19T11:48:09Z] 5C161JEA304304  re-apply tcp:8080 FAILED
[2026-05-19T11:48:09Z] 5C161JEA304304  missing tcp:8081 — re-applying
adb: device '5C161JEA304304' not found
[2026-05-19T11:48:09Z] 5C161JEA304304  re-apply tcp:8081 FAILED
[2026-05-19T11:48:09Z] 5C161JEA304304  missing tcp:4566 — re-applying
adb: device '5C161JEA304304' not found
[2026-05-19T11:48:09Z] 5C161JEA304304  re-apply tcp:4566 FAILED
[2026-05-19T11:48:24Z] 5C161JEA304304  missing tcp:8080 — re-applying
adb: device '5C161JEA304304' not found
[2026-05-19T11:48:24Z] 5C161JEA304304  re-apply tcp:8080 FAILED
[2026-05-19T11:48:24Z] 5C161JEA304304  missing tcp:8081 — re-applying
adb: device '5C161JEA304304' not found
[2026-05-19T11:48:24Z] 5C161JEA304304  re-apply tcp:8081 FAILED
[2026-05-19T11:48:24Z] 5C161JEA304304  missing tcp:4566 — re-applying
adb: device '5C161JEA304304' not found
[2026-05-19T11:48:24Z] 5C161JEA304304  re-apply tcp:4566 FAILED
[2026-05-19T11:48:39Z] 5C161JEA304304  missing tcp:8080 — re-applying
adb: device '5C161JEA304304' not found
[2026-05-19T11:48:39Z] 5C161JEA304304  re-apply tcp:8080 FAILED
[2026-05-19T11:48:39Z] 5C161JEA304304  missing tcp:8081 — re-applying
adb: device '5C161JEA304304' not found
[2026-05-19T11:48:39Z] 5C161JEA304304  re-apply tcp:8081 FAILED
[2026-05-19T11:48:39Z] 5C161JEA304304  missing tcp:4566 — re-applying
adb: device '5C161JEA304304' not found
[2026-05-19T11:48:39Z] 5C161JEA304304  re-apply tcp:4566 FAILED
[2026-05-19T11:48:55Z] 5C161JEA304304  missing tcp:8080 — re-applying
adb: device '5C161JEA304304' not found
[2026-05-19T11:48:55Z] 5C161JEA304304  re-apply tcp:8080 FAILED
[2026-05-19T11:48:55Z] 5C161JEA304304  missing tcp:8081 — re-applying
adb: device '5C161JEA304304' not found
[2026-05-19T11:48:55Z] 5C161JEA304304  re-apply tcp:8081 FAILED
[2026-05-19T11:48:55Z] 5C161JEA304304  missing tcp:4566 — re-applying
adb: device '5C161JEA304304' not found
[2026-05-19T11:48:55Z] 5C161JEA304304  re-apply tcp:4566 FAILED
[2026-05-19T11:49:10Z] 5C161JEA304304  missing tcp:8080 — re-applying
adb: device '5C161JEA304304' not found
[2026-05-19T11:49:10Z] 5C161JEA304304  re-apply tcp:8080 FAILED
[2026-05-19T11:49:10Z] 5C161JEA304304  missing tcp:8081 — re-applying
adb: device '5C161JEA304304' not found
[2026-05-19T11:49:10Z] 5C161JEA304304  re-apply tcp:8081 FAILED
[2026-05-19T11:49:10Z] 5C161JEA304304  missing tcp:4566 — re-applying
adb: device '5C161JEA304304' not found
[2026-05-19T11:49:10Z] 5C161JEA304304  re-apply tcp:4566 FAILED
[2026-05-19T11:49:25Z] 5C161JEA304304  missing tcp:8080 — re-applying
adb: device '5C161JEA304304' not found
[2026-05-19T11:49:25Z] 5C161JEA304304  re-apply tcp:8080 FAILED
[2026-05-19T11:49:25Z] 5C161JEA304304  missing tcp:8081 — re-applying
adb: device '5C161JEA304304' not found
[2026-05-19T11:49:25Z] 5C161JEA304304  re-apply tcp:8081 FAILED
[2026-05-19T11:49:25Z] 5C161JEA304304  missing tcp:4566 — re-applying
adb: device '5C161JEA304304' not found
[2026-05-19T11:49:25Z] 5C161JEA304304  re-apply tcp:4566 FAILED
[2026-05-19T11:49:40Z] 5C161JEA304304  missing tcp:8080 — re-applying
adb: device '5C161JEA304304' not found
[2026-05-19T11:49:40Z] 5C161JEA304304  re-apply tcp:8080 FAILED
[2026-05-19T11:49:40Z] 5C161JEA304304  missing tcp:8081 — re-applying
adb: device '5C161JEA304304' not found
[2026-05-19T11:49:40Z] 5C161JEA304304  re-apply tcp:8081 FAILED
[2026-05-19T11:49:40Z] 5C161JEA304304  missing tcp:4566 — re-applying
adb: device '5C161JEA304304' not found
[2026-05-19T11:49:40Z] 5C161JEA304304  re-apply tcp:4566 FAILED
[2026-05-19T11:49:55Z] 5C161JEA304304  missing tcp:8080 — re-applying
adb: device '5C161JEA304304' not found
[2026-05-19T11:49:55Z] 5C161JEA304304  re-apply tcp:8080 FAILED
[2026-05-19T11:49:55Z] 5C161JEA304304  missing tcp:8081 — re-applying
adb: device '5C161JEA304304' not found
[2026-05-19T11:49:55Z] 5C161JEA304304  re-apply tcp:8081 FAILED
[2026-05-19T11:49:55Z] 5C161JEA304304  missing tcp:4566 — re-applying
adb: device '5C161JEA304304' not found
[2026-05-19T11:49:55Z] 5C161JEA304304  re-apply tcp:4566 FAILED
[2026-05-19T11:50:10Z] 5C161JEA304304  missing tcp:8080 — re-applying
adb: device '5C161JEA304304' not found
[2026-05-19T11:50:10Z] 5C161JEA304304  re-apply tcp:8080 FAILED
[2026-05-19T11:50:10Z] 5C161JEA304304  missing tcp:8081 — re-applying
adb: device '5C161JEA304304' not found
[2026-05-19T11:50:10Z] 5C161JEA304304  re-apply tcp:8081 FAILED
[2026-05-19T11:50:10Z] 5C161JEA304304  missing tcp:4566 — re-applying
adb: device '5C161JEA304304' not found
[2026-05-19T11:50:10Z] 5C161JEA304304  re-apply tcp:4566 FAILED
[2026-05-19T11:50:25Z] 5C161JEA304304  missing tcp:8080 — re-applying
adb: device '5C161JEA304304' not found
[2026-05-19T11:50:25Z] 5C161JEA304304  re-apply tcp:8080 FAILED
[2026-05-19T11:50:25Z] 5C161JEA304304  missing tcp:8081 — re-applying
adb: device '5C161JEA304304' not found
[2026-05-19T11:50:25Z] 5C161JEA304304  re-apply tcp:8081 FAILED
[2026-05-19T11:50:25Z] 5C161JEA304304  missing tcp:4566 — re-applying
adb: device '5C161JEA304304' not found
[2026-05-19T11:50:25Z] 5C161JEA304304  re-apply tcp:4566 FAILED
[2026-05-19T11:50:40Z] 5C161JEA304304  missing tcp:8080 — re-applying
adb: device '5C161JEA304304' not found
[2026-05-19T11:50:40Z] 5C161JEA304304  re-apply tcp:8080 FAILED
[2026-05-19T11:50:40Z] 5C161JEA304304  missing tcp:8081 — re-applying
adb: device '5C161JEA304304' not found
[2026-05-19T11:50:40Z] 5C161JEA304304  re-apply tcp:8081 FAILED
[2026-05-19T11:50:40Z] 5C161JEA304304  missing tcp:4566 — re-applying
adb: device '5C161JEA304304' not found
[2026-05-19T11:50:40Z] 5C161JEA304304  re-apply tcp:4566 FAILED
[2026-05-19T11:50:56Z] 5C161JEA304304  missing tcp:8080 — re-applying
adb: device '5C161JEA304304' not found
[2026-05-19T11:50:56Z] 5C161JEA304304  re-apply tcp:8080 FAILED
[2026-05-19T11:50:56Z] 5C161JEA304304  missing tcp:8081 — re-applying
adb: device '5C161JEA304304' not found
[2026-05-19T11:50:56Z] 5C161JEA304304  re-apply tcp:8081 FAILED
[2026-05-19T11:50:56Z] 5C161JEA304304  missing tcp:4566 — re-applying
adb: device '5C161JEA304304' not found
[2026-05-19T11:50:56Z] 5C161JEA304304  re-apply tcp:4566 FAILED
[2026-05-19T11:51:11Z] 5C161JEA304304  missing tcp:8080 — re-applying
adb: device '5C161JEA304304' not found
[2026-05-19T11:51:11Z] 5C161JEA304304  re-apply tcp:8080 FAILED
[2026-05-19T11:51:11Z] 5C161JEA304304  missing tcp:8081 — re-applying
adb: device '5C161JEA304304' not found
[2026-05-19T11:51:11Z] 5C161JEA304304  re-apply tcp:8081 FAILED
[2026-05-19T11:51:11Z] 5C161JEA304304  missing tcp:4566 — re-applying
adb: device '5C161JEA304304' not found
[2026-05-19T11:51:11Z] 5C161JEA304304  re-apply tcp:4566 FAILED
[2026-05-19T11:51:26Z] 5C161JEA304304  missing tcp:8080 — re-applying
adb: device '5C161JEA304304' not found
[2026-05-19T11:51:26Z] 5C161JEA304304  re-apply tcp:8080 FAILED
[2026-05-19T11:51:26Z] 5C161JEA304304  missing tcp:8081 — re-applying
adb: device '5C161JEA304304' not found
[2026-05-19T11:51:26Z] 5C161JEA304304  re-apply tcp:8081 FAILED
[2026-05-19T11:51:26Z] 5C161JEA304304  missing tcp:4566 — re-applying
adb: device '5C161JEA304304' not found
[2026-05-19T11:51:26Z] 5C161JEA304304  re-apply tcp:4566 FAILED
[2026-05-19T11:51:41Z] 5C161JEA304304  missing tcp:8080 — re-applying
adb: device '5C161JEA304304' not found
[2026-05-19T11:51:41Z] 5C161JEA304304  re-apply tcp:8080 FAILED
[2026-05-19T11:51:41Z] 5C161JEA304304  missing tcp:8081 — re-applying
adb: device '5C161JEA304304' not found
[2026-05-19T11:51:41Z] 5C161JEA304304  re-apply tcp:8081 FAILED
[2026-05-19T11:51:41Z] 5C161JEA304304  missing tcp:4566 — re-applying
adb: device '5C161JEA304304' not found
[2026-05-19T11:51:41Z] 5C161JEA304304  re-apply tcp:4566 FAILED
[2026-05-19T11:51:56Z] 5C161JEA304304  missing tcp:8080 — re-applying
adb: device '5C161JEA304304' not found
[2026-05-19T11:51:56Z] 5C161JEA304304  re-apply tcp:8080 FAILED
[2026-05-19T11:51:56Z] 5C161JEA304304  missing tcp:8081 — re-applying
adb: device '5C161JEA304304' not found
[2026-05-19T11:51:56Z] 5C161JEA304304  re-apply tcp:8081 FAILED
[2026-05-19T11:51:56Z] 5C161JEA304304  missing tcp:4566 — re-applying
adb: device '5C161JEA304304' not found
[2026-05-19T11:51:56Z] 5C161JEA304304  re-apply tcp:4566 FAILED
[2026-05-19T11:52:11Z] 5C161JEA304304  missing tcp:8080 — re-applying
adb: device '5C161JEA304304' not found
[2026-05-19T11:52:11Z] 5C161JEA304304  re-apply tcp:8080 FAILED
[2026-05-19T11:52:11Z] 5C161JEA304304  missing tcp:8081 — re-applying
adb: device '5C161JEA304304' not found
[2026-05-19T11:52:11Z] 5C161JEA304304  re-apply tcp:8081 FAILED
[2026-05-19T11:52:11Z] 5C161JEA304304  missing tcp:4566 — re-applying
adb: device '5C161JEA304304' not found
[2026-05-19T11:52:11Z] 5C161JEA304304  re-apply tcp:4566 FAILED
[2026-05-19T11:52:26Z] 5C161JEA304304  missing tcp:8080 — re-applying
adb: device '5C161JEA304304' not found
[2026-05-19T11:52:26Z] 5C161JEA304304  re-apply tcp:8080 FAILED
[2026-05-19T11:52:26Z] 5C161JEA304304  missing tcp:8081 — re-applying
adb: device '5C161JEA304304' not found
[2026-05-19T11:52:26Z] 5C161JEA304304  re-apply tcp:8081 FAILED
[2026-05-19T11:52:26Z] 5C161JEA304304  missing tcp:4566 — re-applying
adb: device '5C161JEA304304' not found
[2026-05-19T11:52:26Z] 5C161JEA304304  re-apply tcp:4566 FAILED
[2026-05-19T11:52:41Z] 5C161JEA304304  missing tcp:8080 — re-applying
adb: device '5C161JEA304304' not found
[2026-05-19T11:52:41Z] 5C161JEA304304  re-apply tcp:8080 FAILED
[2026-05-19T11:52:41Z] 5C161JEA304304  missing tcp:8081 — re-applying
adb: device '5C161JEA304304' not found
[2026-05-19T11:52:41Z] 5C161JEA304304  re-apply tcp:8081 FAILED
[2026-05-19T11:52:41Z] 5C161JEA304304  missing tcp:4566 — re-applying
adb: device '5C161JEA304304' not found
[2026-05-19T11:52:41Z] 5C161JEA304304  re-apply tcp:4566 FAILED
[2026-05-19T11:52:57Z] 5C161JEA304304  missing tcp:8080 — re-applying
adb: device '5C161JEA304304' not found
[2026-05-19T11:52:57Z] 5C161JEA304304  re-apply tcp:8080 FAILED
[2026-05-19T11:52:57Z] 5C161JEA304304  missing tcp:8081 — re-applying
adb: device '5C161JEA304304' not found
[2026-05-19T11:52:57Z] 5C161JEA304304  re-apply tcp:8081 FAILED
[2026-05-19T11:52:57Z] 5C161JEA304304  missing tcp:4566 — re-applying
adb: device '5C161JEA304304' not found
[2026-05-19T11:52:57Z] 5C161JEA304304  re-apply tcp:4566 FAILED
[2026-05-19T11:53:12Z] 5C161JEA304304  missing tcp:8080 — re-applying
adb: device '5C161JEA304304' not found
[2026-05-19T11:53:12Z] 5C161JEA304304  re-apply tcp:8080 FAILED
[2026-05-19T11:53:12Z] 5C161JEA304304  missing tcp:8081 — re-applying
adb: device '5C161JEA304304' not found
[2026-05-19T11:53:12Z] 5C161JEA304304  re-apply tcp:8081 FAILED
[2026-05-19T11:53:12Z] 5C161JEA304304  missing tcp:4566 — re-applying
adb: device '5C161JEA304304' not found
[2026-05-19T11:53:12Z] 5C161JEA304304  re-apply tcp:4566 FAILED
[2026-05-19T11:53:27Z] 5C161JEA304304  missing tcp:8080 — re-applying
adb: device '5C161JEA304304' not found
[2026-05-19T11:53:27Z] 5C161JEA304304  re-apply tcp:8080 FAILED
[2026-05-19T11:53:27Z] 5C161JEA304304  missing tcp:8081 — re-applying
adb: device '5C161JEA304304' not found
[2026-05-19T11:53:27Z] 5C161JEA304304  re-apply tcp:8081 FAILED
[2026-05-19T11:53:27Z] 5C161JEA304304  missing tcp:4566 — re-applying
adb: device '5C161JEA304304' not found
[2026-05-19T11:53:27Z] 5C161JEA304304  re-apply tcp:4566 FAILED
[2026-05-19T11:53:42Z] 5C161JEA304304  missing tcp:8080 — re-applying
adb: device '5C161JEA304304' not found
[2026-05-19T11:53:42Z] 5C161JEA304304  re-apply tcp:8080 FAILED
[2026-05-19T11:53:42Z] 5C161JEA304304  missing tcp:8081 — re-applying
adb: device '5C161JEA304304' not found
[2026-05-19T11:53:42Z] 5C161JEA304304  re-apply tcp:8081 FAILED
[2026-05-19T11:53:42Z] 5C161JEA304304  missing tcp:4566 — re-applying
adb: device '5C161JEA304304' not found
[2026-05-19T11:53:42Z] 5C161JEA304304  re-apply tcp:4566 FAILED
[2026-05-19T11:53:57Z] 5C161JEA304304  missing tcp:8080 — re-applying
adb: device '5C161JEA304304' not found
[2026-05-19T11:53:57Z] 5C161JEA304304  re-apply tcp:8080 FAILED
[2026-05-19T11:53:57Z] 5C161JEA304304  missing tcp:8081 — re-applying
adb: device '5C161JEA304304' not found
[2026-05-19T11:53:57Z] 5C161JEA304304  re-apply tcp:8081 FAILED
[2026-05-19T11:53:57Z] 5C161JEA304304  missing tcp:4566 — re-applying
adb: device '5C161JEA304304' not found
[2026-05-19T11:53:57Z] 5C161JEA304304  re-apply tcp:4566 FAILED
[2026-05-19T11:54:12Z] 5C161JEA304304  missing tcp:8080 — re-applying
adb: device '5C161JEA304304' not found
[2026-05-19T11:54:12Z] 5C161JEA304304  re-apply tcp:8080 FAILED
[2026-05-19T11:54:12Z] 5C161JEA304304  missing tcp:8081 — re-applying
adb: device '5C161JEA304304' not found
[2026-05-19T11:54:12Z] 5C161JEA304304  re-apply tcp:8081 FAILED
[2026-05-19T11:54:12Z] 5C161JEA304304  missing tcp:4566 — re-applying
adb: device '5C161JEA304304' not found
[2026-05-19T11:54:12Z] 5C161JEA304304  re-apply tcp:4566 FAILED
[2026-05-19T11:54:27Z] 5C161JEA304304  missing tcp:8080 — re-applying
adb: device '5C161JEA304304' not found
[2026-05-19T11:54:27Z] 5C161JEA304304  re-apply tcp:8080 FAILED
[2026-05-19T11:54:27Z] 5C161JEA304304  missing tcp:8081 — re-applying
adb: device '5C161JEA304304' not found
[2026-05-19T11:54:27Z] 5C161JEA304304  re-apply tcp:8081 FAILED
[2026-05-19T11:54:27Z] 5C161JEA304304  missing tcp:4566 — re-applying
adb: device '5C161JEA304304' not found
[2026-05-19T11:54:27Z] 5C161JEA304304  re-apply tcp:4566 FAILED
[2026-05-19T11:54:42Z] 5C161JEA304304  missing tcp:8080 — re-applying
adb: device '5C161JEA304304' not found
[2026-05-19T11:54:42Z] 5C161JEA304304  re-apply tcp:8080 FAILED
[2026-05-19T11:54:42Z] 5C161JEA304304  missing tcp:8081 — re-applying
adb: device '5C161JEA304304' not found
[2026-05-19T11:54:42Z] 5C161JEA304304  re-apply tcp:8081 FAILED
[2026-05-19T11:54:43Z] 5C161JEA304304  missing tcp:4566 — re-applying
adb: device '5C161JEA304304' not found
[2026-05-19T11:54:43Z] 5C161JEA304304  re-apply tcp:4566 FAILED
[2026-05-19T11:54:58Z] 5C161JEA304304  missing tcp:8080 — re-applying
adb: device '5C161JEA304304' not found
[2026-05-19T11:54:58Z] 5C161JEA304304  re-apply tcp:8080 FAILED
[2026-05-19T11:54:58Z] 5C161JEA304304  missing tcp:8081 — re-applying
adb: device '5C161JEA304304' not found
[2026-05-19T11:54:58Z] 5C161JEA304304  re-apply tcp:8081 FAILED
[2026-05-19T11:54:58Z] 5C161JEA304304  missing tcp:4566 — re-applying
adb: device '5C161JEA304304' not found
[2026-05-19T11:54:58Z] 5C161JEA304304  re-apply tcp:4566 FAILED
[2026-05-19T11:55:13Z] 5C161JEA304304  missing tcp:8080 — re-applying
adb: device '5C161JEA304304' not found
[2026-05-19T11:55:13Z] 5C161JEA304304  re-apply tcp:8080 FAILED
[2026-05-19T11:55:13Z] 5C161JEA304304  missing tcp:8081 — re-applying
adb: device '5C161JEA304304' not found
[2026-05-19T11:55:13Z] 5C161JEA304304  re-apply tcp:8081 FAILED
[2026-05-19T11:55:13Z] 5C161JEA304304  missing tcp:4566 — re-applying
adb: device '5C161JEA304304' not found
[2026-05-19T11:55:13Z] 5C161JEA304304  re-apply tcp:4566 FAILED
[2026-05-19T11:55:28Z] 5C161JEA304304  missing tcp:8080 — re-applying
adb: device '5C161JEA304304' not found
[2026-05-19T11:55:28Z] 5C161JEA304304  re-apply tcp:8080 FAILED
[2026-05-19T11:55:28Z] 5C161JEA304304  missing tcp:8081 — re-applying
adb: device '5C161JEA304304' not found
[2026-05-19T11:55:28Z] 5C161JEA304304  re-apply tcp:8081 FAILED
[2026-05-19T11:55:28Z] 5C161JEA304304  missing tcp:4566 — re-applying
adb: device '5C161JEA304304' not found
[2026-05-19T11:55:28Z] 5C161JEA304304  re-apply tcp:4566 FAILED
[2026-05-19T11:55:43Z] 5C161JEA304304  missing tcp:8080 — re-applying
adb: device '5C161JEA304304' not found
[2026-05-19T11:55:43Z] 5C161JEA304304  re-apply tcp:8080 FAILED
[2026-05-19T11:55:43Z] 5C161JEA304304  missing tcp:8081 — re-applying
adb: device '5C161JEA304304' not found
[2026-05-19T11:55:43Z] 5C161JEA304304  re-apply tcp:8081 FAILED
[2026-05-19T11:55:43Z] 5C161JEA304304  missing tcp:4566 — re-applying
adb: device '5C161JEA304304' not found
[2026-05-19T11:55:43Z] 5C161JEA304304  re-apply tcp:4566 FAILED
[2026-05-19T11:55:58Z] 5C161JEA304304  missing tcp:8080 — re-applying
adb: device '5C161JEA304304' not found
[2026-05-19T11:55:58Z] 5C161JEA304304  re-apply tcp:8080 FAILED
[2026-05-19T11:55:58Z] 5C161JEA304304  missing tcp:8081 — re-applying
adb: device '5C161JEA304304' not found
[2026-05-19T11:55:58Z] 5C161JEA304304  re-apply tcp:8081 FAILED
[2026-05-19T11:55:58Z] 5C161JEA304304  missing tcp:4566 — re-applying
adb: device '5C161JEA304304' not found
[2026-05-19T11:55:58Z] 5C161JEA304304  re-apply tcp:4566 FAILED
[2026-05-19T11:56:13Z] 5C161JEA304304  missing tcp:8080 — re-applying
adb: device '5C161JEA304304' not found
[2026-05-19T11:56:13Z] 5C161JEA304304  re-apply tcp:8080 FAILED
[2026-05-19T11:56:13Z] 5C161JEA304304  missing tcp:8081 — re-applying
adb: device '5C161JEA304304' not found
[2026-05-19T11:56:13Z] 5C161JEA304304  re-apply tcp:8081 FAILED
[2026-05-19T11:56:13Z] 5C161JEA304304  missing tcp:4566 — re-applying
adb: device '5C161JEA304304' not found
[2026-05-19T11:56:13Z] 5C161JEA304304  re-apply tcp:4566 FAILED
[2026-05-19T11:56:28Z] 5C161JEA304304  missing tcp:8080 — re-applying
adb: device '5C161JEA304304' not found
[2026-05-19T11:56:28Z] 5C161JEA304304  re-apply tcp:8080 FAILED
[2026-05-19T11:56:28Z] 5C161JEA304304  missing tcp:8081 — re-applying
adb: device '5C161JEA304304' not found
[2026-05-19T11:56:28Z] 5C161JEA304304  re-apply tcp:8081 FAILED
[2026-05-19T11:56:28Z] 5C161JEA304304  missing tcp:4566 — re-applying
adb: device '5C161JEA304304' not found
[2026-05-19T11:56:28Z] 5C161JEA304304  re-apply tcp:4566 FAILED
[2026-05-19T11:56:44Z] 5C161JEA304304  missing tcp:8080 — re-applying
adb: device '5C161JEA304304' not found
[2026-05-19T11:56:44Z] 5C161JEA304304  re-apply tcp:8080 FAILED
[2026-05-19T11:56:44Z] 5C161JEA304304  missing tcp:8081 — re-applying
adb: device '5C161JEA304304' not found
[2026-05-19T11:56:44Z] 5C161JEA304304  re-apply tcp:8081 FAILED
[2026-05-19T11:56:44Z] 5C161JEA304304  missing tcp:4566 — re-applying
adb: device '5C161JEA304304' not found
[2026-05-19T11:56:44Z] 5C161JEA304304  re-apply tcp:4566 FAILED
[2026-05-19T11:56:59Z] 5C161JEA304304  missing tcp:8080 — re-applying
adb: device '5C161JEA304304' not found
[2026-05-19T11:56:59Z] 5C161JEA304304  re-apply tcp:8080 FAILED
[2026-05-19T11:56:59Z] 5C161JEA304304  missing tcp:8081 — re-applying
adb: device '5C161JEA304304' not found
[2026-05-19T11:56:59Z] 5C161JEA304304  re-apply tcp:8081 FAILED
[2026-05-19T11:56:59Z] 5C161JEA304304  missing tcp:4566 — re-applying
adb: device '5C161JEA304304' not found
[2026-05-19T11:56:59Z] 5C161JEA304304  re-apply tcp:4566 FAILED
[2026-05-19T11:57:14Z] 5C161JEA304304  missing tcp:8080 — re-applying
adb: device '5C161JEA304304' not found
[2026-05-19T11:57:14Z] 5C161JEA304304  re-apply tcp:8080 FAILED
[2026-05-19T11:57:14Z] 5C161JEA304304  missing tcp:8081 — re-applying
adb: device '5C161JEA304304' not found
[2026-05-19T11:57:14Z] 5C161JEA304304  re-apply tcp:8081 FAILED
[2026-05-19T11:57:14Z] 5C161JEA304304  missing tcp:4566 — re-applying
adb: device '5C161JEA304304' not found
[2026-05-19T11:57:14Z] 5C161JEA304304  re-apply tcp:4566 FAILED
[2026-05-19T11:57:29Z] 5C161JEA304304  missing tcp:8080 — re-applying
adb: device '5C161JEA304304' not found
[2026-05-19T11:57:29Z] 5C161JEA304304  re-apply tcp:8080 FAILED
[2026-05-19T11:57:29Z] 5C161JEA304304  missing tcp:8081 — re-applying
adb: device '5C161JEA304304' not found
[2026-05-19T11:57:29Z] 5C161JEA304304  re-apply tcp:8081 FAILED
[2026-05-19T11:57:29Z] 5C161JEA304304  missing tcp:4566 — re-applying
adb: device '5C161JEA304304' not found
[2026-05-19T11:57:29Z] 5C161JEA304304  re-apply tcp:4566 FAILED
[2026-05-19T11:57:44Z] 5C161JEA304304  missing tcp:8080 — re-applying
adb: device '5C161JEA304304' not found
[2026-05-19T11:57:44Z] 5C161JEA304304  re-apply tcp:8080 FAILED
[2026-05-19T11:57:44Z] 5C161JEA304304  missing tcp:8081 — re-applying
adb: device '5C161JEA304304' not found
[2026-05-19T11:57:44Z] 5C161JEA304304  re-apply tcp:8081 FAILED
[2026-05-19T11:57:44Z] 5C161JEA304304  missing tcp:4566 — re-applying
adb: device '5C161JEA304304' not found
[2026-05-19T11:57:44Z] 5C161JEA304304  re-apply tcp:4566 FAILED
[2026-05-19T11:57:59Z] 5C161JEA304304  missing tcp:8080 — re-applying
adb: device '5C161JEA304304' not found
[2026-05-19T11:57:59Z] 5C161JEA304304  re-apply tcp:8080 FAILED
[2026-05-19T11:57:59Z] 5C161JEA304304  missing tcp:8081 — re-applying
adb: device '5C161JEA304304' not found
[2026-05-19T11:57:59Z] 5C161JEA304304  re-apply tcp:8081 FAILED
[2026-05-19T11:57:59Z] 5C161JEA304304  missing tcp:4566 — re-applying
adb: device '5C161JEA304304' not found
[2026-05-19T11:57:59Z] 5C161JEA304304  re-apply tcp:4566 FAILED
[2026-05-19T11:58:14Z] 5C161JEA304304  missing tcp:8080 — re-applying
adb: device '5C161JEA304304' not found
[2026-05-19T11:58:14Z] 5C161JEA304304  re-apply tcp:8080 FAILED
[2026-05-19T11:58:14Z] 5C161JEA304304  missing tcp:8081 — re-applying
adb: device '5C161JEA304304' not found
[2026-05-19T11:58:14Z] 5C161JEA304304  re-apply tcp:8081 FAILED
[2026-05-19T11:58:14Z] 5C161JEA304304  missing tcp:4566 — re-applying
adb: device '5C161JEA304304' not found
[2026-05-19T11:58:14Z] 5C161JEA304304  re-apply tcp:4566 FAILED
[2026-05-19T11:58:29Z] 5C161JEA304304  missing tcp:8080 — re-applying
adb: device '5C161JEA304304' not found
[2026-05-19T11:58:29Z] 5C161JEA304304  re-apply tcp:8080 FAILED
[2026-05-19T11:58:29Z] 5C161JEA304304  missing tcp:8081 — re-applying
adb: device '5C161JEA304304' not found
[2026-05-19T11:58:29Z] 5C161JEA304304  re-apply tcp:8081 FAILED
[2026-05-19T11:58:29Z] 5C161JEA304304  missing tcp:4566 — re-applying
adb: device '5C161JEA304304' not found
[2026-05-19T11:58:29Z] 5C161JEA304304  re-apply tcp:4566 FAILED
[2026-05-19T12:00:10Z] 5C161JEA304304  missing tcp:8080 — re-applying
adb: device '5C161JEA304304' not found
[2026-05-19T12:00:10Z] 5C161JEA304304  re-apply tcp:8080 FAILED
[2026-05-19T12:00:10Z] 5C161JEA304304  missing tcp:8081 — re-applying
adb: device '5C161JEA304304' not found
[2026-05-19T12:00:10Z] 5C161JEA304304  re-apply tcp:8081 FAILED
[2026-05-19T12:00:11Z] 5C161JEA304304  missing tcp:4566 — re-applying
adb: device '5C161JEA304304' not found
[2026-05-19T12:00:11Z] 5C161JEA304304  re-apply tcp:4566 FAILED
[2026-05-19T12:00:26Z] 5C161JEA304304  missing tcp:8080 — re-applying
adb: device '5C161JEA304304' not found
[2026-05-19T12:00:26Z] 5C161JEA304304  re-apply tcp:8080 FAILED
[2026-05-19T12:00:26Z] 5C161JEA304304  missing tcp:8081 — re-applying
adb: device '5C161JEA304304' not found
[2026-05-19T12:00:26Z] 5C161JEA304304  re-apply tcp:8081 FAILED
[2026-05-19T12:00:26Z] 5C161JEA304304  missing tcp:4566 — re-applying
adb: device '5C161JEA304304' not found
[2026-05-19T12:00:26Z] 5C161JEA304304  re-apply tcp:4566 FAILED
[2026-05-19T12:00:41Z] 5C161JEA304304  missing tcp:8080 — re-applying
adb: device '5C161JEA304304' not found
[2026-05-19T12:00:41Z] 5C161JEA304304  re-apply tcp:8080 FAILED
[2026-05-19T12:00:41Z] 5C161JEA304304  missing tcp:8081 — re-applying
adb: device '5C161JEA304304' not found
[2026-05-19T12:00:41Z] 5C161JEA304304  re-apply tcp:8081 FAILED
[2026-05-19T12:00:41Z] 5C161JEA304304  missing tcp:4566 — re-applying
adb: device '5C161JEA304304' not found
[2026-05-19T12:00:41Z] 5C161JEA304304  re-apply tcp:4566 FAILED
[2026-05-19T12:00:56Z] 5C161JEA304304  missing tcp:8080 — re-applying
adb: device '5C161JEA304304' not found
[2026-05-19T12:00:56Z] 5C161JEA304304  re-apply tcp:8080 FAILED
[2026-05-19T12:00:56Z] 5C161JEA304304  missing tcp:8081 — re-applying
adb: device '5C161JEA304304' not found
[2026-05-19T12:00:56Z] 5C161JEA304304  re-apply tcp:8081 FAILED
[2026-05-19T12:00:56Z] 5C161JEA304304  missing tcp:4566 — re-applying
adb: device '5C161JEA304304' not found
[2026-05-19T12:00:56Z] 5C161JEA304304  re-apply tcp:4566 FAILED
[2026-05-19T12:01:11Z] 5C161JEA304304  missing tcp:8080 — re-applying
adb: device '5C161JEA304304' not found
[2026-05-19T12:01:11Z] 5C161JEA304304  re-apply tcp:8080 FAILED
[2026-05-19T12:01:11Z] 5C161JEA304304  missing tcp:8081 — re-applying
adb: device '5C161JEA304304' not found
[2026-05-19T12:01:11Z] 5C161JEA304304  re-apply tcp:8081 FAILED
[2026-05-19T12:01:11Z] 5C161JEA304304  missing tcp:4566 — re-applying
adb: device '5C161JEA304304' not found
[2026-05-19T12:01:11Z] 5C161JEA304304  re-apply tcp:4566 FAILED
[2026-05-19T12:01:26Z] 5C161JEA304304  missing tcp:8080 — re-applying
adb: device '5C161JEA304304' not found
[2026-05-19T12:01:26Z] 5C161JEA304304  re-apply tcp:8080 FAILED
[2026-05-19T12:01:26Z] 5C161JEA304304  missing tcp:8081 — re-applying
adb: device '5C161JEA304304' not found
[2026-05-19T12:01:26Z] 5C161JEA304304  re-apply tcp:8081 FAILED
[2026-05-19T12:01:26Z] 5C161JEA304304  missing tcp:4566 — re-applying
adb: device '5C161JEA304304' not found
[2026-05-19T12:01:26Z] 5C161JEA304304  re-apply tcp:4566 FAILED
[2026-05-19T12:01:41Z] 5C161JEA304304  missing tcp:8080 — re-applying
adb: device '5C161JEA304304' not found
[2026-05-19T12:01:41Z] 5C161JEA304304  re-apply tcp:8080 FAILED
[2026-05-19T12:01:41Z] 5C161JEA304304  missing tcp:8081 — re-applying
adb: device '5C161JEA304304' not found
[2026-05-19T12:01:41Z] 5C161JEA304304  re-apply tcp:8081 FAILED
[2026-05-19T12:01:41Z] 5C161JEA304304  missing tcp:4566 — re-applying
adb: device '5C161JEA304304' not found
[2026-05-19T12:01:41Z] 5C161JEA304304  re-apply tcp:4566 FAILED
[2026-05-19T12:01:57Z] 5C161JEA304304  missing tcp:8080 — re-applying
adb: device '5C161JEA304304' not found
[2026-05-19T12:01:57Z] 5C161JEA304304  re-apply tcp:8080 FAILED
[2026-05-19T12:01:57Z] 5C161JEA304304  missing tcp:8081 — re-applying
adb: device '5C161JEA304304' not found
[2026-05-19T12:01:57Z] 5C161JEA304304  re-apply tcp:8081 FAILED
[2026-05-19T12:01:57Z] 5C161JEA304304  missing tcp:4566 — re-applying
adb: device '5C161JEA304304' not found
[2026-05-19T12:01:57Z] 5C161JEA304304  re-apply tcp:4566 FAILED
[2026-05-19T12:02:12Z] 5C161JEA304304  missing tcp:8080 — re-applying
adb: device '5C161JEA304304' not found
[2026-05-19T12:02:12Z] 5C161JEA304304  re-apply tcp:8080 FAILED
[2026-05-19T12:02:12Z] 5C161JEA304304  missing tcp:8081 — re-applying
adb: device '5C161JEA304304' not found
[2026-05-19T12:02:12Z] 5C161JEA304304  re-apply tcp:8081 FAILED
[2026-05-19T12:02:12Z] 5C161JEA304304  missing tcp:4566 — re-applying
adb: device '5C161JEA304304' not found
[2026-05-19T12:02:12Z] 5C161JEA304304  re-apply tcp:4566 FAILED
[2026-05-19T12:02:27Z] 5C161JEA304304  missing tcp:8080 — re-applying
adb: device '5C161JEA304304' not found
[2026-05-19T12:02:27Z] 5C161JEA304304  re-apply tcp:8080 FAILED
[2026-05-19T12:02:27Z] 5C161JEA304304  missing tcp:8081 — re-applying
adb: device '5C161JEA304304' not found
[2026-05-19T12:02:27Z] 5C161JEA304304  re-apply tcp:8081 FAILED
[2026-05-19T12:02:27Z] 5C161JEA304304  missing tcp:4566 — re-applying
adb: device '5C161JEA304304' not found
[2026-05-19T12:02:27Z] 5C161JEA304304  re-apply tcp:4566 FAILED
[2026-05-19T12:02:42Z] 5C161JEA304304  missing tcp:8080 — re-applying
adb: device '5C161JEA304304' not found
[2026-05-19T12:02:42Z] 5C161JEA304304  re-apply tcp:8080 FAILED
[2026-05-19T12:02:42Z] 5C161JEA304304  missing tcp:8081 — re-applying
adb: device '5C161JEA304304' not found
[2026-05-19T12:02:42Z] 5C161JEA304304  re-apply tcp:8081 FAILED
[2026-05-19T12:02:42Z] 5C161JEA304304  missing tcp:4566 — re-applying
adb: device '5C161JEA304304' not found
[2026-05-19T12:02:42Z] 5C161JEA304304  re-apply tcp:4566 FAILED
[2026-05-19T12:02:57Z] 5C161JEA304304  missing tcp:8080 — re-applying
adb: device '5C161JEA304304' not found
[2026-05-19T12:02:57Z] 5C161JEA304304  re-apply tcp:8080 FAILED
[2026-05-19T12:02:57Z] 5C161JEA304304  missing tcp:8081 — re-applying
adb: device '5C161JEA304304' not found
[2026-05-19T12:02:57Z] 5C161JEA304304  re-apply tcp:8081 FAILED
[2026-05-19T12:02:57Z] 5C161JEA304304  missing tcp:4566 — re-applying
adb: device '5C161JEA304304' not found
[2026-05-19T12:02:57Z] 5C161JEA304304  re-apply tcp:4566 FAILED
[2026-05-19T12:03:12Z] 5C161JEA304304  missing tcp:8080 — re-applying
adb: device '5C161JEA304304' not found
[2026-05-19T12:03:12Z] 5C161JEA304304  re-apply tcp:8080 FAILED
[2026-05-19T12:03:12Z] 5C161JEA304304  missing tcp:8081 — re-applying
adb: device '5C161JEA304304' not found
[2026-05-19T12:03:12Z] 5C161JEA304304  re-apply tcp:8081 FAILED
[2026-05-19T12:03:12Z] 5C161JEA304304  missing tcp:4566 — re-applying
adb: device '5C161JEA304304' not found
[2026-05-19T12:03:12Z] 5C161JEA304304  re-apply tcp:4566 FAILED
[2026-05-19T12:03:27Z] 5C161JEA304304  missing tcp:8080 — re-applying
adb: device '5C161JEA304304' not found
[2026-05-19T12:03:27Z] 5C161JEA304304  re-apply tcp:8080 FAILED
[2026-05-19T12:03:27Z] 5C161JEA304304  missing tcp:8081 — re-applying
adb: device '5C161JEA304304' not found
[2026-05-19T12:03:27Z] 5C161JEA304304  re-apply tcp:8081 FAILED
[2026-05-19T12:03:27Z] 5C161JEA304304  missing tcp:4566 — re-applying
adb: device '5C161JEA304304' not found
[2026-05-19T12:03:27Z] 5C161JEA304304  re-apply tcp:4566 FAILED
[2026-05-19T12:03:42Z] 5C161JEA304304  missing tcp:8080 — re-applying
adb: device '5C161JEA304304' not found
[2026-05-19T12:03:42Z] 5C161JEA304304  re-apply tcp:8080 FAILED
[2026-05-19T12:03:42Z] 5C161JEA304304  missing tcp:8081 — re-applying
adb: device '5C161JEA304304' not found
[2026-05-19T12:03:42Z] 5C161JEA304304  re-apply tcp:8081 FAILED
[2026-05-19T12:03:42Z] 5C161JEA304304  missing tcp:4566 — re-applying
adb: device '5C161JEA304304' not found
[2026-05-19T12:03:42Z] 5C161JEA304304  re-apply tcp:4566 FAILED
[2026-05-19T12:03:58Z] 5C161JEA304304  missing tcp:8080 — re-applying
adb: device '5C161JEA304304' not found
[2026-05-19T12:03:58Z] 5C161JEA304304  re-apply tcp:8080 FAILED
[2026-05-19T12:03:58Z] 5C161JEA304304  missing tcp:8081 — re-applying
adb: device '5C161JEA304304' not found
[2026-05-19T12:03:58Z] 5C161JEA304304  re-apply tcp:8081 FAILED
[2026-05-19T12:03:58Z] 5C161JEA304304  missing tcp:4566 — re-applying
adb: device '5C161JEA304304' not found
[2026-05-19T12:03:58Z] 5C161JEA304304  re-apply tcp:4566 FAILED
[2026-05-19T12:04:13Z] 5C161JEA304304  missing tcp:8080 — re-applying
adb: device '5C161JEA304304' not found
[2026-05-19T12:04:13Z] 5C161JEA304304  re-apply tcp:8080 FAILED
[2026-05-19T12:04:13Z] 5C161JEA304304  missing tcp:8081 — re-applying
adb: device '5C161JEA304304' not found
[2026-05-19T12:04:13Z] 5C161JEA304304  re-apply tcp:8081 FAILED
[2026-05-19T12:04:13Z] 5C161JEA304304  missing tcp:4566 — re-applying
adb: device '5C161JEA304304' not found
[2026-05-19T12:04:13Z] 5C161JEA304304  re-apply tcp:4566 FAILED
[2026-05-19T12:04:28Z] 5C161JEA304304  missing tcp:8080 — re-applying
adb: device '5C161JEA304304' not found
[2026-05-19T12:04:28Z] 5C161JEA304304  re-apply tcp:8080 FAILED
[2026-05-19T12:04:28Z] 5C161JEA304304  missing tcp:8081 — re-applying
adb: device '5C161JEA304304' not found
[2026-05-19T12:04:28Z] 5C161JEA304304  re-apply tcp:8081 FAILED
[2026-05-19T12:04:28Z] 5C161JEA304304  missing tcp:4566 — re-applying
adb: device '5C161JEA304304' not found
[2026-05-19T12:04:28Z] 5C161JEA304304  re-apply tcp:4566 FAILED
[2026-05-19T12:04:43Z] 5C161JEA304304  missing tcp:8080 — re-applying
adb: device '5C161JEA304304' not found
[2026-05-19T12:04:43Z] 5C161JEA304304  re-apply tcp:8080 FAILED
[2026-05-19T12:04:43Z] 5C161JEA304304  missing tcp:8081 — re-applying
adb: device '5C161JEA304304' not found
[2026-05-19T12:04:43Z] 5C161JEA304304  re-apply tcp:8081 FAILED
[2026-05-19T12:04:43Z] 5C161JEA304304  missing tcp:4566 — re-applying
adb: device '5C161JEA304304' not found
[2026-05-19T12:04:43Z] 5C161JEA304304  re-apply tcp:4566 FAILED
[2026-05-19T12:04:58Z] 5C161JEA304304  missing tcp:8080 — re-applying
adb: device '5C161JEA304304' not found
[2026-05-19T12:04:58Z] 5C161JEA304304  re-apply tcp:8080 FAILED
[2026-05-19T12:04:58Z] 5C161JEA304304  missing tcp:8081 — re-applying
adb: device '5C161JEA304304' not found
[2026-05-19T12:04:58Z] 5C161JEA304304  re-apply tcp:8081 FAILED
[2026-05-19T12:04:58Z] 5C161JEA304304  missing tcp:4566 — re-applying
adb: device '5C161JEA304304' not found
[2026-05-19T12:04:58Z] 5C161JEA304304  re-apply tcp:4566 FAILED
[2026-05-19T12:05:13Z] 5C161JEA304304  missing tcp:8080 — re-applying
adb: device '5C161JEA304304' not found
[2026-05-19T12:05:13Z] 5C161JEA304304  re-apply tcp:8080 FAILED
[2026-05-19T12:05:13Z] 5C161JEA304304  missing tcp:8081 — re-applying
adb: device '5C161JEA304304' not found
[2026-05-19T12:05:13Z] 5C161JEA304304  re-apply tcp:8081 FAILED
[2026-05-19T12:05:13Z] 5C161JEA304304  missing tcp:4566 — re-applying
adb: device '5C161JEA304304' not found
[2026-05-19T12:05:13Z] 5C161JEA304304  re-apply tcp:4566 FAILED
[2026-05-19T12:05:28Z] 5C161JEA304304  missing tcp:8080 — re-applying
adb: device '5C161JEA304304' not found
[2026-05-19T12:05:28Z] 5C161JEA304304  re-apply tcp:8080 FAILED
[2026-05-19T12:05:28Z] 5C161JEA304304  missing tcp:8081 — re-applying
adb: device '5C161JEA304304' not found
[2026-05-19T12:05:28Z] 5C161JEA304304  re-apply tcp:8081 FAILED
[2026-05-19T12:05:28Z] 5C161JEA304304  missing tcp:4566 — re-applying
adb: device '5C161JEA304304' not found
[2026-05-19T12:05:28Z] 5C161JEA304304  re-apply tcp:4566 FAILED
[2026-05-19T12:05:43Z] 5C161JEA304304  missing tcp:8080 — re-applying
adb: device '5C161JEA304304' not found
[2026-05-19T12:05:43Z] 5C161JEA304304  re-apply tcp:8080 FAILED
[2026-05-19T12:05:43Z] 5C161JEA304304  missing tcp:8081 — re-applying
adb: device '5C161JEA304304' not found
[2026-05-19T12:05:43Z] 5C161JEA304304  re-apply tcp:8081 FAILED
[2026-05-19T12:05:43Z] 5C161JEA304304  missing tcp:4566 — re-applying
adb: device '5C161JEA304304' not found
[2026-05-19T12:05:43Z] 5C161JEA304304  re-apply tcp:4566 FAILED
[2026-05-19T12:05:59Z] 5C161JEA304304  missing tcp:8080 — re-applying
adb: device '5C161JEA304304' not found
[2026-05-19T12:05:59Z] 5C161JEA304304  re-apply tcp:8080 FAILED
[2026-05-19T12:05:59Z] 5C161JEA304304  missing tcp:8081 — re-applying
adb: device '5C161JEA304304' not found
[2026-05-19T12:05:59Z] 5C161JEA304304  re-apply tcp:8081 FAILED
[2026-05-19T12:05:59Z] 5C161JEA304304  missing tcp:4566 — re-applying
adb: device '5C161JEA304304' not found
[2026-05-19T12:05:59Z] 5C161JEA304304  re-apply tcp:4566 FAILED
[2026-05-19T12:06:14Z] 5C161JEA304304  missing tcp:8080 — re-applying
adb: device '5C161JEA304304' not found
[2026-05-19T12:06:14Z] 5C161JEA304304  re-apply tcp:8080 FAILED
[2026-05-19T12:06:14Z] 5C161JEA304304  missing tcp:8081 — re-applying
adb: device '5C161JEA304304' not found
[2026-05-19T12:06:14Z] 5C161JEA304304  re-apply tcp:8081 FAILED
[2026-05-19T12:06:14Z] 5C161JEA304304  missing tcp:4566 — re-applying
adb: device '5C161JEA304304' not found
[2026-05-19T12:06:14Z] 5C161JEA304304  re-apply tcp:4566 FAILED
[2026-05-19T12:06:29Z] 5C161JEA304304  missing tcp:8080 — re-applying
adb: device '5C161JEA304304' not found
[2026-05-19T12:06:29Z] 5C161JEA304304  re-apply tcp:8080 FAILED
[2026-05-19T12:06:29Z] 5C161JEA304304  missing tcp:8081 — re-applying
adb: device '5C161JEA304304' not found
[2026-05-19T12:06:29Z] 5C161JEA304304  re-apply tcp:8081 FAILED
[2026-05-19T12:06:29Z] 5C161JEA304304  missing tcp:4566 — re-applying
adb: device '5C161JEA304304' not found
[2026-05-19T12:06:29Z] 5C161JEA304304  re-apply tcp:4566 FAILED
[2026-05-19T12:06:44Z] 5C161JEA304304  missing tcp:8080 — re-applying
adb: device '5C161JEA304304' not found
[2026-05-19T12:06:44Z] 5C161JEA304304  re-apply tcp:8080 FAILED
[2026-05-19T12:06:44Z] 5C161JEA304304  missing tcp:8081 — re-applying
adb: device '5C161JEA304304' not found
[2026-05-19T12:06:44Z] 5C161JEA304304  re-apply tcp:8081 FAILED
[2026-05-19T12:06:44Z] 5C161JEA304304  missing tcp:4566 — re-applying
adb: device '5C161JEA304304' not found
[2026-05-19T12:06:44Z] 5C161JEA304304  re-apply tcp:4566 FAILED
[2026-05-19T12:06:59Z] 5C161JEA304304  missing tcp:8080 — re-applying
adb: device '5C161JEA304304' not found
[2026-05-19T12:06:59Z] 5C161JEA304304  re-apply tcp:8080 FAILED
[2026-05-19T12:06:59Z] 5C161JEA304304  missing tcp:8081 — re-applying
adb: device '5C161JEA304304' not found
[2026-05-19T12:06:59Z] 5C161JEA304304  re-apply tcp:8081 FAILED
[2026-05-19T12:06:59Z] 5C161JEA304304  missing tcp:4566 — re-applying
adb: device '5C161JEA304304' not found
[2026-05-19T12:06:59Z] 5C161JEA304304  re-apply tcp:4566 FAILED
[2026-05-19T12:07:14Z] 5C161JEA304304  missing tcp:8080 — re-applying
adb: device '5C161JEA304304' not found
[2026-05-19T12:07:14Z] 5C161JEA304304  re-apply tcp:8080 FAILED
[2026-05-19T12:07:14Z] 5C161JEA304304  missing tcp:8081 — re-applying
adb: device '5C161JEA304304' not found
[2026-05-19T12:07:14Z] 5C161JEA304304  re-apply tcp:8081 FAILED
[2026-05-19T12:07:14Z] 5C161JEA304304  missing tcp:4566 — re-applying
adb: device '5C161JEA304304' not found
[2026-05-19T12:07:14Z] 5C161JEA304304  re-apply tcp:4566 FAILED
[2026-05-19T12:07:29Z] 5C161JEA304304  missing tcp:8080 — re-applying
adb: device '5C161JEA304304' not found
[2026-05-19T12:07:29Z] 5C161JEA304304  re-apply tcp:8080 FAILED
[2026-05-19T12:07:29Z] 5C161JEA304304  missing tcp:8081 — re-applying
adb: device '5C161JEA304304' not found
[2026-05-19T12:07:29Z] 5C161JEA304304  re-apply tcp:8081 FAILED
[2026-05-19T12:07:29Z] 5C161JEA304304  missing tcp:4566 — re-applying
adb: device '5C161JEA304304' not found
[2026-05-19T12:07:29Z] 5C161JEA304304  re-apply tcp:4566 FAILED
[2026-05-19T12:07:45Z] 5C161JEA304304  missing tcp:8080 — re-applying
adb: device '5C161JEA304304' not found
[2026-05-19T12:07:45Z] 5C161JEA304304  re-apply tcp:8080 FAILED
[2026-05-19T12:07:45Z] 5C161JEA304304  missing tcp:8081 — re-applying
adb: device '5C161JEA304304' not found
[2026-05-19T12:07:45Z] 5C161JEA304304  re-apply tcp:8081 FAILED
[2026-05-19T12:07:45Z] 5C161JEA304304  missing tcp:4566 — re-applying
adb: device '5C161JEA304304' not found
[2026-05-19T12:07:45Z] 5C161JEA304304  re-apply tcp:4566 FAILED
[2026-05-19T12:08:00Z] 5C161JEA304304  missing tcp:8080 — re-applying
adb: device '5C161JEA304304' not found
[2026-05-19T12:08:00Z] 5C161JEA304304  re-apply tcp:8080 FAILED
[2026-05-19T12:08:00Z] 5C161JEA304304  missing tcp:8081 — re-applying
adb: device '5C161JEA304304' not found
[2026-05-19T12:08:00Z] 5C161JEA304304  re-apply tcp:8081 FAILED
[2026-05-19T12:08:00Z] 5C161JEA304304  missing tcp:4566 — re-applying
adb: device '5C161JEA304304' not found
[2026-05-19T12:08:00Z] 5C161JEA304304  re-apply tcp:4566 FAILED
[2026-05-19T12:08:15Z] 5C161JEA304304  missing tcp:8080 — re-applying
adb: device '5C161JEA304304' not found
[2026-05-19T12:08:15Z] 5C161JEA304304  re-apply tcp:8080 FAILED
[2026-05-19T12:08:15Z] 5C161JEA304304  missing tcp:8081 — re-applying
adb: device '5C161JEA304304' not found
[2026-05-19T12:08:15Z] 5C161JEA304304  re-apply tcp:8081 FAILED
[2026-05-19T12:08:15Z] 5C161JEA304304  missing tcp:4566 — re-applying
adb: device '5C161JEA304304' not found
[2026-05-19T12:08:15Z] 5C161JEA304304  re-apply tcp:4566 FAILED
[2026-05-19T12:08:30Z] 5C161JEA304304  missing tcp:8080 — re-applying
adb: device '5C161JEA304304' not found
[2026-05-19T12:08:30Z] 5C161JEA304304  re-apply tcp:8080 FAILED
[2026-05-19T12:08:30Z] 5C161JEA304304  missing tcp:8081 — re-applying
adb: device '5C161JEA304304' not found
[2026-05-19T12:08:30Z] 5C161JEA304304  re-apply tcp:8081 FAILED
[2026-05-19T12:08:30Z] 5C161JEA304304  missing tcp:4566 — re-applying
adb: device '5C161JEA304304' not found
[2026-05-19T12:08:30Z] 5C161JEA304304  re-apply tcp:4566 FAILED
[2026-05-19T12:08:45Z] 5C161JEA304304  missing tcp:8080 — re-applying
adb: device '5C161JEA304304' not found
[2026-05-19T12:08:45Z] 5C161JEA304304  re-apply tcp:8080 FAILED
[2026-05-19T12:08:45Z] 5C161JEA304304  missing tcp:8081 — re-applying
adb: device '5C161JEA304304' not found
[2026-05-19T12:08:45Z] 5C161JEA304304  re-apply tcp:8081 FAILED
[2026-05-19T12:08:45Z] 5C161JEA304304  missing tcp:4566 — re-applying
adb: device '5C161JEA304304' not found
[2026-05-19T12:08:45Z] 5C161JEA304304  re-apply tcp:4566 FAILED
[2026-05-19T12:09:00Z] 5C161JEA304304  missing tcp:8080 — re-applying
adb: device '5C161JEA304304' not found
[2026-05-19T12:09:00Z] 5C161JEA304304  re-apply tcp:8080 FAILED
[2026-05-19T12:09:00Z] 5C161JEA304304  missing tcp:8081 — re-applying
adb: device '5C161JEA304304' not found
[2026-05-19T12:09:00Z] 5C161JEA304304  re-apply tcp:8081 FAILED
[2026-05-19T12:09:00Z] 5C161JEA304304  missing tcp:4566 — re-applying
adb: device '5C161JEA304304' not found
[2026-05-19T12:09:00Z] 5C161JEA304304  re-apply tcp:4566 FAILED
[2026-05-19T12:09:15Z] 5C161JEA304304  missing tcp:8080 — re-applying
adb: device '5C161JEA304304' not found
[2026-05-19T12:09:15Z] 5C161JEA304304  re-apply tcp:8080 FAILED
[2026-05-19T12:09:15Z] 5C161JEA304304  missing tcp:8081 — re-applying
adb: device '5C161JEA304304' not found
[2026-05-19T12:09:15Z] 5C161JEA304304  re-apply tcp:8081 FAILED
[2026-05-19T12:09:15Z] 5C161JEA304304  missing tcp:4566 — re-applying
adb: device '5C161JEA304304' not found
[2026-05-19T12:09:15Z] 5C161JEA304304  re-apply tcp:4566 FAILED
[2026-05-19T12:09:30Z] 5C161JEA304304  missing tcp:8080 — re-applying
adb: device '5C161JEA304304' not found
[2026-05-19T12:09:30Z] 5C161JEA304304  re-apply tcp:8080 FAILED
[2026-05-19T12:09:30Z] 5C161JEA304304  missing tcp:8081 — re-applying
adb: device '5C161JEA304304' not found
[2026-05-19T12:09:30Z] 5C161JEA304304  re-apply tcp:8081 FAILED
[2026-05-19T12:09:30Z] 5C161JEA304304  missing tcp:4566 — re-applying
adb: device '5C161JEA304304' not found
[2026-05-19T12:09:30Z] 5C161JEA304304  re-apply tcp:4566 FAILED
